"mechanism_id","source_clause_id","mechanism_family","jurisdiction_scope","normalized_mechanism","negative_condition","final_predicate_count","planned_first_predicate_id","planned_last_predicate_id","independent_condition_summary","decision_basis","count_decision","review_status"
"US-CM-000216","US-AM-ATOM-000001","F5","UNITED-STATES/CONGRESS/RIGHTS/RELIGION/ESTABLISHMENT","The Constitution establishes this prohibition, right-protection, or negative constraint: Congress shall make no law respecting an establishment of religion","An action or effect contrary to the source-defined prohibition, protected right, or negative constraint is not constitutionally established under this mechanism.","1","US-CP-000421","US-CP-000421","single source-bounded independently testable condition represented by the frozen mechanism","Count adjudicated from the frozen mechanism's independently testable source-bounded conditions; structural cues were used only as review aids. No case law, external doctrine, ORYNTH mapping, correspondence grade, or proof binding was introduced.","FINAL","ADJUDICATED-PRE-GENERATION"
"US-CM-000217","US-AM-ATOM-000002","F5","UNITED-STATES/CONGRESS/RIGHTS/RELIGION/FREE-EXERCISE","The Constitution establishes this prohibition, right-protection, or negative constraint: or prohibiting the free exercise thereof","An action or effect contrary to the source-defined prohibition, protected right, or negative constraint is not constitutionally established under this mechanism.","1","US-CP-000422","US-CP-000422","single source-bounded independently testable condition represented by the frozen mechanism","Count adjudicated from the frozen mechanism's independently testable source-bounded conditions; structural cues were used only as review aids. No case law, external doctrine, ORYNTH mapping, correspondence grade, or proof binding was introduced.","FINAL","ADJUDICATED-PRE-GENERATION"
"US-CM-000218","US-AM-ATOM-000003","F5","UNITED-STATES/CONGRESS/RIGHTS/SPEECH","The Constitution establishes this prohibition, right-protection, or negative constraint: or abridging the freedom of speech","An action or effect contrary to the source-defined prohibition, protected right, or negative constraint is not constitutionally established under this mechanism.","1","US-CP-000423","US-CP-000423","single source-bounded independently testable condition represented by the frozen mechanism","Count adjudicated from the frozen mechanism's independently testable source-bounded conditions; structural cues were used only as review aids. No case law, external doctrine, ORYNTH mapping, correspondence grade, or proof binding was introduced.","FINAL","ADJUDICATED-PRE-GENERATION"
"US-CM-000219","US-AM-ATOM-000004","F5","UNITED-STATES/CONGRESS/RIGHTS/PRESS","The Constitution establishes this prohibition, right-protection, or negative constraint: or of the press","An action or effect contrary to the source-defined prohibition, protected right, or negative constraint is not constitutionally established under this mechanism.","1","US-CP-000424","US-CP-000424","single source-bounded independently testable condition represented by the frozen mechanism","Count adjudicated from the frozen mechanism's independently testable source-bounded conditions; structural cues were used only as review aids. No case law, external doctrine, ORYNTH mapping, correspondence grade, or proof binding was introduced.","FINAL","ADJUDICATED-PRE-GENERATION"
"US-CM-000220","US-AM-ATOM-000005","F5","UNITED-STATES/CONGRESS/RIGHTS/ASSEMBLY","The Constitution establishes this prohibition, right-protection, or negative constraint: or the right of the people peaceably to assemble","An action or effect contrary to the source-defined prohibition, protected right, or negative constraint is not constitutionally established under this mechanism.","1","US-CP-000425","US-CP-000425","single source-bounded independently testable condition represented by the frozen mechanism","Count adjudicated from the frozen mechanism's independently testable source-bounded conditions; structural cues were used only as review aids. No case law, external doctrine, ORYNTH mapping, correspondence grade, or proof binding was introduced.","FINAL","ADJUDICATED-PRE-GENERATION"
"US-CM-000221","US-AM-ATOM-000006","F5","UNITED-STATES/CONGRESS/RIGHTS/PETITION","The Constitution establishes this prohibition, right-protection, or negative constraint: and to petition the Government for a redress of grievances.","An action or effect contrary to the source-defined prohibition, protected right, or negative constraint is not constitutionally established under this mechanism.","1","US-CP-000426","US-CP-000426","single source-bounded independently testable condition represented by the frozen mechanism","Count adjudicated from the frozen mechanism's independently testable source-bounded conditions; structural cues were used only as review aids. No case law, external doctrine, ORYNTH mapping, correspondence grade, or proof binding was introduced.","FINAL","ADJUDICATED-PRE-GENERATION"
"US-CM-000222","US-AM-ATOM-000007","F5","UNITED-STATES/RIGHTS/KEEP-BEAR-ARMS","The Constitution establishes this prohibition, right-protection, or negative constraint: A well regulated Militia, being necessary to the security of a free State, the right of the people to keep and bear Arms, shall not be infringed.","An action or effect contrary to the source-defined prohibition, protected right, or negative constraint is not constitutionally established under this mechanism.","1","US-CP-000427","US-CP-000427","single source-bounded independently testable condition represented by the frozen mechanism","Count adjudicated from the frozen mechanism's independently testable source-bounded conditions; structural cues were used only as review aids. No case law, external doctrine, ORYNTH mapping, correspondence grade, or proof binding was introduced.","FINAL","ADJUDICATED-PRE-GENERATION"
"US-CM-000223","US-AM-ATOM-000008","F5","UNITED-STATES/SOLDIER-QUARTERING/PEACE","The Constitution establishes this prohibition, right-protection, or negative constraint: No Soldier shall, in time of peace be quartered in any house, without the consent of the Owner","An action or effect contrary to the source-defined prohibition, protected right, or negative constraint is not constitutionally established under this mechanism.","3","US-CP-000428","US-CP-000430","peace-time trigger; quartering-in-house condition; owner-consent condition","Count adjudicated from the frozen mechanism's independently testable source-bounded conditions; structural cues were used only as review aids. No case law, external doctrine, ORYNTH mapping, correspondence grade, or proof binding was introduced.","FINAL","ADJUDICATED-PRE-GENERATION"
"US-CM-000224","US-AM-ATOM-000009","F5","UNITED-STATES/SOLDIER-QUARTERING/WAR","The Constitution establishes this prohibition, right-protection, or negative constraint: nor in time of war, but in a manner to be prescribed by law.","An action or effect contrary to the source-defined prohibition, protected right, or negative constraint is not constitutionally established under this mechanism.","2","US-CP-000431","US-CP-000432","war-time trigger; quartering only in a manner prescribed by law","Count adjudicated from the frozen mechanism's independently testable source-bounded conditions; structural cues were used only as review aids. No case law, external doctrine, ORYNTH mapping, correspondence grade, or proof binding was introduced.","FINAL","ADJUDICATED-PRE-GENERATION"
"US-CM-000225","US-AM-ATOM-000010","F5","UNITED-STATES/SEARCH-SEIZURE/UNREASONABLE","The Constitution establishes this prohibition, right-protection, or negative constraint: The right of the people to be secure in their persons, houses, papers, and effects, against unreasonable searches and seizures, shall not be violated","An action or effect contrary to the source-defined prohibition, protected right, or negative constraint is not constitutionally established under this mechanism.","1","US-CP-000433","US-CP-000433","single source-bounded independently testable condition represented by the frozen mechanism","Count adjudicated from the frozen mechanism's independently testable source-bounded conditions; structural cues were used only as review aids. No case law, external doctrine, ORYNTH mapping, correspondence grade, or proof binding was introduced.","FINAL","ADJUDICATED-PRE-GENERATION"
"US-CM-000226","US-AM-ATOM-000011","F5","UNITED-STATES/WARRANTS/ISSUANCE-CONDITIONS","The Constitution establishes this prohibition, right-protection, or negative constraint: and no Warrants shall issue, but upon probable cause, supported by Oath or affirmation, and particularly describing the place to be searched, and the persons or things to be seized.","An action or effect contrary to the source-defined prohibition, protected right, or negative constraint is not constitutionally established under this mechanism.","4","US-CP-000434","US-CP-000437","probable-cause condition; oath-or-affirmation support; particular place description; particular persons-or-things description","Count adjudicated from the frozen mechanism's independently testable source-bounded conditions; structural cues were used only as review aids. No case law, external doctrine, ORYNTH mapping, correspondence grade, or proof binding was introduced.","FINAL","ADJUDICATED-PRE-GENERATION"
"US-CM-000227","US-AM-ATOM-000012","F5","UNITED-STATES/CRIMINAL/GRAND-JURY","The Constitution establishes this prohibition, right-protection, or negative constraint: No person shall be held to answer for a capital, or otherwise infamous crime, unless on a presentment or indictment of a Grand Jury, except in cases arising in the land or naval forces, or in the Militia, when in actual service in time of War or public danger","An action or effect contrary to the source-defined prohibition, protected right, or negative constraint is not constitutionally established under this mechanism.","3","US-CP-000438","US-CP-000440","covered capital-or-infamous charge; grand-jury presentment-or-indictment requirement; source-stated military-service exception","Count adjudicated from the frozen mechanism's independently testable source-bounded conditions; structural cues were used only as review aids. No case law, external doctrine, ORYNTH mapping, correspondence grade, or proof binding was introduced.","FINAL","ADJUDICATED-PRE-GENERATION"
"US-CM-000228","US-AM-ATOM-000013","F5","UNITED-STATES/CRIMINAL/DOUBLE-JEOPARDY","The Constitution establishes this prohibition, right-protection, or negative constraint: nor shall any person be subject for the same offence to be twice put in jeopardy of life or limb","An action or effect contrary to the source-defined prohibition, protected right, or negative constraint is not constitutionally established under this mechanism.","2","US-CP-000441","US-CP-000442","same-offence identity condition; second-jeopardy prohibition","Count adjudicated from the frozen mechanism's independently testable source-bounded conditions; structural cues were used only as review aids. No case law, external doctrine, ORYNTH mapping, correspondence grade, or proof binding was introduced.","FINAL","ADJUDICATED-PRE-GENERATION"
"US-CM-000229","US-AM-ATOM-000014","F5","UNITED-STATES/CRIMINAL/SELF-INCRIMINATION","The Constitution establishes this prohibition, right-protection, or negative constraint: nor shall be compelled in any criminal case to be a witness against himself,","An action or effect contrary to the source-defined prohibition, protected right, or negative constraint is not constitutionally established under this mechanism.","2","US-CP-000443","US-CP-000444","criminal-case scope; compelled self-witness prohibition","Count adjudicated from the frozen mechanism's independently testable source-bounded conditions; structural cues were used only as review aids. No case law, external doctrine, ORYNTH mapping, correspondence grade, or proof binding was introduced.","FINAL","ADJUDICATED-PRE-GENERATION"
"US-CM-000230","US-AM-ATOM-000015","F5","UNITED-STATES/DUE-PROCESS/LIFE-LIBERTY-PROPERTY","The Constitution establishes this prohibition, right-protection, or negative constraint: nor be deprived of life, liberty, or property, without due process of law","An action or effect contrary to the source-defined prohibition, protected right, or negative constraint is not constitutionally established under this mechanism.","2","US-CP-000445","US-CP-000446","deprivation of life/liberty/property; due-process prerequisite","Count adjudicated from the frozen mechanism's independently testable source-bounded conditions; structural cues were used only as review aids. No case law, external doctrine, ORYNTH mapping, correspondence grade, or proof binding was introduced.","FINAL","ADJUDICATED-PRE-GENERATION"
"US-CM-000231","US-AM-ATOM-000016","F5","UNITED-STATES/TAKINGS/PUBLIC-USE/JUST-COMPENSATION","The Constitution establishes this prohibition, right-protection, or negative constraint: nor shall private property be taken for public use, without just compensation.","An action or effect contrary to the source-defined prohibition, protected right, or negative constraint is not constitutionally established under this mechanism.","2","US-CP-000447","US-CP-000448","public-use taking condition; just-compensation prerequisite","Count adjudicated from the frozen mechanism's independently testable source-bounded conditions; structural cues were used only as review aids. No case law, external doctrine, ORYNTH mapping, correspondence grade, or proof binding was introduced.","FINAL","ADJUDICATED-PRE-GENERATION"
"US-CM-000232","US-AM-ATOM-000017","F3","UNITED-STATES/CRIMINAL/TRIAL/SPEEDY-PUBLIC","The Constitution establishes this scoped power, duty, qualification, or procedural rule: In all criminal prosecutions, the accused shall enjoy the right to a speedy and public trial","The scoped power, duty, qualification, or procedure is not established outside the conditions and limits stated by this source.","3","US-CP-000449","US-CP-000451","criminal-prosecution scope; speedy-trial right; public-trial right","Count adjudicated from the frozen mechanism's independently testable source-bounded conditions; structural cues were used only as review aids. No case law, external doctrine, ORYNTH mapping, correspondence grade, or proof binding was introduced.","FINAL","ADJUDICATED-PRE-GENERATION"
"US-CM-000233","US-AM-ATOM-000018","F3","UNITED-STATES/CRIMINAL/JURY/VENUE","The Constitution establishes this scoped power, duty, qualification, or procedural rule: by an impartial jury of the State and district wherein the crime shall have been committed, which district shall have been previously ascertained by law","The scoped power, duty, qualification, or procedure is not established outside the conditions and limits stated by this source.","3","US-CP-000452","US-CP-000454","impartial-jury requirement; State-and-district venue requirement; district previously ascertained by law","Count adjudicated from the frozen mechanism's independently testable source-bounded conditions; structural cues were used only as review aids. No case law, external doctrine, ORYNTH mapping, correspondence grade, or proof binding was introduced.","FINAL","ADJUDICATED-PRE-GENERATION"
"US-CM-000234","US-AM-ATOM-000019","F3","UNITED-STATES/CRIMINAL/ACCUSATION/NOTICE","The Constitution establishes this scoped power, duty, qualification, or procedural rule: and to be informed of the nature and cause of the accusation","The scoped power, duty, qualification, or procedure is not established outside the conditions and limits stated by this source.","1","US-CP-000455","US-CP-000455","single source-bounded independently testable condition represented by the frozen mechanism","Count adjudicated from the frozen mechanism's independently testable source-bounded conditions; structural cues were used only as review aids. No case law, external doctrine, ORYNTH mapping, correspondence grade, or proof binding was introduced.","FINAL","ADJUDICATED-PRE-GENERATION"
"US-CM-000235","US-AM-ATOM-000020","F3","UNITED-STATES/CRIMINAL/WITNESS-CONFRONTATION","The Constitution establishes this scoped power, duty, qualification, or procedural rule: to be confronted with the witnesses against him","The scoped power, duty, qualification, or procedure is not established outside the conditions and limits stated by this source.","1","US-CP-000456","US-CP-000456","single source-bounded independently testable condition represented by the frozen mechanism","Count adjudicated from the frozen mechanism's independently testable source-bounded conditions; structural cues were used only as review aids. No case law, external doctrine, ORYNTH mapping, correspondence grade, or proof binding was introduced.","FINAL","ADJUDICATED-PRE-GENERATION"
"US-CM-000236","US-AM-ATOM-000021","F3","UNITED-STATES/CRIMINAL/COMPULSORY-PROCESS","The Constitution establishes this scoped power, duty, qualification, or procedural rule: to have compulsory process for obtaining witnesses in his favor","The scoped power, duty, qualification, or procedure is not established outside the conditions and limits stated by this source.","1","US-CP-000457","US-CP-000457","single source-bounded independently testable condition represented by the frozen mechanism","Count adjudicated from the frozen mechanism's independently testable source-bounded conditions; structural cues were used only as review aids. No case law, external doctrine, ORYNTH mapping, correspondence grade, or proof binding was introduced.","FINAL","ADJUDICATED-PRE-GENERATION"
"US-CM-000237","US-AM-ATOM-000022","F3","UNITED-STATES/CRIMINAL/ASSISTANCE-OF-COUNSEL","The Constitution establishes this scoped power, duty, qualification, or procedural rule: and to have the Assistance of Counsel for his defence.","The scoped power, duty, qualification, or procedure is not established outside the conditions and limits stated by this source.","1","US-CP-000458","US-CP-000458","single source-bounded independently testable condition represented by the frozen mechanism","Count adjudicated from the frozen mechanism's independently testable source-bounded conditions; structural cues were used only as review aids. No case law, external doctrine, ORYNTH mapping, correspondence grade, or proof binding was introduced.","FINAL","ADJUDICATED-PRE-GENERATION"
"US-CM-000238","US-AM-ATOM-000023","F3","UNITED-STATES/CIVIL/JURY-TRIAL","The Constitution establishes this scoped power, duty, qualification, or procedural rule: In Suits at common law, where the value in controversy shall exceed twenty dollars, the right of trial by jury shall be preserved","The scoped power, duty, qualification, or procedure is not established outside the conditions and limits stated by this source.","3","US-CP-000459","US-CP-000461","common-law suit scope; value-in-controversy threshold; jury-trial preservation","Count adjudicated from the frozen mechanism's independently testable source-bounded conditions; structural cues were used only as review aids. No case law, external doctrine, ORYNTH mapping, correspondence grade, or proof binding was introduced.","FINAL","ADJUDICATED-PRE-GENERATION"
"US-CM-000239","US-AM-ATOM-000024","F5","UNITED-STATES/CIVIL/JURY-FACT-REEXAMINATION","The Constitution establishes this prohibition, right-protection, or negative constraint: and no fact tried by a jury, shall be otherwise re-examined in any Court of the United States, than according to the rules of the common law.","An action or effect contrary to the source-defined prohibition, protected right, or negative constraint is not constitutionally established under this mechanism.","3","US-CP-000462","US-CP-000464","fact previously tried by jury; re-examination in a United States court; re-examination according to common-law rules","Count adjudicated from the frozen mechanism's independently testable source-bounded conditions; structural cues were used only as review aids. No case law, external doctrine, ORYNTH mapping, correspondence grade, or proof binding was introduced.","FINAL","ADJUDICATED-PRE-GENERATION"
"US-CM-000240","US-AM-ATOM-000025","F5","UNITED-STATES/BAIL/EXCESSIVE","The Constitution establishes this prohibition, right-protection, or negative constraint: Excessive bail shall not be required","An action or effect contrary to the source-defined prohibition, protected right, or negative constraint is not constitutionally established under this mechanism.","1","US-CP-000465","US-CP-000465","single source-bounded independently testable condition represented by the frozen mechanism","Count adjudicated from the frozen mechanism's independently testable source-bounded conditions; structural cues were used only as review aids. No case law, external doctrine, ORYNTH mapping, correspondence grade, or proof binding was introduced.","FINAL","ADJUDICATED-PRE-GENERATION"
"US-CM-000241","US-AM-ATOM-000026","F5","UNITED-STATES/FINES/EXCESSIVE","The Constitution establishes this prohibition, right-protection, or negative constraint: nor excessive fines imposed","An action or effect contrary to the source-defined prohibition, protected right, or negative constraint is not constitutionally established under this mechanism.","1","US-CP-000466","US-CP-000466","single source-bounded independently testable condition represented by the frozen mechanism","Count adjudicated from the frozen mechanism's independently testable source-bounded conditions; structural cues were used only as review aids. No case law, external doctrine, ORYNTH mapping, correspondence grade, or proof binding was introduced.","FINAL","ADJUDICATED-PRE-GENERATION"
"US-CM-000242","US-AM-ATOM-000027","F5","UNITED-STATES/PUNISHMENT/CRUEL-UNUSUAL","The Constitution establishes this prohibition, right-protection, or negative constraint: nor cruel and unusual punishments inflicted.","An action or effect contrary to the source-defined prohibition, protected right, or negative constraint is not constitutionally established under this mechanism.","1","US-CP-000467","US-CP-000467","single source-bounded independently testable condition represented by the frozen mechanism","Count adjudicated from the frozen mechanism's independently testable source-bounded conditions; structural cues were used only as review aids. No case law, external doctrine, ORYNTH mapping, correspondence grade, or proof binding was introduced.","FINAL","ADJUDICATED-PRE-GENERATION"
"US-CM-000243","US-AM-ATOM-000028","F5","UNITED-STATES/RIGHTS/UNENUMERATED","The Constitution establishes this prohibition, right-protection, or negative constraint: The enumeration in the Constitution, of certain rights, shall not be construed to deny or disparage others retained by the people.","An action or effect contrary to the source-defined prohibition, protected right, or negative constraint is not constitutionally established under this mechanism.","1","US-CP-000468","US-CP-000468","single source-bounded independently testable condition represented by the frozen mechanism","Count adjudicated from the frozen mechanism's independently testable source-bounded conditions; structural cues were used only as review aids. No case law, external doctrine, ORYNTH mapping, correspondence grade, or proof binding was introduced.","FINAL","ADJUDICATED-PRE-GENERATION"
"US-CM-000244","US-AM-ATOM-000029","F6","UNITED-STATES/FEDERALISM/RESERVED-POWERS","The Constitution establishes this jurisdictional, federalism, status, or allocation boundary: The powers not delegated to the United States by the Constitution, nor prohibited by it to the States, are reserved to the States respectively, or to the people.","The constitutional effect is not established outside the source-defined jurisdiction, status, allocation, or federalism boundary.","3","US-CP-000469","US-CP-000471","power not delegated to United States; power not prohibited to States; reservation to States respectively or the people","Count adjudicated from the frozen mechanism's independently testable source-bounded conditions; structural cues were used only as review aids. No case law, external doctrine, ORYNTH mapping, correspondence grade, or proof binding was introduced.","FINAL","ADJUDICATED-PRE-GENERATION"
"US-CM-000245","US-AM-ATOM-000030","F6","UNITED-STATES/JUDICIAL-POWER/STATE-SOVEREIGNTY","The Constitution establishes this jurisdictional, federalism, status, or allocation boundary: The Judicial power of the United States shall not be construed to extend to any suit in law or equity, commenced or prosecuted against one of the United States by Citizens of another State, or by Citizens or Subjects of any Foreign State.","The constitutional effect is not established outside the source-defined jurisdiction, status, allocation, or federalism boundary.","2","US-CP-000472","US-CP-000473","covered suit against a State; plaintiff class is citizen of another State or citizen/subject of foreign state","Count adjudicated from the frozen mechanism's independently testable source-bounded conditions; structural cues were used only as review aids. No case law, external doctrine, ORYNTH mapping, correspondence grade, or proof binding was introduced.","FINAL","ADJUDICATED-PRE-GENERATION"
"US-CM-000246","US-AM-ATOM-000031","F3","UNITED-STATES/PRESIDENTIAL-ELECTION/ELECTORS/MEETING-VOTING","The Constitution establishes this scoped procedural rule: Electors shall meet in their respective states and vote by ballot for President and Vice-President.","The elector meeting and voting procedure is not established outside the source-defined actors, offices, ballot method, and respective-state setting.","3","US-CP-000474","US-CP-000476","electors meet in respective States; voting by ballot; vote covers President and Vice-President","Count adjudicated from the frozen mechanism's independently testable source-bounded conditions; structural cues were used only as review aids. No case law, external doctrine, ORYNTH mapping, correspondence grade, or proof binding was introduced.","FINAL","ADJUDICATED-PRE-GENERATION"
"US-CM-000247","US-AM-ATOM-000031","F5","UNITED-STATES/PRESIDENTIAL-ELECTION/ELECTORS/MEETING-VOTING","The Constitution establishes this negative constraint: at least one of the persons voted for as President and Vice-President shall not be an inhabitant of the same state as the electors.","An elector slate is not constitutionally established under this mechanism if both persons voted for are inhabitants of the same state as the electors.","1","US-CP-000477","US-CP-000477","single source-bounded independently testable condition represented by the frozen mechanism","Count adjudicated from the frozen mechanism's independently testable source-bounded conditions; structural cues were used only as review aids. No case law, external doctrine, ORYNTH mapping, correspondence grade, or proof binding was introduced.","FINAL","ADJUDICATED-PRE-GENERATION"
"US-CM-000248","US-AM-ATOM-000032","F3","UNITED-STATES/PRESIDENTIAL-ELECTION/ELECTORS/DISTINCT-BALLOTS","The Constitution establishes this scoped power, duty, qualification, or procedural rule: they shall name in their ballots the person voted for as President, and in distinct ballots the person voted for as Vice-President","The scoped power, duty, qualification, or procedure is not established outside the conditions and limits stated by this source.","2","US-CP-000478","US-CP-000479","President choice named on ballot; Vice-President choice named on a distinct ballot","Count adjudicated from the frozen mechanism's independently testable source-bounded conditions; structural cues were used only as review aids. No case law, external doctrine, ORYNTH mapping, correspondence grade, or proof binding was introduced.","FINAL","ADJUDICATED-PRE-GENERATION"
"US-CM-000249","US-AM-ATOM-000033","F3","UNITED-STATES/PRESIDENTIAL-ELECTION/ELECTORS/VOTE-LISTS","The Constitution establishes this scoped power, duty, qualification, or procedural rule: and they shall make distinct lists of all persons voted for as President, and of all persons voted for as Vice-President, and of the number of votes for each","The scoped power, duty, qualification, or procedure is not established outside the conditions and limits stated by this source.","3","US-CP-000480","US-CP-000482","distinct President list; distinct Vice-President list; number of votes recorded for each","Count adjudicated from the frozen mechanism's independently testable source-bounded conditions; structural cues were used only as review aids. No case law, external doctrine, ORYNTH mapping, correspondence grade, or proof binding was introduced.","FINAL","ADJUDICATED-PRE-GENERATION"
"US-CM-000250","US-AM-ATOM-000034","F3","UNITED-STATES/PRESIDENTIAL-ELECTION/ELECTORS/CERTIFICATION-TRANSMISSION","The Constitution establishes this scoped power, duty, qualification, or procedural rule: which lists they shall sign and certify, and transmit sealed to the seat of the government of the United States, directed to the President of the Senate","The scoped power, duty, qualification, or procedure is not established outside the conditions and limits stated by this source.","4","US-CP-000483","US-CP-000486","lists signed; lists certified; lists transmitted sealed to seat of government; transmission directed to President of Senate","Count adjudicated from the frozen mechanism's independently testable source-bounded conditions; structural cues were used only as review aids. No case law, external doctrine, ORYNTH mapping, correspondence grade, or proof binding was introduced.","FINAL","ADJUDICATED-PRE-GENERATION"
"US-CM-000251","US-AM-ATOM-000035","F3","UNITED-STATES/PRESIDENTIAL-ELECTION/CERTIFICATES/OPENING","The Constitution establishes this scoped power, duty, qualification, or procedural rule: -- the President of the Senate shall, in the presence of the Senate and House of Representatives, open all the certificates","The scoped power, duty, qualification, or procedure is not established outside the conditions and limits stated by this source.","3","US-CP-000487","US-CP-000489","President of Senate as opening actor; Senate and House presence; all certificates opened","Count adjudicated from the frozen mechanism's independently testable source-bounded conditions; structural cues were used only as review aids. No case law, external doctrine, ORYNTH mapping, correspondence grade, or proof binding was introduced.","FINAL","ADJUDICATED-PRE-GENERATION"
"US-CM-000252","US-AM-ATOM-000036","F3","UNITED-STATES/PRESIDENTIAL-ELECTION/VOTE-COUNT","The Constitution establishes this scoped power, duty, qualification, or procedural rule: and the votes shall then be counted","The scoped power, duty, qualification, or procedure is not established outside the conditions and limits stated by this source.","1","US-CP-000490","US-CP-000490","single source-bounded independently testable condition represented by the frozen mechanism","Count adjudicated from the frozen mechanism's independently testable source-bounded conditions; structural cues were used only as review aids. No case law, external doctrine, ORYNTH mapping, correspondence grade, or proof binding was introduced.","FINAL","ADJUDICATED-PRE-GENERATION"
"US-CM-000253","US-AM-ATOM-000037","F4","UNITED-STATES/PRESIDENTIAL-ELECTION/PRESIDENT/MAJORITY-SELECTION","The Constitution establishes this concurrence, quorum, majority, or threshold rule: -- The person having the greatest number of votes for President, shall be the President, if such number be a majority of the whole number of Electors appointed","The constitutional effect is not established unless the source-defined concurrence, quorum, majority, or threshold condition is satisfied.","2","US-CP-000491","US-CP-000492","greatest-number condition; majority-of-whole-electors threshold","Count adjudicated from the frozen mechanism's independently testable source-bounded conditions; structural cues were used only as review aids. No case law, external doctrine, ORYNTH mapping, correspondence grade, or proof binding was introduced.","FINAL","ADJUDICATED-PRE-GENERATION"
"US-CM-000254","US-AM-ATOM-000038","F3","UNITED-STATES/PRESIDENTIAL-ELECTION/HOUSE/CONTINGENT-SELECTION","The Constitution establishes this scoped power, duty, qualification, or procedural rule: and if no person have such majority, then from the persons having the highest numbers not exceeding three on the list of those voted for as President, the House of Representatives shall choose immediately, by ballot, the President","The scoped power, duty, qualification, or procedure is not established outside the conditions and limits stated by this source.","4","US-CP-000493","US-CP-000496","no-majority trigger; candidate pool limited to highest numbers not exceeding three; House selection; immediate ballot procedure","Count adjudicated from the frozen mechanism's independently testable source-bounded conditions; structural cues were used only as review aids. No case law, external doctrine, ORYNTH mapping, correspondence grade, or proof binding was introduced.","FINAL","ADJUDICATED-PRE-GENERATION"
"US-CM-000255","US-AM-ATOM-000039","F4","UNITED-STATES/PRESIDENTIAL-ELECTION/HOUSE/STATE-VOTING","The Constitution establishes this concurrence, quorum, majority, or threshold rule: But in choosing the President, the votes shall be taken by states, the representation from each state having one vote","The constitutional effect is not established unless the source-defined concurrence, quorum, majority, or threshold condition is satisfied.","2","US-CP-000497","US-CP-000498","votes taken by States; each State representation has one vote","Count adjudicated from the frozen mechanism's independently testable source-bounded conditions; structural cues were used only as review aids. No case law, external doctrine, ORYNTH mapping, correspondence grade, or proof binding was introduced.","FINAL","ADJUDICATED-PRE-GENERATION"
"US-CM-000256","US-AM-ATOM-000040","F4","UNITED-STATES/PRESIDENTIAL-ELECTION/HOUSE/QUORUM","The Constitution establishes this concurrence, quorum, majority, or threshold rule: a quorum for this purpose shall consist of a member or members from two-thirds of the states","The constitutional effect is not established unless the source-defined concurrence, quorum, majority, or threshold condition is satisfied.","1","US-CP-000499","US-CP-000499","single source-bounded independently testable condition represented by the frozen mechanism","Count adjudicated from the frozen mechanism's independently testable source-bounded conditions; structural cues were used only as review aids. No case law, external doctrine, ORYNTH mapping, correspondence grade, or proof binding was introduced.","FINAL","ADJUDICATED-PRE-GENERATION"
"US-CM-000257","US-AM-ATOM-000041","F4","UNITED-STATES/PRESIDENTIAL-ELECTION/HOUSE/CHOICE-THRESHOLD","The Constitution establishes this concurrence, quorum, majority, or threshold rule: and a majority of all the states shall be necessary to a choice","The constitutional effect is not established unless the source-defined concurrence, quorum, majority, or threshold condition is satisfied.","1","US-CP-000500","US-CP-000500","single source-bounded independently testable condition represented by the frozen mechanism","Count adjudicated from the frozen mechanism's independently testable source-bounded conditions; structural cues were used only as review aids. No case law, external doctrine, ORYNTH mapping, correspondence grade, or proof binding was introduced.","FINAL","ADJUDICATED-PRE-GENERATION"
"US-CM-000258","US-AM-ATOM-000042","F3","UNITED-STATES/PRESIDENTIAL-ELECTION/HOUSE/FAILURE-TO-CHOOSE/TRANSITION","The Constitution establishes this scoped power, duty, qualification, or procedural rule: [And if the House of Representatives shall not choose a President whenever the right of choice shall devolve upon them, before the fourth day of March next following, then the Vice-President shall act as President, as in the case of the death or other constitutional disability of the President. --]*","The scoped power, duty, qualification, or procedure is not established outside the conditions and limits stated by this source.","3","US-CP-000501","US-CP-000503","House failure-to-choose trigger after right devolves; source deadline; Vice-President acting-President consequence","Count adjudicated from the frozen mechanism's independently testable source-bounded conditions; structural cues were used only as review aids. No case law, external doctrine, ORYNTH mapping, correspondence grade, or proof binding was introduced.","FINAL","ADJUDICATED-PRE-GENERATION"
"US-CM-000259","US-AM-ATOM-000043","F4","UNITED-STATES/PRESIDENTIAL-ELECTION/VICE-PRESIDENT/MAJORITY-SELECTION","The Constitution establishes this concurrence, quorum, majority, or threshold rule: The person having the greatest number of votes as Vice-President, shall be the Vice-President, if such number be a majority of the whole number of Electors appointed","The constitutional effect is not established unless the source-defined concurrence, quorum, majority, or threshold condition is satisfied.","2","US-CP-000504","US-CP-000505","greatest-number condition; majority-of-whole-electors threshold","Count adjudicated from the frozen mechanism's independently testable source-bounded conditions; structural cues were used only as review aids. No case law, external doctrine, ORYNTH mapping, correspondence grade, or proof binding was introduced.","FINAL","ADJUDICATED-PRE-GENERATION"
"US-CM-000260","US-AM-ATOM-000044","F3","UNITED-STATES/PRESIDENTIAL-ELECTION/SENATE/CONTINGENT-SELECTION","The Constitution establishes this scoped selection procedure: if no person has a majority for Vice-President, the Senate shall choose the Vice-President from the two highest numbers on the list.","The Senate contingent-selection procedure is not established unless no person has the required majority and the selection is confined to the two highest numbers on the Vice-Presidential list.","3","US-CP-000506","US-CP-000508","no-majority trigger; Senate as selection actor; candidate pool limited to two highest","Count adjudicated from the frozen mechanism's independently testable source-bounded conditions; structural cues were used only as review aids. No case law, external doctrine, ORYNTH mapping, correspondence grade, or proof binding was introduced.","FINAL","ADJUDICATED-PRE-GENERATION"
"US-CM-000261","US-AM-ATOM-000044","F4","UNITED-STATES/PRESIDENTIAL-ELECTION/SENATE/CONTINGENT-SELECTION","The Constitution establishes this quorum rule: a quorum for the Senate's contingent choice of Vice-President shall consist of two-thirds of the whole number of Senators.","The Senate contingent Vice-Presidential choice is not established under this quorum mechanism when fewer than two-thirds of the whole number of Senators constitute the quorum.","1","US-CP-000509","US-CP-000509","single source-bounded independently testable condition represented by the frozen mechanism","Count adjudicated from the frozen mechanism's independently testable source-bounded conditions; structural cues were used only as review aids. No case law, external doctrine, ORYNTH mapping, correspondence grade, or proof binding was introduced.","FINAL","ADJUDICATED-PRE-GENERATION"
"US-CM-000262","US-AM-ATOM-000044","F4","UNITED-STATES/PRESIDENTIAL-ELECTION/SENATE/CONTINGENT-SELECTION","The Constitution establishes this concurrence threshold: a majority of the whole number of Senators is necessary to choose the Vice-President in the Senate contingent procedure.","The Senate contingent Vice-Presidential choice is not established under this threshold mechanism without a majority of the whole number of Senators.","1","US-CP-000510","US-CP-000510","single source-bounded independently testable condition represented by the frozen mechanism","Count adjudicated from the frozen mechanism's independently testable source-bounded conditions; structural cues were used only as review aids. No case law, external doctrine, ORYNTH mapping, correspondence grade, or proof binding was introduced.","FINAL","ADJUDICATED-PRE-GENERATION"
"US-CM-000263","US-AM-ATOM-000045","F3","UNITED-STATES/VICE-PRESIDENT/ELIGIBILITY","The Constitution establishes this scoped power, duty, qualification, or procedural rule: But no person constitutionally ineligible to the office of President shall be eligible to that of Vice-President of the United States.","The scoped power, duty, qualification, or procedure is not established outside the conditions and limits stated by this source.","1","US-CP-000511","US-CP-000511","single source-bounded independently testable condition represented by the frozen mechanism","Count adjudicated from the frozen mechanism's independently testable source-bounded conditions; structural cues were used only as review aids. No case law, external doctrine, ORYNTH mapping, correspondence grade, or proof binding was introduced.","FINAL","ADJUDICATED-PRE-GENERATION"
"US-CM-000264","US-AM-ATOM-000046","F5","UNITED-STATES/SLAVERY/PROHIBITION","The Constitution establishes this prohibition, right-protection, or negative constraint: Neither slavery","An action or effect contrary to the source-defined prohibition, protected right, or negative constraint is not constitutionally established under this mechanism.","1","US-CP-000512","US-CP-000512","single source-bounded independently testable condition represented by the frozen mechanism","Count adjudicated from the frozen mechanism's independently testable source-bounded conditions; structural cues were used only as review aids. No case law, external doctrine, ORYNTH mapping, correspondence grade, or proof binding was introduced.","FINAL","ADJUDICATED-PRE-GENERATION"
"US-CM-000265","US-AM-ATOM-000047","F5","UNITED-STATES/INVOLUNTARY-SERVITUDE/PROHIBITION-EXCEPTION","The Constitution establishes this prohibition, right-protection, or negative constraint: nor involuntary servitude, except as a punishment for crime whereof the party shall have been duly convicted, shall exist within the United States, or any place subject to their jurisdiction.","An action or effect contrary to the source-defined prohibition, protected right, or negative constraint is not constitutionally established under this mechanism.","3","US-CP-000513","US-CP-000515","involuntary-servitude prohibition; crime-punishment exception requires due conviction; United States/subject-jurisdiction territorial scope","Count adjudicated from the frozen mechanism's independently testable source-bounded conditions; structural cues were used only as review aids. No case law, external doctrine, ORYNTH mapping, correspondence grade, or proof binding was introduced.","FINAL","ADJUDICATED-PRE-GENERATION"
"US-CM-000266","US-AM-ATOM-000048","F3","UNITED-STATES/CONGRESS/AMENDMENT-13/ENFORCEMENT","The Constitution establishes this scoped power, duty, qualification, or procedural rule: Congress shall have power to enforce this article by appropriate legislation.","The scoped power, duty, qualification, or procedure is not established outside the conditions and limits stated by this source.","2","US-CP-000516","US-CP-000517","Congressional enforcement authority; appropriate-legislation limitation","Count adjudicated from the frozen mechanism's independently testable source-bounded conditions; structural cues were used only as review aids. No case law, external doctrine, ORYNTH mapping, correspondence grade, or proof binding was introduced.","FINAL","ADJUDICATED-PRE-GENERATION"
"US-CM-000267","US-AM-ATOM-000049","F6","UNITED-STATES/CITIZENSHIP/BIRTH-NATURALIZATION","The Constitution establishes this jurisdictional, federalism, status, or allocation boundary: All persons born or naturalized in the United States, and subject to the jurisdiction thereof, are citizens of the United States and of the State wherein they reside.","The constitutional effect is not established outside the source-defined jurisdiction, status, allocation, or federalism boundary.","4","US-CP-000518","US-CP-000521","birth-or-naturalization basis; United States locus; subject-to-jurisdiction condition; United States and resident-State citizenship consequence","Count adjudicated from the frozen mechanism's independently testable source-bounded conditions; structural cues were used only as review aids. No case law, external doctrine, ORYNTH mapping, correspondence grade, or proof binding was introduced.","FINAL","ADJUDICATED-PRE-GENERATION"
"US-CM-000268","US-AM-ATOM-000050","F5","UNITED-STATES/STATES/PRIVILEGES-IMMUNITIES","The Constitution establishes this prohibition, right-protection, or negative constraint: No State shall make or enforce any law which shall abridge the privileges or immunities of citizens of the United States","An action or effect contrary to the source-defined prohibition, protected right, or negative constraint is not constitutionally established under this mechanism.","2","US-CP-000522","US-CP-000523","State make-or-enforce-law actor condition; abridgment of privileges-or-immunities prohibition","Count adjudicated from the frozen mechanism's independently testable source-bounded conditions; structural cues were used only as review aids. No case law, external doctrine, ORYNTH mapping, correspondence grade, or proof binding was introduced.","FINAL","ADJUDICATED-PRE-GENERATION"
"US-CM-000269","US-AM-ATOM-000051","F5","UNITED-STATES/STATES/DUE-PROCESS","The Constitution establishes this prohibition, right-protection, or negative constraint: nor shall any State deprive any person of life, liberty, or property, without due process of law","An action or effect contrary to the source-defined prohibition, protected right, or negative constraint is not constitutionally established under this mechanism.","2","US-CP-000524","US-CP-000525","State deprivation of life/liberty/property; due-process prerequisite","Count adjudicated from the frozen mechanism's independently testable source-bounded conditions; structural cues were used only as review aids. No case law, external doctrine, ORYNTH mapping, correspondence grade, or proof binding was introduced.","FINAL","ADJUDICATED-PRE-GENERATION"
"US-CM-000270","US-AM-ATOM-000052","F5","UNITED-STATES/STATES/EQUAL-PROTECTION","The Constitution establishes this prohibition, right-protection, or negative constraint: nor deny to any person within its jurisdiction the equal protection of the laws.","An action or effect contrary to the source-defined prohibition, protected right, or negative constraint is not constitutionally established under this mechanism.","2","US-CP-000526","US-CP-000527","person within State jurisdiction; equal-protection non-denial","Count adjudicated from the frozen mechanism's independently testable source-bounded conditions; structural cues were used only as review aids. No case law, external doctrine, ORYNTH mapping, correspondence grade, or proof binding was introduced.","FINAL","ADJUDICATED-PRE-GENERATION"
"US-CM-000271","US-AM-ATOM-000053","F6","UNITED-STATES/STATES/REPRESENTATION/APPORTIONMENT","The Constitution establishes this jurisdictional, federalism, status, or allocation boundary: Representatives shall be apportioned among the several States according to their respective numbers, counting the whole number of persons in each State, excluding Indians not taxed.","The constitutional effect is not established outside the source-defined jurisdiction, status, allocation, or federalism boundary.","3","US-CP-000528","US-CP-000530","apportionment among States by respective numbers; whole-person count rule; source-stated exclusion","Count adjudicated from the frozen mechanism's independently testable source-bounded conditions; structural cues were used only as review aids. No case law, external doctrine, ORYNTH mapping, correspondence grade, or proof binding was introduced.","FINAL","ADJUDICATED-PRE-GENERATION"
"US-CM-000272","US-AM-ATOM-000054","F6","UNITED-STATES/STATES/REPRESENTATION/VOTING-ABRIDGMENT-REDUCTION","The Constitution establishes this jurisdictional, federalism, status, or allocation boundary: But when the right to vote at any election for the choice of electors for President and Vice-President of the United States, Representatives in Congress, the Executive and Judicial officers of a State, or the members of the Legislature thereof, is denied to any of the male inhabitants of such State, being twenty-one years of age,* and citizens of the United States, or in any way abridged, except for participation in rebellion, or other crime, the basis of representation therein shall be reduced in the proportion which the number of such male citizens shall bear to the whole number of male citizens twenty-one years of age in such State.","The constitutional effect is not established outside the source-defined jurisdiction, status, allocation, or federalism boundary.","5","US-CP-000531","US-CP-000535","covered voting denial-or-abridgment trigger; covered voter qualifications; source-stated rebellion/crime exception; representation-basis reduction; proportional reduction formula","Count adjudicated from the frozen mechanism's independently testable source-bounded conditions; structural cues were used only as review aids. No case law, external doctrine, ORYNTH mapping, correspondence grade, or proof binding was introduced.","FINAL","ADJUDICATED-PRE-GENERATION"
"US-CM-000273","US-AM-ATOM-000055","F5","UNITED-STATES/OFFICE/INSURRECTION-DISABILITY","The Constitution establishes this prohibition, right-protection, or negative constraint: No person shall be a Senator or Representative in Congress, or elector of President and Vice-President, or hold any office, civil or military, under the United States, or under any State, who, having previously taken an oath, as a member of Congress, or as an officer of the United States, or as a member of any State legislature, or as an executive or judicial officer of any State, to support the Constitution of the United States, shall have engaged in insurrection or rebellion against the same, or given aid or comfort to the enemies thereof.","An action or effect contrary to the source-defined prohibition, protected right, or negative constraint is not constitutionally established under this mechanism.","4","US-CP-000536","US-CP-000539","prior qualifying oath/status; covered office/elector target; insurrection-or-rebellion engagement or aid/comfort condition; resulting disqualification","Count adjudicated from the frozen mechanism's independently testable source-bounded conditions; structural cues were used only as review aids. No case law, external doctrine, ORYNTH mapping, correspondence grade, or proof binding was introduced.","FINAL","ADJUDICATED-PRE-GENERATION"
"US-CM-000274","US-AM-ATOM-000056","F4","UNITED-STATES/CONGRESS/INSURRECTION-DISABILITY/REMOVAL","The Constitution establishes this concurrence, quorum, majority, or threshold rule: But Congress may by a vote of two-thirds of each House, remove such disability.","The constitutional effect is not established unless the source-defined concurrence, quorum, majority, or threshold condition is satisfied.","2","US-CP-000540","US-CP-000541","Congress as removal actor; two-thirds vote of each House","Count adjudicated from the frozen mechanism's independently testable source-bounded conditions; structural cues were used only as review aids. No case law, external doctrine, ORYNTH mapping, correspondence grade, or proof binding was introduced.","FINAL","ADJUDICATED-PRE-GENERATION"
"US-CM-000275","US-AM-ATOM-000057","F5","UNITED-STATES/PUBLIC-DEBT/VALIDITY","The Constitution establishes this prohibition, right-protection, or negative constraint: The validity of the public debt of the United States, authorized by law, including debts incurred for payment of pensions and bounties for services in suppressing insurrection or rebellion, shall not be questioned.","An action or effect contrary to the source-defined prohibition, protected right, or negative constraint is not constitutionally established under this mechanism.","2","US-CP-000542","US-CP-000543","covered United States public debt authorized by law; validity shall not be questioned","Count adjudicated from the frozen mechanism's independently testable source-bounded conditions; structural cues were used only as review aids. No case law, external doctrine, ORYNTH mapping, correspondence grade, or proof binding was introduced.","FINAL","ADJUDICATED-PRE-GENERATION"
"US-CM-000276","US-AM-ATOM-000058","F5","UNITED-STATES/INSURRECTION-DEBT/PAYMENT-PROHIBITION","The Constitution establishes this prohibition, right-protection, or negative constraint: But neither the United States nor any State shall assume or pay any debt or obligation incurred in aid of insurrection or rebellion against the United States","An action or effect contrary to the source-defined prohibition, protected right, or negative constraint is not constitutionally established under this mechanism.","2","US-CP-000544","US-CP-000545","United States-or-State actor; debt/obligation incurred in aid of insurrection or rebellion may not be assumed or paid","Count adjudicated from the frozen mechanism's independently testable source-bounded conditions; structural cues were used only as review aids. No case law, external doctrine, ORYNTH mapping, correspondence grade, or proof binding was introduced.","FINAL","ADJUDICATED-PRE-GENERATION"
"US-CM-000277","US-AM-ATOM-000059","F5","UNITED-STATES/SLAVE-LOSS-CLAIMS/INVALIDITY","The Constitution establishes this prohibition, right-protection, or negative constraint: or any claim for the loss or emancipation of any slave; but all such debts, obligations and claims shall be held illegal and void.","An action or effect contrary to the source-defined prohibition, protected right, or negative constraint is not constitutionally established under this mechanism.","2","US-CP-000546","US-CP-000547","covered loss/emancipation claim; debts/obligations/claims held illegal and void","Count adjudicated from the frozen mechanism's independently testable source-bounded conditions; structural cues were used only as review aids. No case law, external doctrine, ORYNTH mapping, correspondence grade, or proof binding was introduced.","FINAL","ADJUDICATED-PRE-GENERATION"
"US-CM-000278","US-AM-ATOM-000060","F3","UNITED-STATES/CONGRESS/AMENDMENT-14/ENFORCEMENT","The Constitution establishes this scoped power, duty, qualification, or procedural rule: The Congress shall have power to enforce, by appropriate legislation, the provisions of this article.","The scoped power, duty, qualification, or procedure is not established outside the conditions and limits stated by this source.","2","US-CP-000548","US-CP-000549","Congressional enforcement authority; appropriate-legislation limitation","Count adjudicated from the frozen mechanism's independently testable source-bounded conditions; structural cues were used only as review aids. No case law, external doctrine, ORYNTH mapping, correspondence grade, or proof binding was introduced.","FINAL","ADJUDICATED-PRE-GENERATION"
"US-CM-000279","US-AM-ATOM-000061","F5","UNITED-STATES/VOTING/RACE-COLOR-SERVITUDE","The Constitution establishes this prohibition, right-protection, or negative constraint: The right of citizens of the United States to vote shall not be denied or abridged by the United States or by any State on account of race, color, or previous condition of servitude--","An action or effect contrary to the source-defined prohibition, protected right, or negative constraint is not constitutionally established under this mechanism.","3","US-CP-000550","US-CP-000552","citizen voting right; United States-or-State actor; race/color/previous-servitude prohibited basis","Count adjudicated from the frozen mechanism's independently testable source-bounded conditions; structural cues were used only as review aids. No case law, external doctrine, ORYNTH mapping, correspondence grade, or proof binding was introduced.","FINAL","ADJUDICATED-PRE-GENERATION"
"US-CM-000280","US-AM-ATOM-000062","F3","UNITED-STATES/CONGRESS/AMENDMENT-15/ENFORCEMENT","The Constitution establishes this scoped power, duty, qualification, or procedural rule: The Congress shall have power to enforce this article by appropriate legislation.","The scoped power, duty, qualification, or procedure is not established outside the conditions and limits stated by this source.","2","US-CP-000553","US-CP-000554","Congressional enforcement authority; appropriate-legislation limitation","Count adjudicated from the frozen mechanism's independently testable source-bounded conditions; structural cues were used only as review aids. No case law, external doctrine, ORYNTH mapping, correspondence grade, or proof binding was introduced.","FINAL","ADJUDICATED-PRE-GENERATION"
"US-CM-000281","US-AM-ATOM-000063","F3","UNITED-STATES/CONGRESS/INCOME-TAX","The Constitution establishes this scoped power, duty, qualification, or procedural rule: The Congress shall have power to lay and collect taxes on incomes, from whatever source derived, without apportionment among the several States, and without regard to any census or enumeration.","The scoped power, duty, qualification, or procedure is not established outside the conditions and limits stated by this source.","4","US-CP-000555","US-CP-000558","income-tax authority; income from whatever source; no apportionment requirement; no census/enumeration condition","Count adjudicated from the frozen mechanism's independently testable source-bounded conditions; structural cues were used only as review aids. No case law, external doctrine, ORYNTH mapping, correspondence grade, or proof binding was introduced.","FINAL","ADJUDICATED-PRE-GENERATION"
"US-CM-000282","US-AM-ATOM-000064","F2","UNITED-STATES/SENATE/STATE-REPRESENTATION","The Constitution establishes this institutional structure or separation rule: The Senate of the United States shall be composed of two Senators from each State","Institutional structure or allocation is not established where the source-defined composition, separation, or role boundary is not satisfied.","2","US-CP-000559","US-CP-000560","Senate composition by States; two Senators per State","Count adjudicated from the frozen mechanism's independently testable source-bounded conditions; structural cues were used only as review aids. No case law, external doctrine, ORYNTH mapping, correspondence grade, or proof binding was introduced.","FINAL","ADJUDICATED-PRE-GENERATION"
"US-CM-000283","US-AM-ATOM-000065","F1","UNITED-STATES/SENATE/POPULAR-ELECTION","The Constitution establishes this authority, succession, or office-transition rule: elected by the people thereof","Authority, succession, or office effect is not established outside the actor, trigger, scope, or transition stated by this source.","1","US-CP-000561","US-CP-000561","single source-bounded independently testable condition represented by the frozen mechanism","Count adjudicated from the frozen mechanism's independently testable source-bounded conditions; structural cues were used only as review aids. No case law, external doctrine, ORYNTH mapping, correspondence grade, or proof binding was introduced.","FINAL","ADJUDICATED-PRE-GENERATION"
"US-CM-000284","US-AM-ATOM-000066","F3","UNITED-STATES/SENATE/TERM","The Constitution establishes this scoped power, duty, qualification, or procedural rule: for six years","The scoped power, duty, qualification, or procedure is not established outside the conditions and limits stated by this source.","1","US-CP-000562","US-CP-000562","single source-bounded independently testable condition represented by the frozen mechanism","Count adjudicated from the frozen mechanism's independently testable source-bounded conditions; structural cues were used only as review aids. No case law, external doctrine, ORYNTH mapping, correspondence grade, or proof binding was introduced.","FINAL","ADJUDICATED-PRE-GENERATION"
"US-CM-000285","US-AM-ATOM-000067","F2","UNITED-STATES/SENATE/MEMBER-VOTE","The Constitution establishes this institutional structure or separation rule: and each Senator shall have one vote","Institutional structure or allocation is not established where the source-defined composition, separation, or role boundary is not satisfied.","1","US-CP-000563","US-CP-000563","single source-bounded independently testable condition represented by the frozen mechanism","Count adjudicated from the frozen mechanism's independently testable source-bounded conditions; structural cues were used only as review aids. No case law, external doctrine, ORYNTH mapping, correspondence grade, or proof binding was introduced.","FINAL","ADJUDICATED-PRE-GENERATION"
"US-CM-000286","US-AM-ATOM-000068","F3","UNITED-STATES/SENATE/ELECTOR-QUALIFICATIONS","The Constitution establishes this scoped power, duty, qualification, or procedural rule: The electors in each State shall have the qualifications requisite for electors of the most numerous branch of the State legislatures.","The scoped power, duty, qualification, or procedure is not established outside the conditions and limits stated by this source.","2","US-CP-000564","US-CP-000565","State elector population; qualifications tied to most numerous branch of State legislature","Count adjudicated from the frozen mechanism's independently testable source-bounded conditions; structural cues were used only as review aids. No case law, external doctrine, ORYNTH mapping, correspondence grade, or proof binding was introduced.","FINAL","ADJUDICATED-PRE-GENERATION"
"US-CM-000287","US-AM-ATOM-000069","F1","UNITED-STATES/SENATE/VACANCIES/ELECTION-WRITS","The Constitution establishes this authority, succession, or office-transition rule: When vacancies happen in the representation of any State in the Senate, the executive authority of such State shall issue writs of election to fill such vacancies","Authority, succession, or office effect is not established outside the actor, trigger, scope, or transition stated by this source.","3","US-CP-000566","US-CP-000568","Senate-vacancy trigger; State executive as actor; writ-of-election duty","Count adjudicated from the frozen mechanism's independently testable source-bounded conditions; structural cues were used only as review aids. No case law, external doctrine, ORYNTH mapping, correspondence grade, or proof binding was introduced.","FINAL","ADJUDICATED-PRE-GENERATION"
"US-CM-000288","US-AM-ATOM-000070","F3","UNITED-STATES/SENATE/VACANCIES/TEMPORARY-APPOINTMENTS","The Constitution establishes this scoped power, duty, qualification, or procedural rule: Provided, That the legislature of any State may empower the executive thereof to make temporary appointments until the people fill the vacancies by election as the legislature may direct.","The scoped power, duty, qualification, or procedure is not established outside the conditions and limits stated by this source.","4","US-CP-000569","US-CP-000572","State legislature empowerment; executive temporary-appointment authority; temporary duration until popular election; election conducted as legislature directs","Count adjudicated from the frozen mechanism's independently testable source-bounded conditions; structural cues were used only as review aids. No case law, external doctrine, ORYNTH mapping, correspondence grade, or proof binding was introduced.","FINAL","ADJUDICATED-PRE-GENERATION"
"US-CM-000289","US-AM-ATOM-000071","F7","UNITED-STATES/SENATE/AMENDMENT-17/TRANSITION","The Constitution establishes this controlled constitutional transition, effectiveness, repeal, or temporal rule: This amendment shall not be so construed as to affect the election or term of any Senator chosen before it becomes valid as part of the Constitution.","The constitutional transition, effectiveness, repeal, or temporal effect is not established outside the source-defined trigger, timing, or transition condition.","2","US-CP-000573","US-CP-000574","pre-validity Senator election/term status; amendment non-effect on that election or term","Count adjudicated from the frozen mechanism's independently testable source-bounded conditions; structural cues were used only as review aids. No case law, external doctrine, ORYNTH mapping, correspondence grade, or proof binding was introduced.","FINAL","ADJUDICATED-PRE-GENERATION"
"US-CM-000290","US-AM-ATOM-000072|US-AM-ATOM-000073|US-AM-ATOM-000074|US-AM-ATOM-000075|US-AM-ATOM-000076","F5","UNITED-STATES/INTOXICATING-LIQUOR/PROHIBITED-OPERATIONS","The Constitution establishes this prohibition: after one year from ratification, the manufacture, sale, or transportation of intoxicating liquors within, and the importation into or exportation from, the United States and territory subject to its jurisdiction for beverage purposes is prohibited.","The prohibited-operation effect is not established outside the source-defined one-year effectiveness trigger, intoxicating-liquor subject, beverage-purpose limitation, enumerated operations, and territorial scope.","4","US-CP-000575","US-CP-000578","one-year-after-ratification trigger; covered liquor operations; covered United States/territory jurisdiction; beverage-purpose limitation","Count adjudicated from the frozen mechanism's independently testable source-bounded conditions; structural cues were used only as review aids. No case law, external doctrine, ORYNTH mapping, correspondence grade, or proof binding was introduced.","FINAL","ADJUDICATED-PRE-GENERATION"
"US-CM-000291","US-AM-ATOM-000077","F3","UNITED-STATES/FEDERAL-STATE/AMENDMENT-18/ENFORCEMENT","The Constitution establishes this scoped power, duty, qualification, or procedural rule: The Congress and the several States shall have concurrent power to enforce this article by appropriate legislation.","The scoped power, duty, qualification, or procedure is not established outside the conditions and limits stated by this source.","3","US-CP-000579","US-CP-000581","Congress and several States as concurrent actors; enforcement of article; appropriate-legislation limitation","Count adjudicated from the frozen mechanism's independently testable source-bounded conditions; structural cues were used only as review aids. No case law, external doctrine, ORYNTH mapping, correspondence grade, or proof binding was introduced.","FINAL","ADJUDICATED-PRE-GENERATION"
"US-CM-000292","US-AM-ATOM-000078","F7","UNITED-STATES/CONSTITUTION/AMENDMENT-18/RATIFICATION-TIME-LIMIT","The Constitution establishes this controlled constitutional transition, effectiveness, repeal, or temporal rule: This article shall be inoperative unless it shall have been ratified as an amendment to the Constitution by the legislatures of the several States, as provided in the Constitution, within seven years from the date of the submission hereof to the States by the Congress.","The constitutional transition, effectiveness, repeal, or temporal effect is not established outside the source-defined trigger, timing, or transition condition.","4","US-CP-000582","US-CP-000585","inoperative-unless-ratified condition; State-legislature ratification mode; constitutional ratification framework; seven-year deadline from submission","Count adjudicated from the frozen mechanism's independently testable source-bounded conditions; structural cues were used only as review aids. No case law, external doctrine, ORYNTH mapping, correspondence grade, or proof binding was introduced.","FINAL","ADJUDICATED-PRE-GENERATION"
"US-CM-000293","US-AM-ATOM-000079","F5","UNITED-STATES/VOTING/SEX","The Constitution establishes this prohibition, right-protection, or negative constraint: The right of citizens of the United States to vote shall not be denied or abridged by the United States or by any State on account of sex.","An action or effect contrary to the source-defined prohibition, protected right, or negative constraint is not constitutionally established under this mechanism.","3","US-CP-000586","US-CP-000588","citizen voting right; United States-or-State actor; sex prohibited basis","Count adjudicated from the frozen mechanism's independently testable source-bounded conditions; structural cues were used only as review aids. No case law, external doctrine, ORYNTH mapping, correspondence grade, or proof binding was introduced.","FINAL","ADJUDICATED-PRE-GENERATION"
"US-CM-000294","US-AM-ATOM-000080","F3","UNITED-STATES/CONGRESS/AMENDMENT-19/ENFORCEMENT","The Constitution establishes this scoped power, duty, qualification, or procedural rule: Congress shall have power to enforce this article by appropriate legislation.","The scoped power, duty, qualification, or procedure is not established outside the conditions and limits stated by this source.","2","US-CP-000589","US-CP-000590","Congressional enforcement authority; appropriate-legislation limitation","Count adjudicated from the frozen mechanism's independently testable source-bounded conditions; structural cues were used only as review aids. No case law, external doctrine, ORYNTH mapping, correspondence grade, or proof binding was introduced.","FINAL","ADJUDICATED-PRE-GENERATION"
"US-CM-000295","US-AM-ATOM-000081","F7","UNITED-STATES/PRESIDENCY/TERM-END","The Constitution establishes this controlled constitutional transition, effectiveness, repeal, or temporal rule: The terms of the President and Vice President shall end at noon on the 20th day of January","The constitutional transition, effectiveness, repeal, or temporal effect is not established outside the source-defined trigger, timing, or transition condition.","2","US-CP-000591","US-CP-000592","President-and-Vice-President term endpoint; noon on January 20 temporal boundary","Count adjudicated from the frozen mechanism's independently testable source-bounded conditions; structural cues were used only as review aids. No case law, external doctrine, ORYNTH mapping, correspondence grade, or proof binding was introduced.","FINAL","ADJUDICATED-PRE-GENERATION"
"US-CM-000296","US-AM-ATOM-000082","F7","UNITED-STATES/CONGRESS/TERM-END","The Constitution establishes this controlled constitutional transition, effectiveness, repeal, or temporal rule: and the terms of Senators and Representatives at noon on the 3d day of January, of the years in which such terms would have ended if this article had not been ratified","The constitutional transition, effectiveness, repeal, or temporal effect is not established outside the source-defined trigger, timing, or transition condition.","3","US-CP-000593","US-CP-000595","Senator-and-Representative term endpoint; noon on January 3; applies in years terms otherwise would have ended","Count adjudicated from the frozen mechanism's independently testable source-bounded conditions; structural cues were used only as review aids. No case law, external doctrine, ORYNTH mapping, correspondence grade, or proof binding was introduced.","FINAL","ADJUDICATED-PRE-GENERATION"
"US-CM-000297","US-AM-ATOM-000083","F7","UNITED-STATES/FEDERAL-OFFICE/SUCCESSOR-TERM-BEGIN","The Constitution establishes this controlled constitutional transition, effectiveness, repeal, or temporal rule: and the terms of their successors shall then begin.","The constitutional transition, effectiveness, repeal, or temporal effect is not established outside the source-defined trigger, timing, or transition condition.","1","US-CP-000596","US-CP-000596","single source-bounded independently testable condition represented by the frozen mechanism","Count adjudicated from the frozen mechanism's independently testable source-bounded conditions; structural cues were used only as review aids. No case law, external doctrine, ORYNTH mapping, correspondence grade, or proof binding was introduced.","FINAL","ADJUDICATED-PRE-GENERATION"
"US-CM-000298","US-AM-ATOM-000084","F3","UNITED-STATES/CONGRESS/ANNUAL-ASSEMBLY","The Constitution establishes this scoped power, duty, qualification, or procedural rule: The Congress shall assemble at least once in every year","The scoped power, duty, qualification, or procedure is not established outside the conditions and limits stated by this source.","2","US-CP-000597","US-CP-000598","Congress assembly duty; at-least-once-each-year frequency","Count adjudicated from the frozen mechanism's independently testable source-bounded conditions; structural cues were used only as review aids. No case law, external doctrine, ORYNTH mapping, correspondence grade, or proof binding was introduced.","FINAL","ADJUDICATED-PRE-GENERATION"
"US-CM-000299","US-AM-ATOM-000085","F3","UNITED-STATES/CONGRESS/ASSEMBLY-DATE","The Constitution establishes this scoped power, duty, qualification, or procedural rule: and such meeting shall begin at noon on the 3d day of January, unless they shall by law appoint a different day.","The scoped power, duty, qualification, or procedure is not established outside the conditions and limits stated by this source.","3","US-CP-000599","US-CP-000601","default meeting time noon January 3; Congress may set different day by law; statutory exception controls departure from default","Count adjudicated from the frozen mechanism's independently testable source-bounded conditions; structural cues were used only as review aids. No case law, external doctrine, ORYNTH mapping, correspondence grade, or proof binding was introduced.","FINAL","ADJUDICATED-PRE-GENERATION"
"US-CM-000300","US-AM-ATOM-000086","F1","UNITED-STATES/PRESIDENCY/SUCCESSION/PRESIDENT-ELECT-DEATH","The Constitution establishes this authority, succession, or office-transition rule: If, at the time fixed for the beginning of the term of the President, the President elect shall have died, the Vice President elect shall become President","Authority, succession, or office effect is not established outside the actor, trigger, scope, or transition stated by this source.","3","US-CP-000602","US-CP-000604","President-elect death trigger at term start; Vice-President-elect identity; succession to President","Count adjudicated from the frozen mechanism's independently testable source-bounded conditions; structural cues were used only as review aids. No case law, external doctrine, ORYNTH mapping, correspondence grade, or proof binding was introduced.","FINAL","ADJUDICATED-PRE-GENERATION"
"US-CM-000301","US-AM-ATOM-000087","F1","UNITED-STATES/PRESIDENCY/SUCCESSION/PRESIDENT-ELECT-NOT-QUALIFIED","The Constitution establishes this authority, succession, or office-transition rule: If a President shall not have been chosen before the time fixed for the beginning of his term, or if the President elect shall have failed to qualify, then the Vice President elect shall act as President until a President shall have qualified","Authority, succession, or office effect is not established outside the actor, trigger, scope, or transition stated by this source.","3","US-CP-000605","US-CP-000607","no-President-chosen or President-elect-failed-to-qualify trigger; Vice-President-elect acts as President; acting period lasts until President qualifies","Count adjudicated from the frozen mechanism's independently testable source-bounded conditions; structural cues were used only as review aids. No case law, external doctrine, ORYNTH mapping, correspondence grade, or proof binding was introduced.","FINAL","ADJUDICATED-PRE-GENERATION"
"US-CM-000302","US-AM-ATOM-000088","F3","UNITED-STATES/CONGRESS/PRESIDENTIAL-SUCCESSION/NEITHER-QUALIFIED","The Constitution establishes this scoped power, duty, qualification, or procedural rule: and the Congress may by law provide for the case wherein neither a President elect nor a Vice President elect shall have qualified, declaring who shall then act as President, or the manner in which one who is to act shall be selected","The scoped power, duty, qualification, or procedure is not established outside the conditions and limits stated by this source.","4","US-CP-000608","US-CP-000611","neither President-elect nor Vice-President-elect qualified trigger; Congress acts by law; law declares acting person or selection manner; acting-President arrangement","Count adjudicated from the frozen mechanism's independently testable source-bounded conditions; structural cues were used only as review aids. No case law, external doctrine, ORYNTH mapping, correspondence grade, or proof binding was introduced.","FINAL","ADJUDICATED-PRE-GENERATION"
"US-CM-000303","US-AM-ATOM-000089","F1","UNITED-STATES/PRESIDENCY/SUCCESSION/ACTING-PRESIDENT-DURATION","The Constitution establishes this authority, succession, or office-transition rule: and such person shall act accordingly until a President or Vice President shall have qualified.","Authority, succession, or office effect is not established outside the actor, trigger, scope, or transition stated by this source.","2","US-CP-000612","US-CP-000613","designated person acts accordingly; duration until President or Vice-President qualifies","Count adjudicated from the frozen mechanism's independently testable source-bounded conditions; structural cues were used only as review aids. No case law, external doctrine, ORYNTH mapping, correspondence grade, or proof binding was introduced.","FINAL","ADJUDICATED-PRE-GENERATION"
"US-CM-000304","US-AM-ATOM-000090","F3","UNITED-STATES/CONGRESS/CONTINGENT-PRESIDENT/DEATH-PROVISION","The Constitution establishes this scoped power, duty, qualification, or procedural rule: The Congress may by law provide for the case of the death of any of the persons from whom the House of Representatives may choose a President whenever the right of choice shall have devolved upon them","The scoped power, duty, qualification, or procedure is not established outside the conditions and limits stated by this source.","3","US-CP-000614","US-CP-000616","Congress acts by law; death in House contingent candidate pool; House right-of-choice has devolved","Count adjudicated from the frozen mechanism's independently testable source-bounded conditions; structural cues were used only as review aids. No case law, external doctrine, ORYNTH mapping, correspondence grade, or proof binding was introduced.","FINAL","ADJUDICATED-PRE-GENERATION"
"US-CM-000305","US-AM-ATOM-000091","F3","UNITED-STATES/CONGRESS/CONTINGENT-VICE-PRESIDENT/DEATH-PROVISION","The Constitution establishes this scoped power, duty, qualification, or procedural rule: and for the case of the death of any of the persons from whom the Senate may choose a Vice President whenever the right of choice shall have devolved upon them.","The scoped power, duty, qualification, or procedure is not established outside the conditions and limits stated by this source.","3","US-CP-000617","US-CP-000619","Congress acts by law; death in Senate contingent candidate pool; Senate right-of-choice has devolved","Count adjudicated from the frozen mechanism's independently testable source-bounded conditions; structural cues were used only as review aids. No case law, external doctrine, ORYNTH mapping, correspondence grade, or proof binding was introduced.","FINAL","ADJUDICATED-PRE-GENERATION"
"US-CM-000306","US-AM-ATOM-000092","F7","UNITED-STATES/AMENDMENT-20/EFFECTIVE-DATE","The Constitution establishes this controlled constitutional transition, effectiveness, repeal, or temporal rule: Sections 1 and 2 shall take effect on the 15th day of October following the ratification of this article.","The constitutional transition, effectiveness, repeal, or temporal effect is not established outside the source-defined trigger, timing, or transition condition.","2","US-CP-000620","US-CP-000621","Sections 1 and 2 as affected provisions; effect date is October 15 following ratification","Count adjudicated from the frozen mechanism's independently testable source-bounded conditions; structural cues were used only as review aids. No case law, external doctrine, ORYNTH mapping, correspondence grade, or proof binding was introduced.","FINAL","ADJUDICATED-PRE-GENERATION"
"US-CM-000307","US-AM-ATOM-000093","F7","UNITED-STATES/CONSTITUTION/AMENDMENT-20/RATIFICATION-TIME-LIMIT","The Constitution establishes this controlled constitutional transition, effectiveness, repeal, or temporal rule: This article shall be inoperative unless it shall have been ratified as an amendment to the Constitution by the legislatures of three-fourths of the several States within seven years from the date of its submission.","The constitutional transition, effectiveness, repeal, or temporal effect is not established outside the source-defined trigger, timing, or transition condition.","4","US-CP-000622","US-CP-000625","inoperative-unless-ratified condition; State-legislature mode; three-fourths threshold; seven-year deadline","Count adjudicated from the frozen mechanism's independently testable source-bounded conditions; structural cues were used only as review aids. No case law, external doctrine, ORYNTH mapping, correspondence grade, or proof binding was introduced.","FINAL","ADJUDICATED-PRE-GENERATION"
"US-CM-000308","US-AM-ATOM-000094","F7","UNITED-STATES/CONSTITUTION/AMENDMENT-18/REPEAL","The Constitution establishes this controlled constitutional transition, effectiveness, repeal, or temporal rule: The eighteenth article of amendment to the Constitution of the United States is hereby repealed.","The constitutional transition, effectiveness, repeal, or temporal effect is not established outside the source-defined trigger, timing, or transition condition.","1","US-CP-000626","US-CP-000626","single source-bounded independently testable condition represented by the frozen mechanism","Count adjudicated from the frozen mechanism's independently testable source-bounded conditions; structural cues were used only as review aids. No case law, external doctrine, ORYNTH mapping, correspondence grade, or proof binding was introduced.","FINAL","ADJUDICATED-PRE-GENERATION"
"US-CM-000309","US-AM-ATOM-000095","F5","UNITED-STATES/STATES/INTOXICATING-LIQUOR/STATE-LAW","The Constitution establishes this prohibition, right-protection, or negative constraint: The transportation or importation into any State, Territory, or possession of the United States for delivery or use therein of intoxicating liquors, in violation of the laws thereof, is hereby prohibited.","An action or effect contrary to the source-defined prohibition, protected right, or negative constraint is not constitutionally established under this mechanism.","4","US-CP-000627","US-CP-000630","transportation-or-importation operation; into covered State/Territory/possession; delivery-or-use purpose; violation of local law","Count adjudicated from the frozen mechanism's independently testable source-bounded conditions; structural cues were used only as review aids. No case law, external doctrine, ORYNTH mapping, correspondence grade, or proof binding was introduced.","FINAL","ADJUDICATED-PRE-GENERATION"
"US-CM-000310","US-AM-ATOM-000096","F7","UNITED-STATES/CONSTITUTION/AMENDMENT-21/RATIFICATION-TIME-LIMIT","The Constitution establishes this controlled constitutional transition, effectiveness, repeal, or temporal rule: This article shall be inoperative unless it shall have been ratified as an amendment to the Constitution by conventions in the several States, as provided in the Constitution, within seven years from the date of the submission hereof to the States by the Congress.","The constitutional transition, effectiveness, repeal, or temporal effect is not established outside the source-defined trigger, timing, or transition condition.","4","US-CP-000631","US-CP-000634","inoperative-unless-ratified condition; State-convention mode; constitutional ratification framework; seven-year deadline","Count adjudicated from the frozen mechanism's independently testable source-bounded conditions; structural cues were used only as review aids. No case law, external doctrine, ORYNTH mapping, correspondence grade, or proof binding was introduced.","FINAL","ADJUDICATED-PRE-GENERATION"
"US-CM-000311","US-AM-ATOM-000097","F5","UNITED-STATES/PRESIDENCY/ELECTION/TERM-LIMIT","The Constitution establishes this prohibition, right-protection, or negative constraint: No person shall be elected to the office of the President more than twice","An action or effect contrary to the source-defined prohibition, protected right, or negative constraint is not constitutionally established under this mechanism.","2","US-CP-000635","US-CP-000636","election to President scope; maximum two elections","Count adjudicated from the frozen mechanism's independently testable source-bounded conditions; structural cues were used only as review aids. No case law, external doctrine, ORYNTH mapping, correspondence grade, or proof binding was introduced.","FINAL","ADJUDICATED-PRE-GENERATION"
"US-CM-000312","US-AM-ATOM-000098","F5","UNITED-STATES/PRESIDENCY/ELECTION/PARTIAL-TERM-LIMIT","The Constitution establishes this prohibition, right-protection, or negative constraint: and no person who has held the office of President, or acted as President, for more than two years of a term to which some other person was elected President shall be elected to the office of the President more than once","An action or effect contrary to the source-defined prohibition, protected right, or negative constraint is not constitutionally established under this mechanism.","3","US-CP-000637","US-CP-000639","held-or-acted-as-President status; more-than-two-years threshold in another person's term; maximum one later election","Count adjudicated from the frozen mechanism's independently testable source-bounded conditions; structural cues were used only as review aids. No case law, external doctrine, ORYNTH mapping, correspondence grade, or proof binding was introduced.","FINAL","ADJUDICATED-PRE-GENERATION"
"US-CM-000313","US-AM-ATOM-000099","F7","UNITED-STATES/PRESIDENCY/TERM-LIMIT/PROPOSAL-TRANSITION","The Constitution establishes this controlled constitutional transition, effectiveness, repeal, or temporal rule: But this Article shall not apply to any person holding the office of President when this Article was proposed by the Congress","The constitutional transition, effectiveness, repeal, or temporal effect is not established outside the source-defined trigger, timing, or transition condition.","2","US-CP-000640","US-CP-000641","person holding Presidency when Article proposed; Article non-application to that person","Count adjudicated from the frozen mechanism's independently testable source-bounded conditions; structural cues were used only as review aids. No case law, external doctrine, ORYNTH mapping, correspondence grade, or proof binding was introduced.","FINAL","ADJUDICATED-PRE-GENERATION"
"US-CM-000314","US-AM-ATOM-000100","F7","UNITED-STATES/PRESIDENCY/TERM-LIMIT/OPERATIVE-TERM-TRANSITION","The Constitution establishes this controlled constitutional transition, effectiveness, repeal, or temporal rule: and shall not prevent any person who may be holding the office of President, or acting as President, during the term within which this Article becomes operative from holding the office of President or acting as President during the remainder of such term.","The constitutional transition, effectiveness, repeal, or temporal effect is not established outside the source-defined trigger, timing, or transition condition.","2","US-CP-000642","US-CP-000643","holding-or-acting during operative term; remainder-of-term service not prevented","Count adjudicated from the frozen mechanism's independently testable source-bounded conditions; structural cues were used only as review aids. No case law, external doctrine, ORYNTH mapping, correspondence grade, or proof binding was introduced.","FINAL","ADJUDICATED-PRE-GENERATION"
"US-CM-000315","US-AM-ATOM-000101","F7","UNITED-STATES/CONSTITUTION/AMENDMENT-22/RATIFICATION-TIME-LIMIT","The Constitution establishes this controlled constitutional transition, effectiveness, repeal, or temporal rule: This article shall be inoperative unless it shall have been ratified as an amendment to the Constitution by the legislatures of three-fourths of the several States within seven years from the date of its submission to the States by the Congress.","The constitutional transition, effectiveness, repeal, or temporal effect is not established outside the source-defined trigger, timing, or transition condition.","4","US-CP-000644","US-CP-000647","inoperative-unless-ratified condition; State-legislature mode; three-fourths threshold; seven-year deadline","Count adjudicated from the frozen mechanism's independently testable source-bounded conditions; structural cues were used only as review aids. No case law, external doctrine, ORYNTH mapping, correspondence grade, or proof binding was introduced.","FINAL","ADJUDICATED-PRE-GENERATION"
"US-CM-000316","US-AM-ATOM-000102","F1","UNITED-STATES/DISTRICT-OF-COLUMBIA/PRESIDENTIAL-ELECTORS/APPOINTMENT","The Constitution establishes this authority, succession, or office-transition rule: The District constituting the seat of Government of the United States shall appoint in such manner as the Congress may direct: A number of electors of President and Vice President equal to the whole number of Senators and Representatives in Congress to which the District would be entitled if it were a State, but in no event more than the least populous State","Authority, succession, or office effect is not established outside the actor, trigger, scope, or transition stated by this source.","5","US-CP-000648","US-CP-000652","District appoints presidential electors; appointment manner directed by Congress; elector number equals hypothetical congressional representation; cap at least-populous-State number; President/Vice-President electoral function","Count adjudicated from the frozen mechanism's independently testable source-bounded conditions; structural cues were used only as review aids. No case law, external doctrine, ORYNTH mapping, correspondence grade, or proof binding was introduced.","FINAL","ADJUDICATED-PRE-GENERATION"
"US-CM-000317","US-AM-ATOM-000103","F6","UNITED-STATES/DISTRICT-OF-COLUMBIA/PRESIDENTIAL-ELECTORS/STATUS","The Constitution establishes this jurisdictional, federalism, status, or allocation boundary: they shall be in addition to those appointed by the States, but they shall be considered, for the purposes of the election of President and Vice President, to be electors appointed by a State","The constitutional effect is not established outside the source-defined jurisdiction, status, allocation, or federalism boundary.","3","US-CP-000653","US-CP-000655","District electors additional to State electors; treated as State-appointed electors; treatment limited to presidential-election purposes","Count adjudicated from the frozen mechanism's independently testable source-bounded conditions; structural cues were used only as review aids. No case law, external doctrine, ORYNTH mapping, correspondence grade, or proof binding was introduced.","FINAL","ADJUDICATED-PRE-GENERATION"
"US-CM-000318","US-AM-ATOM-000104","F3","UNITED-STATES/DISTRICT-OF-COLUMBIA/PRESIDENTIAL-ELECTORS/DUTIES","The Constitution establishes this scoped power, duty, qualification, or procedural rule: and they shall meet in the District and perform such duties as provided by the twelfth article of amendment.","The scoped power, duty, qualification, or procedure is not established outside the conditions and limits stated by this source.","3","US-CP-000656","US-CP-000658","District electors meet in District; perform elector duties; duties follow Twelfth Amendment framework","Count adjudicated from the frozen mechanism's independently testable source-bounded conditions; structural cues were used only as review aids. No case law, external doctrine, ORYNTH mapping, correspondence grade, or proof binding was introduced.","FINAL","ADJUDICATED-PRE-GENERATION"
"US-CM-000319","US-AM-ATOM-000105","F3","UNITED-STATES/CONGRESS/AMENDMENT-23/ENFORCEMENT","The Constitution establishes this scoped power, duty, qualification, or procedural rule: The Congress shall have power to enforce this article by appropriate legislation.","The scoped power, duty, qualification, or procedure is not established outside the conditions and limits stated by this source.","2","US-CP-000659","US-CP-000660","Congressional enforcement authority; appropriate-legislation limitation","Count adjudicated from the frozen mechanism's independently testable source-bounded conditions; structural cues were used only as review aids. No case law, external doctrine, ORYNTH mapping, correspondence grade, or proof binding was introduced.","FINAL","ADJUDICATED-PRE-GENERATION"
"US-CM-000320","US-AM-ATOM-000106","F5","UNITED-STATES/VOTING/POLL-TAX","The Constitution establishes this prohibition, right-protection, or negative constraint: The right of citizens of the United States to vote in any primary or other election for President or Vice President, for electors for President or Vice President, or for Senator or Representative in Congress, shall not be denied or abridged by the United States or any State by reason of failure to pay any poll tax or other tax.","An action or effect contrary to the source-defined prohibition, protected right, or negative constraint is not constitutionally established under this mechanism.","4","US-CP-000661","US-CP-000664","citizen voting right in covered federal elections; United States-or-State actor; poll-tax-or-other-tax nonpayment basis; denial-or-abridgment prohibition","Count adjudicated from the frozen mechanism's independently testable source-bounded conditions; structural cues were used only as review aids. No case law, external doctrine, ORYNTH mapping, correspondence grade, or proof binding was introduced.","FINAL","ADJUDICATED-PRE-GENERATION"
"US-CM-000321","US-AM-ATOM-000107","F3","UNITED-STATES/CONGRESS/AMENDMENT-24/ENFORCEMENT","The Constitution establishes this scoped power, duty, qualification, or procedural rule: The Congress shall have power to enforce this article by appropriate legislation.","The scoped power, duty, qualification, or procedure is not established outside the conditions and limits stated by this source.","2","US-CP-000665","US-CP-000666","Congressional enforcement authority; appropriate-legislation limitation","Count adjudicated from the frozen mechanism's independently testable source-bounded conditions; structural cues were used only as review aids. No case law, external doctrine, ORYNTH mapping, correspondence grade, or proof binding was introduced.","FINAL","ADJUDICATED-PRE-GENERATION"
"US-CM-000322","US-AM-ATOM-000108","F1","UNITED-STATES/PRESIDENCY/SUCCESSION/REMOVAL-DEATH-RESIGNATION","The Constitution establishes this authority, succession, or office-transition rule: In case of the removal of the President from office or of his death or resignation, the Vice President shall become President.","Authority, succession, or office effect is not established outside the actor, trigger, scope, or transition stated by this source.","2","US-CP-000667","US-CP-000668","removal/death/resignation trigger; Vice President becomes President","Count adjudicated from the frozen mechanism's independently testable source-bounded conditions; structural cues were used only as review aids. No case law, external doctrine, ORYNTH mapping, correspondence grade, or proof binding was introduced.","FINAL","ADJUDICATED-PRE-GENERATION"
"US-CM-000323","US-AM-ATOM-000109","F1","UNITED-STATES/VICE-PRESIDENCY/VACANCY/NOMINATION","The Constitution establishes this authority, succession, or office-transition rule: Whenever there is a vacancy in the office of the Vice President, the President shall nominate a Vice President","Authority, succession, or office effect is not established outside the actor, trigger, scope, or transition stated by this source.","2","US-CP-000669","US-CP-000670","Vice-Presidency vacancy trigger; President nominates Vice President","Count adjudicated from the frozen mechanism's independently testable source-bounded conditions; structural cues were used only as review aids. No case law, external doctrine, ORYNTH mapping, correspondence grade, or proof binding was introduced.","FINAL","ADJUDICATED-PRE-GENERATION"
"US-CM-000324","US-AM-ATOM-000110","F4","UNITED-STATES/VICE-PRESIDENCY/VACANCY/CONFIRMATION","The Constitution establishes this concurrence, quorum, majority, or threshold rule: who shall take office upon confirmation by a majority vote of both Houses of Congress.","The constitutional effect is not established unless the source-defined concurrence, quorum, majority, or threshold condition is satisfied.","3","US-CP-000671","US-CP-000673","confirmation prerequisite; majority-vote threshold; both Houses must confirm before taking office","Count adjudicated from the frozen mechanism's independently testable source-bounded conditions; structural cues were used only as review aids. No case law, external doctrine, ORYNTH mapping, correspondence grade, or proof binding was introduced.","FINAL","ADJUDICATED-PRE-GENERATION"
"US-CM-000325","US-AM-ATOM-000111","F1","UNITED-STATES/PRESIDENCY/INABILITY/SELF-DECLARATION","The Constitution establishes this authority, succession, or office-transition rule: Whenever the President transmits to the President pro tempore of the Senate and the Speaker of the House of Representatives his written declaration that he is unable to discharge the powers and duties of his office, and until he transmits to them a written declaration to the contrary, such powers and duties shall be discharged by the Vice President as Acting President.","Authority, succession, or office effect is not established outside the actor, trigger, scope, or transition stated by this source.","5","US-CP-000674","US-CP-000678","President written declaration; specified congressional recipients; inability content; Vice President discharges powers as Acting President until contrary declaration","Count adjudicated from the frozen mechanism's independently testable source-bounded conditions; structural cues were used only as review aids. No case law, external doctrine, ORYNTH mapping, correspondence grade, or proof binding was introduced.","FINAL","ADJUDICATED-PRE-GENERATION"
"US-CM-000326","US-AM-ATOM-000112","F4","UNITED-STATES/PRESIDENCY/INABILITY/VICE-PRESIDENT-CABINET-DECLARATION","The Constitution establishes this concurrence, quorum, majority, or threshold rule: Whenever the Vice President and a majority of either the principal officers of the executive departments or of such other body as Congress may by law provide, transmit to the President pro tempore of the Senate and the Speaker of the House of Representatives their written declaration that the President is unable to discharge the powers and duties of his office, the Vice President shall immediately assume the powers and duties of the office as Acting President.","The constitutional effect is not established unless the source-defined concurrence, quorum, majority, or threshold condition is satisfied.","5","US-CP-000679","US-CP-000683","Vice President plus required majority; specified body source; written inability declaration to specified recipients; inability content; immediate Acting-President consequence","Count adjudicated from the frozen mechanism's independently testable source-bounded conditions; structural cues were used only as review aids. No case law, external doctrine, ORYNTH mapping, correspondence grade, or proof binding was introduced.","FINAL","ADJUDICATED-PRE-GENERATION"
"US-CM-000327","US-AM-ATOM-000113","F1","UNITED-STATES/PRESIDENCY/INABILITY/RESUMPTION-COUNTERDECLARATION","The Constitution establishes this office-authority transition rule: when the President transmits the specified written declaration that no inability exists, the President resumes the powers and duties of the office, subject to the source-defined counterdeclaration condition.","Presidential resumption is not established under this mechanism without the specified written declaration, recipients, and absence of the source-defined timely counterdeclaration.","3","US-CP-000684","US-CP-000686","President transmits no-inability declaration; President resumes powers and duties; resumption remains subject to source-defined counterdeclaration condition","Count adjudicated from the frozen mechanism's independently testable source-bounded conditions; structural cues were used only as review aids. No case law, external doctrine, ORYNTH mapping, correspondence grade, or proof binding was introduced.","FINAL","ADJUDICATED-PRE-GENERATION"
"US-CM-000328","US-AM-ATOM-000113","F4","UNITED-STATES/PRESIDENCY/INABILITY/RESUMPTION-COUNTERDECLARATION","The Constitution establishes this concurrence and timing rule: the Vice President and a majority of either the principal officers of the executive department or another body provided by Congress may transmit within four days the specified written declaration that the President is unable to discharge the powers and duties of the office.","The counterdeclaration effect is not established under this mechanism without the Vice President, the required majority body, the specified written declaration and recipients, and transmission within the four-day window.","4","US-CP-000687","US-CP-000690","Vice President plus required majority; authorized officer/body source; four-day deadline; written inability counterdeclaration","Count adjudicated from the frozen mechanism's independently testable source-bounded conditions; structural cues were used only as review aids. No case law, external doctrine, ORYNTH mapping, correspondence grade, or proof binding was introduced.","FINAL","ADJUDICATED-PRE-GENERATION"
"US-CM-000329","US-AM-ATOM-000114","F3","UNITED-STATES/CONGRESS/PRESIDENTIAL-INABILITY/DECISION","The Constitution establishes this scoped power, duty, qualification, or procedural rule: Thereupon Congress shall decide the issue","The scoped power, duty, qualification, or procedure is not established outside the conditions and limits stated by this source.","1","US-CP-000691","US-CP-000691","single source-bounded independently testable condition represented by the frozen mechanism","Count adjudicated from the frozen mechanism's independently testable source-bounded conditions; structural cues were used only as review aids. No case law, external doctrine, ORYNTH mapping, correspondence grade, or proof binding was introduced.","FINAL","ADJUDICATED-PRE-GENERATION"
"US-CM-000330","US-AM-ATOM-000115","F3","UNITED-STATES/CONGRESS/PRESIDENTIAL-INABILITY/ASSEMBLY-TIMING","The Constitution establishes this scoped power, duty, qualification, or procedural rule: assembling within forty-eight hours for that purpose if not in session","The scoped power, duty, qualification, or procedure is not established outside the conditions and limits stated by this source.","3","US-CP-000692","US-CP-000694","Congress not-in-session trigger; assembly duty; forty-eight-hour deadline","Count adjudicated from the frozen mechanism's independently testable source-bounded conditions; structural cues were used only as review aids. No case law, external doctrine, ORYNTH mapping, correspondence grade, or proof binding was introduced.","FINAL","ADJUDICATED-PRE-GENERATION"
"US-CM-000331","US-AM-ATOM-000116","F4","UNITED-STATES/CONGRESS/PRESIDENTIAL-INABILITY/TWO-THIRDS-DETERMINATION","The Constitution establishes this concurrence, quorum, majority, or threshold rule: If the Congress, within twenty-one days after receipt of the latter written declaration, or, if Congress is not in session, within twenty-one days after Congress is required to assemble, determines by two-thirds vote of both Houses that the President is unable to discharge the powers and duties of his office","The constitutional effect is not established unless the source-defined concurrence, quorum, majority, or threshold condition is satisfied.","4","US-CP-000695","US-CP-000698","applicable twenty-one-day decision window; Congress determines presidential inability; two-thirds vote of both Houses; alternate window anchor when Congress was not in session","Count adjudicated from the frozen mechanism's independently testable source-bounded conditions; structural cues were used only as review aids. No case law, external doctrine, ORYNTH mapping, correspondence grade, or proof binding was introduced.","FINAL","ADJUDICATED-PRE-GENERATION"
"US-CM-000332","US-AM-ATOM-000117","F1","UNITED-STATES/PRESIDENCY/INABILITY/ACTING-PRESIDENT-CONTINUATION","The Constitution establishes this authority, succession, or office-transition rule: the Vice President shall continue to discharge the same as Acting President","Authority, succession, or office effect is not established outside the actor, trigger, scope, or transition stated by this source.","1","US-CP-000699","US-CP-000699","single source-bounded independently testable condition represented by the frozen mechanism","Count adjudicated from the frozen mechanism's independently testable source-bounded conditions; structural cues were used only as review aids. No case law, external doctrine, ORYNTH mapping, correspondence grade, or proof binding was introduced.","FINAL","ADJUDICATED-PRE-GENERATION"
"US-CM-000333","US-AM-ATOM-000118","F1","UNITED-STATES/PRESIDENCY/INABILITY/PRESIDENTIAL-RESUMPTION","The Constitution establishes this authority, succession, or office-transition rule: otherwise, the President shall resume the powers and duties of his office.","Authority, succession, or office effect is not established outside the actor, trigger, scope, or transition stated by this source.","1","US-CP-000700","US-CP-000700","single source-bounded independently testable condition represented by the frozen mechanism","Count adjudicated from the frozen mechanism's independently testable source-bounded conditions; structural cues were used only as review aids. No case law, external doctrine, ORYNTH mapping, correspondence grade, or proof binding was introduced.","FINAL","ADJUDICATED-PRE-GENERATION"
"US-CM-000334","US-AM-ATOM-000119","F5","UNITED-STATES/VOTING/AGE-18","The Constitution establishes this prohibition, right-protection, or negative constraint: The right of citizens of the United States, who are eighteen years of age or older, to vote shall not be denied or abridged by the United States or by any State on account of age.","An action or effect contrary to the source-defined prohibition, protected right, or negative constraint is not constitutionally established under this mechanism.","4","US-CP-000701","US-CP-000704","citizen age eighteen-or-older qualification; voting right; United States-or-State actor; age prohibited basis","Count adjudicated from the frozen mechanism's independently testable source-bounded conditions; structural cues were used only as review aids. No case law, external doctrine, ORYNTH mapping, correspondence grade, or proof binding was introduced.","FINAL","ADJUDICATED-PRE-GENERATION"
"US-CM-000335","US-AM-ATOM-000120","F3","UNITED-STATES/CONGRESS/AMENDMENT-26/ENFORCEMENT","The Constitution establishes this scoped power, duty, qualification, or procedural rule: The Congress shall have power to enforce this article by appropriate legislation.","The scoped power, duty, qualification, or procedure is not established outside the conditions and limits stated by this source.","2","US-CP-000705","US-CP-000706","Congressional enforcement authority; appropriate-legislation limitation","Count adjudicated from the frozen mechanism's independently testable source-bounded conditions; structural cues were used only as review aids. No case law, external doctrine, ORYNTH mapping, correspondence grade, or proof binding was introduced.","FINAL","ADJUDICATED-PRE-GENERATION"
"US-CM-000336","US-AM-ATOM-000121","F7","UNITED-STATES/CONGRESS/COMPENSATION/EFFECTIVE-DELAY","The Constitution establishes this controlled constitutional transition, effectiveness, repeal, or temporal rule: No law, varying the compensation for the services of the Senators and Representatives, shall take effect, until an election of Representatives shall have intervened.","The constitutional transition, effectiveness, repeal, or temporal effect is not established outside the source-defined trigger, timing, or transition condition.","3","US-CP-000707","US-CP-000709","law varies congressional compensation; law cannot take effect immediately; intervening House election prerequisite","Count adjudicated from the frozen mechanism's independently testable source-bounded conditions; structural cues were used only as review aids. No case law, external doctrine, ORYNTH mapping, correspondence grade, or proof binding was introduced.","FINAL","ADJUDICATED-PRE-GENERATION"
