"mechanism_id","source_clause_id","mechanism_family","jurisdiction_scope","predicate_count","predicate_ids","crosswalk_id","orynth_repository","orynth_component","file_path","preexisting_status","correspondence_grade","canonical_proof_binding_count","integration_status"
"US-CM-000001","US-CONST-ATOM-000001","F1","UNITED-STATES/FEDERAL/LEGISLATIVE","2","US-CP-000001|US-CP-000002","US-CW-000001","ORYNTH-systems/orynth-constitutional-state-integrity","CONSTITUTIONAL-AUTHORITY-LINEAGE / OPERATION-SCOPED-AUTHORITY","00-governance/CANONICAL_AUTHORITY_POLICY.md","YES","C3","0","INTEGRATED-CORRESPONDENCE-UNBOUND"
"US-CM-000002","US-CONST-ATOM-000002","F2","UNITED-STATES/FEDERAL/LEGISLATIVE-STRUCTURE","1","US-CP-000003","US-CW-000002","ORYNTH-systems/orynth-constitutional-state-integrity","NONE-DEMONSTRATED","","NO-DEMONSTRATED","C0","0","INTEGRATED-C0-NO-DEMONSTRATED"
"US-CM-000003","US-CONST-ATOM-000003","F1","UNITED-STATES/HOUSE/STATE-ELECTORATES","2","US-CP-000004|US-CP-000005","US-CW-000003","ORYNTH-systems/orynth-constitutional-state-integrity","ELECTION-SOURCE-DEPENDENCY / TEMPORAL-AUTHORITY-CONCEPT","03-constitutional-dependency-graph/executable/EXECUTABLE_DEPENDENCY_GRAPH.json","YES","C1","0","INTEGRATED-CORRESPONDENCE-UNBOUND"
"US-CM-000004","US-CONST-ATOM-000004","F3","UNITED-STATES/HOUSE/STATE-ELECTOR-QUALIFICATIONS","1","US-CP-000006","US-CW-000004","ORYNTH-systems/orynth-constitutional-state-integrity","ARTICLE-I-S2 VOTER-QUALIFICATION DEPENDENCY","02-constitutional-object-model/registry/QUALIFICATION.yaml","YES","C3","0","INTEGRATED-CORRESPONDENCE-UNBOUND"
"US-CM-000005","US-CONST-ATOM-000005","F3","UNITED-STATES/HOUSE/MEMBER-QUALIFICATIONS","3","US-CP-000007|US-CP-000008|US-CP-000009","US-CW-000005","ORYNTH-systems/orynth-constitutional-state-integrity","TYPED-CONSTITUTIONAL-QUALIFICATION","02-constitutional-object-model/registry/QUALIFICATION.yaml","YES","C2","0","INTEGRATED-CORRESPONDENCE-UNBOUND"
"US-CM-000006","US-CONST-ATOM-000006","F6","UNITED-STATES/STATES/APPORTIONMENT","2","US-CP-000010|US-CP-000011","US-CW-000006","ORYNTH-systems/orynth-constitutional-state-integrity","NONE-DEMONSTRATED","","NO-DEMONSTRATED","C0","0","INTEGRATED-C0-NO-DEMONSTRATED"
"US-CM-000007","US-CONST-ATOM-000007","F3","UNITED-STATES/FEDERAL/ENUMERATION","3","US-CP-000012|US-CP-000013|US-CP-000014","US-CW-000007","ORYNTH-systems/orynth-constitutional-state-integrity","TEMPORAL-AUTHORITY / SOURCE-SCOPED-PROCEDURE","07-constitutional-state-integrity/temporal/TEMPORAL_AUTHORITY.schema.json","YES","C1","0","INTEGRATED-CORRESPONDENCE-UNBOUND"
"US-CM-000008","US-CONST-ATOM-000008","F3","UNITED-STATES/HOUSE/APPORTIONMENT","1","US-CP-000015","US-CW-000008","ORYNTH-systems/orynth-constitutional-state-integrity","NONE-DEMONSTRATED","","NO-DEMONSTRATED","C0","0","INTEGRATED-C0-NO-DEMONSTRATED"
"US-CM-000009","US-CONST-ATOM-000009","F3","UNITED-STATES/HOUSE/STATES","1","US-CP-000016","US-CW-000009","ORYNTH-systems/orynth-constitutional-state-integrity","NONE-DEMONSTRATED","","NO-DEMONSTRATED","C0","0","INTEGRATED-C0-NO-DEMONSTRATED"
"US-CM-000010","US-CONST-ATOM-000010","F6","UNITED-STATES/HOUSE/INITIAL-STATE-ALLOCATION","2","US-CP-000017|US-CP-000018","US-CW-000010","ORYNTH-systems/orynth-constitutional-state-integrity","NONE-DEMONSTRATED","","NO-DEMONSTRATED","C0","0","INTEGRATED-C0-NO-DEMONSTRATED"
"US-CM-000011","US-CONST-ATOM-000011","F1","UNITED-STATES/HOUSE/STATE-VACANCIES","2","US-CP-000019|US-CP-000020","US-CW-000011","ORYNTH-systems/orynth-constitutional-state-integrity","CONDITIONAL-ACTOR-AUTHORITY","00-governance/CANONICAL_AUTHORITY_POLICY.md","YES","C1","0","INTEGRATED-CORRESPONDENCE-UNBOUND"
"US-CM-000012","US-CONST-ATOM-000012","F1","UNITED-STATES/HOUSE/INTERNAL-OFFICERS","1","US-CP-000021","US-CW-000012","ORYNTH-systems/orynth-constitutional-state-integrity","ACTOR-OPERATION AUTHORITY SCOPE","02-constitutional-object-model/registry/AUTHORITY.yaml","YES","C2","0","INTEGRATED-CORRESPONDENCE-UNBOUND"
"US-CM-000013","US-CONST-ATOM-000013","F2","UNITED-STATES/HOUSE/IMPEACHMENT","1","US-CP-000022","US-CW-000013","ORYNTH-systems/orynth-constitutional-state-integrity","EXCLUSIVE ACTOR / AUTHORITY-COLLISION CONTROL","07-constitutional-state-integrity/authority-collision/AUTHORITY_COLLISION_CONTRACT.json","YES","C2","0","INTEGRATED-CORRESPONDENCE-UNBOUND"
"US-CM-000014","US-CONST-ATOM-000014","F2","UNITED-STATES/SENATE/STATE-REPRESENTATION","2","US-CP-000023|US-CP-000024","US-CW-000014","ORYNTH-systems/orynth-constitutional-state-integrity","STRUCTURAL / TEMPORAL AUTHORITY CONCEPTS","03-constitutional-dependency-graph/source/CORE_CONSTITUTIONAL_ARCHITECTURE.yaml","YES","C1","0","INTEGRATED-CORRESPONDENCE-UNBOUND"
"US-CM-000015","US-CONST-ATOM-000015","F3","UNITED-STATES/SENATE/VOTING","1","US-CP-000025","US-CW-000015","ORYNTH-systems/orynth-constitutional-state-integrity","OPERATION-SCOPE LIMITATION","00-governance/CANONICAL_AUTHORITY_POLICY.md","YES","C1","0","INTEGRATED-CORRESPONDENCE-UNBOUND"
"US-CM-000016","US-CONST-ATOM-000016","F3","UNITED-STATES/SENATE/INITIAL-CLASSIFICATION","2","US-CP-000026|US-CP-000027","US-CW-000016","ORYNTH-systems/orynth-constitutional-state-integrity","NONE-DEMONSTRATED","","NO-DEMONSTRATED","C0","0","INTEGRATED-C0-NO-DEMONSTRATED"
"US-CM-000017","US-CONST-ATOM-000017","F3","UNITED-STATES/SENATE/TERM-STAGGERING","2","US-CP-000028|US-CP-000029","US-CW-000017","ORYNTH-systems/orynth-constitutional-state-integrity","TEMPORAL-AUTHORITY CONTROL","07-constitutional-state-integrity/temporal/TEMPORAL_AUTHORITY.schema.json","YES","C1","0","INTEGRATED-CORRESPONDENCE-UNBOUND"
"US-CM-000018","US-CONST-ATOM-000018","F1","UNITED-STATES/SENATE/STATE-VACANCIES","4","US-CP-000030|US-CP-000031|US-CP-000032|US-CP-000033","US-CW-000018","ORYNTH-systems/orynth-constitutional-state-integrity","TEMPORARY-APPOINTMENT / TEMPORAL-AUTHORITY","13-invariants/CSI_FEDERAL_ELECTION_INVARIANTS.md","YES","C3","0","INTEGRATED-CORRESPONDENCE-UNBOUND"
"US-CM-000019","US-CONST-ATOM-000019","F3","UNITED-STATES/SENATE/MEMBER-QUALIFICATIONS","3","US-CP-000034|US-CP-000035|US-CP-000036","US-CW-000019","ORYNTH-systems/orynth-constitutional-state-integrity","TYPED-CONSTITUTIONAL-QUALIFICATION","02-constitutional-object-model/registry/QUALIFICATION.yaml","YES","C2","0","INTEGRATED-CORRESPONDENCE-UNBOUND"
"US-CM-000020","US-CONST-ATOM-000020","F2","UNITED-STATES/SENATE/VICE-PRESIDENT","2","US-CP-000037|US-CP-000038","US-CW-000020","ORYNTH-systems/orynth-constitutional-state-integrity","ROLE-TYPED PRESIDENT-OF-SENATE AUTHORITY","09-uaa-bridge/elections/resolver/UAA_AUTHORITY_RULES.json","YES","C2","0","INTEGRATED-CORRESPONDENCE-UNBOUND"
"US-CM-000021","US-CONST-ATOM-000021","F1","UNITED-STATES/SENATE/INTERNAL-OFFICERS","2","US-CP-000039|US-CP-000040","US-CW-000021","ORYNTH-systems/orynth-constitutional-state-integrity","CONDITIONAL ACTOR-AUTHORITY CONCEPT","17-reference-implementation/src/csi/authority_resolver.py","YES","C1","0","INTEGRATED-CORRESPONDENCE-UNBOUND"
"US-CM-000022","US-CONST-ATOM-000022","F2","UNITED-STATES/SENATE/IMPEACHMENT","1","US-CP-000041","US-CW-000022","ORYNTH-systems/orynth-constitutional-state-integrity","EXCLUSIVE ACTOR / AUTHORITY-COLLISION CONTROL","07-constitutional-state-integrity/authority-collision/AUTHORITY_COLLISION_CONTRACT.json","YES","C2","0","INTEGRATED-CORRESPONDENCE-UNBOUND"
"US-CM-000023","US-CONST-ATOM-000023","F3","UNITED-STATES/SENATE/IMPEACHMENT-PROCEDURE","1","US-CP-000042","US-CW-000023","ORYNTH-systems/orynth-constitutional-state-integrity","TYPED PROCEDURAL-PREREQUISITE CONCEPT","02-constitutional-object-model/registry/PROCESS.yaml","YES","C1","0","INTEGRATED-CORRESPONDENCE-UNBOUND"
"US-CM-000024","US-CONST-ATOM-000024","F2","UNITED-STATES/SENATE/PRESIDENTIAL-IMPEACHMENT","1","US-CP-000043","US-CW-000024","ORYNTH-systems/orynth-constitutional-state-integrity","NONE-DEMONSTRATED","","NO-DEMONSTRATED","C0","0","INTEGRATED-C0-NO-DEMONSTRATED"
"US-CM-000025","US-CONST-ATOM-000025","F4","UNITED-STATES/SENATE/IMPEACHMENT-CONVICTION","1","US-CP-000044","US-CW-000025","ORYNTH-systems/orynth-constitutional-state-integrity","NONE-DEMONSTRATED","","NO-DEMONSTRATED","C0","0","INTEGRATED-C0-NO-DEMONSTRATED"
"US-CM-000026","US-CONST-ATOM-000026","F5","UNITED-STATES/IMPEACHMENT/JUDGMENT-EFFECT","1","US-CP-000045","US-CW-000026","ORYNTH-systems/orynth-constitutional-state-integrity","CONSEQUENCE-SCOPE LIMITATION / PROHIBITION","02-constitutional-object-model/registry/LIMITATION.yaml","YES","C2","0","INTEGRATED-CORRESPONDENCE-UNBOUND"
"US-CM-000027","US-CONST-ATOM-000027","F2","UNITED-STATES/IMPEACHMENT/CRIMINAL-PROCESS-SEPARATION","1","US-CP-000046","US-CW-000027","ORYNTH-systems/orynth-constitutional-state-integrity","INDEPENDENTLY-TYPED STATE / CONSEQUENCE SEPARATION","13-invariants/CSI_CANONICAL_INVARIANTS.md","YES","C2","0","INTEGRATED-CORRESPONDENCE-UNBOUND"
"US-CM-000028","US-CONST-ATOM-000028","F6","UNITED-STATES/STATES/CONGRESSIONAL-ELECTIONS","1","US-CP-000047","US-CW-000028","ORYNTH-systems/orynth-constitutional-state-integrity","STATE-LEGISLATURE DEFINE_CONGRESSIONAL_ELECTION_RULE","09-uaa-bridge/elections/resolver/UAA_AUTHORITY_RULES.json","YES","C3","0","INTEGRATED-CORRESPONDENCE-UNBOUND"
"US-CM-000029","US-CONST-ATOM-000029","F6","UNITED-STATES/FEDERAL-CONGRESS/CONGRESSIONAL-ELECTIONS","2","US-CP-000048|US-CP-000049","US-CW-000029","ORYNTH-systems/orynth-constitutional-state-integrity","CONGRESS DEFINE_CONGRESSIONAL_ELECTION_RULE","09-uaa-bridge/elections/resolver/UAA_AUTHORITY_RULES.json","YES","C2","0","INTEGRATED-CORRESPONDENCE-UNBOUND"
"US-CM-000030","US-CONST-ATOM-000030","F3","UNITED-STATES/CONGRESS/ASSEMBLY","2","US-CP-000050|US-CP-000051","US-CW-000030","ORYNTH-systems/orynth-constitutional-state-integrity","TEMPORAL-AUTHORITY CONCEPT","07-constitutional-state-integrity/temporal/TEMPORAL_AUTHORITY.schema.json","YES","C1","0","INTEGRATED-CORRESPONDENCE-UNBOUND"
"US-CM-000031","US-CONST-ATOM-000031","F6","UNITED-STATES/CONGRESS/EACH-HOUSE/MEMBERSHIP","1","US-CP-000052","US-CW-000031","ORYNTH-systems/orynth-constitutional-state-integrity","INSTITUTION-SCOPED JURISDICTION / QUALIFICATION CONTROL","02-constitutional-object-model/registry/JURISDICTION.yaml","YES","C2","0","INTEGRATED-CORRESPONDENCE-UNBOUND"
"US-CM-000032","US-CONST-ATOM-000032","F4","UNITED-STATES/CONGRESS/EACH-HOUSE/QUORUM","1","US-CP-000053","US-CW-000032","ORYNTH-systems/orynth-constitutional-state-integrity","NONE-DEMONSTRATED","","NO-DEMONSTRATED","C0","0","INTEGRATED-C0-NO-DEMONSTRATED"
"US-CM-000033","US-CONST-ATOM-000033","F3","UNITED-STATES/CONGRESS/EACH-HOUSE/NO-QUORUM","1","US-CP-000054","US-CW-000033","ORYNTH-systems/orynth-constitutional-state-integrity","NONE-DEMONSTRATED","","NO-DEMONSTRATED","C0","0","INTEGRATED-C0-NO-DEMONSTRATED"
"US-CM-000034","US-CONST-ATOM-000034","F3","UNITED-STATES/CONGRESS/EACH-HOUSE/ATTENDANCE","2","US-CP-000055|US-CP-000056","US-CW-000034","ORYNTH-systems/orynth-constitutional-state-integrity","BOUNDED PROCEDURAL AUTHORITY","02-constitutional-object-model/registry/PROCESS.yaml","YES","C1","0","INTEGRATED-CORRESPONDENCE-UNBOUND"
"US-CM-000035","US-CONST-ATOM-000035","F3","UNITED-STATES/CONGRESS/EACH-HOUSE/PROCEEDINGS","1","US-CP-000057","US-CW-000035","ORYNTH-systems/orynth-constitutional-state-integrity","INSTITUTION-SCOPED RULE AUTHORITY PATTERN","00-governance/CANONICAL_AUTHORITY_POLICY.md","YES","C2","0","INTEGRATED-CORRESPONDENCE-UNBOUND"
"US-CM-000036","US-CONST-ATOM-000036","F3","UNITED-STATES/CONGRESS/EACH-HOUSE/MEMBER-DISCIPLINE","2","US-CP-000058|US-CP-000059","US-CW-000036","ORYNTH-systems/orynth-constitutional-state-integrity","NONE-DEMONSTRATED","","NO-DEMONSTRATED","C0","0","INTEGRATED-C0-NO-DEMONSTRATED"
"US-CM-000037","US-CONST-ATOM-000037","F4","UNITED-STATES/CONGRESS/EACH-HOUSE/MEMBER-EXPULSION","1","US-CP-000060","US-CW-000037","ORYNTH-systems/orynth-constitutional-state-integrity","NONE-DEMONSTRATED","","NO-DEMONSTRATED","C0","0","INTEGRATED-C0-NO-DEMONSTRATED"
"US-CM-000038","US-CONST-ATOM-000038","F3","UNITED-STATES/CONGRESS/EACH-HOUSE/JOURNAL","1","US-CP-000061","US-CW-000038","ORYNTH-systems/orynth-constitutional-state-integrity","NONE-DEMONSTRATED","","NO-DEMONSTRATED","C0","0","INTEGRATED-C0-NO-DEMONSTRATED"
"US-CM-000039","US-CONST-ATOM-000039","F3","UNITED-STATES/CONGRESS/EACH-HOUSE/JOURNAL-PUBLICATION","2","US-CP-000062|US-CP-000063","US-CW-000039","ORYNTH-systems/orynth-constitutional-state-integrity","NONE-DEMONSTRATED","","NO-DEMONSTRATED","C0","0","INTEGRATED-C0-NO-DEMONSTRATED"
"US-CM-000040","US-CONST-ATOM-000040","F4","UNITED-STATES/CONGRESS/EACH-HOUSE/RECORDED-VOTE","2","US-CP-000064|US-CP-000065","US-CW-000040","ORYNTH-systems/orynth-constitutional-state-integrity","NONE-DEMONSTRATED","","NO-DEMONSTRATED","C0","0","INTEGRATED-C0-NO-DEMONSTRATED"
"US-CM-000041","US-CONST-ATOM-000041","F4","UNITED-STATES/CONGRESS/INTERHOUSE-ADJOURNMENT","2","US-CP-000066|US-CP-000067","US-CW-000041","ORYNTH-systems/orynth-constitutional-state-integrity","NONE-DEMONSTRATED","","NO-DEMONSTRATED","C0","0","INTEGRATED-C0-NO-DEMONSTRATED"
"US-CM-000042","US-CONST-ATOM-000042","F3","UNITED-STATES/CONGRESS/MEMBER-COMPENSATION","3","US-CP-000068|US-CP-000069|US-CP-000070","US-CW-000042","ORYNTH-systems/orynth-constitutional-state-integrity","NONE-DEMONSTRATED","","NO-DEMONSTRATED","C0","0","INTEGRATED-C0-NO-DEMONSTRATED"
"US-CM-000043","US-CONST-ATOM-000043","F5","UNITED-STATES/CONGRESS/MEMBER-ARREST-PRIVILEGE","2","US-CP-000071|US-CP-000072","US-CW-000043","ORYNTH-systems/orynth-constitutional-state-integrity","NONE-DEMONSTRATED","","NO-DEMONSTRATED","C0","0","INTEGRATED-C0-NO-DEMONSTRATED"
"US-CM-000044","US-CONST-ATOM-000044","F5","UNITED-STATES/CONGRESS/SPEECH-DEBATE","1","US-CP-000073","US-CW-000044","ORYNTH-systems/orynth-constitutional-state-integrity","NONE-DEMONSTRATED","","NO-DEMONSTRATED","C0","0","INTEGRATED-C0-NO-DEMONSTRATED"
"US-CM-000045","US-CONST-ATOM-000045","F5","UNITED-STATES/FEDERAL/OFFICE-APPOINTMENT/CONGRESSIONAL-INELIGIBILITY","2","US-CP-000074|US-CP-000075","US-CW-000045","ORYNTH-systems/orynth-constitutional-state-integrity","TEMPORAL-AUTHORITY / CONSTITUTIONAL-PROHIBITION","01-constitutional-source-map/source-integrity/anchors/CONSTITUTIONAL_SOURCE_ANCHORS.json","YES","C2","0","INTEGRATED-CORRESPONDENCE-UNBOUND"
"US-CM-000046","US-CONST-ATOM-000046","F5","UNITED-STATES/FEDERAL/OFFICE-INCOMPATIBILITY","1","US-CP-000076","US-CW-000046","ORYNTH-systems/orynth-constitutional-state-integrity","INCOMPATIBLE-AUTHORITY-STATE CONCEPT","02-constitutional-object-model/registry/PROHIBITION.yaml","YES","C1","0","INTEGRATED-CORRESPONDENCE-UNBOUND"
"US-CM-000047","US-CONST-ATOM-000047","F2","UNITED-STATES/CONGRESS/REVENUE-BILL-ORIGINATION","1","US-CP-000077","US-CW-000047","ORYNTH-systems/orynth-constitutional-state-integrity","NONE-DEMONSTRATED","","NO-DEMONSTRATED","C0","0","INTEGRATED-C0-NO-DEMONSTRATED"
"US-CM-000048","US-CONST-ATOM-000048","F3","UNITED-STATES/SENATE/REVENUE-BILL-AMENDMENTS","2","US-CP-000078|US-CP-000079","US-CW-000048","ORYNTH-systems/orynth-constitutional-state-integrity","NONE-DEMONSTRATED","","NO-DEMONSTRATED","C0","0","INTEGRATED-C0-NO-DEMONSTRATED"
"US-CM-000049","US-CONST-ATOM-000049","F4","UNITED-STATES/FEDERAL/LEGISLATION/PRESENTMENT","2","US-CP-000080|US-CP-000081","US-CW-000049","ORYNTH-systems/orynth-constitutional-state-integrity","SOURCE-ANCHORED CONSTITUTIONAL-PROCESS CONCEPT","01-constitutional-source-map/source-integrity/anchors/CONSTITUTIONAL_SOURCE_ANCHORS.json","YES","C1","0","INTEGRATED-CORRESPONDENCE-UNBOUND"
"US-CM-000050","US-CONST-ATOM-000050","F3","UNITED-STATES/PRESIDENT/LEGISLATION-APPROVAL","2","US-CP-000082|US-CP-000083","US-CW-000050","ORYNTH-systems/orynth-constitutional-state-integrity","SOURCE-ANCHORED CONSTITUTIONAL-PROCESS CONCEPT","01-constitutional-source-map/source-integrity/anchors/CONSTITUTIONAL_SOURCE_ANCHORS.json","YES","C1","0","INTEGRATED-CORRESPONDENCE-UNBOUND"
"US-CM-000051","US-CONST-ATOM-000051","F3","UNITED-STATES/PRESIDENT/LEGISLATION-DISAPPROVAL","3","US-CP-000084|US-CP-000085|US-CP-000086","US-CW-000051","ORYNTH-systems/orynth-constitutional-state-integrity","SOURCE-ANCHORED CONSTITUTIONAL-PROCESS CONCEPT","01-constitutional-source-map/source-integrity/anchors/CONSTITUTIONAL_SOURCE_ANCHORS.json","YES","C1","0","INTEGRATED-CORRESPONDENCE-UNBOUND"
"US-CM-000052","US-CONST-ATOM-000052","F3","UNITED-STATES/CONGRESS/ORIGINATING-HOUSE/VETO-RECORD","1","US-CP-000087","US-CW-000052","ORYNTH-systems/orynth-constitutional-state-integrity","SOURCE-ANCHORED CONSTITUTIONAL-PROCESS CONCEPT","01-constitutional-source-map/source-integrity/anchors/CONSTITUTIONAL_SOURCE_ANCHORS.json","YES","C1","0","INTEGRATED-CORRESPONDENCE-UNBOUND"
"US-CM-000053","US-CONST-ATOM-000053","F3","UNITED-STATES/CONGRESS/ORIGINATING-HOUSE/VETO-RECONSIDERATION","2","US-CP-000088|US-CP-000089","US-CW-000053","ORYNTH-systems/orynth-constitutional-state-integrity","SOURCE-ANCHORED CONSTITUTIONAL-PROCESS CONCEPT","01-constitutional-source-map/source-integrity/anchors/CONSTITUTIONAL_SOURCE_ANCHORS.json","YES","C1","0","INTEGRATED-CORRESPONDENCE-UNBOUND"
"US-CM-000054","US-CONST-ATOM-000054","F4","UNITED-STATES/CONGRESS/VETO-OVERRIDE/FIRST-HOUSE","4","US-CP-000090|US-CP-000091|US-CP-000092|US-CP-000093","US-CW-000054","ORYNTH-systems/orynth-constitutional-state-integrity","SOURCE-ANCHORED CONSTITUTIONAL-PROCESS CONCEPT","01-constitutional-source-map/source-integrity/anchors/CONSTITUTIONAL_SOURCE_ANCHORS.json","YES","C1","0","INTEGRATED-CORRESPONDENCE-UNBOUND"
"US-CM-000055","US-CONST-ATOM-000055","F4","UNITED-STATES/CONGRESS/VETO-OVERRIDE/SECOND-HOUSE","3","US-CP-000094|US-CP-000095|US-CP-000096","US-CW-000055","ORYNTH-systems/orynth-constitutional-state-integrity","SOURCE-ANCHORED CONSTITUTIONAL-PROCESS CONCEPT","01-constitutional-source-map/source-integrity/anchors/CONSTITUTIONAL_SOURCE_ANCHORS.json","YES","C1","0","INTEGRATED-CORRESPONDENCE-UNBOUND"
"US-CM-000056","US-CONST-ATOM-000056","F3","UNITED-STATES/CONGRESS/VETO-OVERRIDE/VOTE-METHOD","1","US-CP-000097","US-CW-000056","ORYNTH-systems/orynth-constitutional-state-integrity","NONE-DEMONSTRATED","","NO-DEMONSTRATED","C0","0","INTEGRATED-C0-NO-DEMONSTRATED"
"US-CM-000057","US-CONST-ATOM-000057","F3","UNITED-STATES/CONGRESS/VETO-OVERRIDE/JOURNAL","1","US-CP-000098","US-CW-000057","ORYNTH-systems/orynth-constitutional-state-integrity","NONE-DEMONSTRATED","","NO-DEMONSTRATED","C0","0","INTEGRATED-C0-NO-DEMONSTRATED"
"US-CM-000058","US-CONST-ATOM-000058","F3","UNITED-STATES/FEDERAL/LEGISLATION/TEN-DAY-RULE","3","US-CP-000099|US-CP-000100|US-CP-000101","US-CW-000058","ORYNTH-systems/orynth-constitutional-state-integrity","SOURCE-ANCHORED TEMPORAL EFFECT CONTROL","01-constitutional-source-map/source-integrity/anchors/CONSTITUTIONAL_SOURCE_ANCHORS.json","YES","C2","0","INTEGRATED-CORRESPONDENCE-UNBOUND"
"US-CM-000059","US-CONST-ATOM-000059","F4","UNITED-STATES/FEDERAL/BICAMERAL-ACTIONS/PRESENTMENT","3","US-CP-000102|US-CP-000103|US-CP-000104","US-CW-000059","ORYNTH-systems/orynth-constitutional-state-integrity","BICAMERAL-PROCESS / PRESENTMENT CONCEPT","01-constitutional-source-map/source-integrity/anchors/CONSTITUTIONAL_SOURCE_ANCHORS.json","YES","C1","0","INTEGRATED-CORRESPONDENCE-UNBOUND"
"US-CM-000060","US-CONST-ATOM-000060","F4","UNITED-STATES/FEDERAL/BICAMERAL-ACTIONS/EFFECT","4","US-CP-000105|US-CP-000106|US-CP-000107|US-CP-000108","US-CW-000060","ORYNTH-systems/orynth-constitutional-state-integrity","ALTERNATIVE CONSEQUENCE-AUTHORIZATION PATH","01-constitutional-source-map/source-integrity/anchors/CONSTITUTIONAL_SOURCE_ANCHORS.json","YES","C2","0","INTEGRATED-CORRESPONDENCE-UNBOUND"
"US-CM-000061","US-CONST-ATOM-000061","F3","UNITED-STATES/CONGRESS/TAXATION","2","US-CP-000109|US-CP-000110","US-CW-000061","ORYNTH-systems/orynth-constitutional-state-integrity","ARTICLE-I-SECTION-8 ENUMERATED-POWER CONCEPT","01-constitutional-source-map/source-integrity/anchors/CONSTITUTIONAL_SOURCE_ANCHORS.json","YES","C1","0","INTEGRATED-CORRESPONDENCE-UNBOUND"
"US-CM-000062","US-CONST-ATOM-000062","F5","UNITED-STATES/CONGRESS/TAXATION/UNIFORMITY","1","US-CP-000111","US-CW-000062","ORYNTH-systems/orynth-constitutional-state-integrity","ARTICLE-I-SECTION-8 ENUMERATED-POWER CONCEPT","01-constitutional-source-map/source-integrity/anchors/CONSTITUTIONAL_SOURCE_ANCHORS.json","YES","C1","0","INTEGRATED-CORRESPONDENCE-UNBOUND"
"US-CM-000063","US-CONST-ATOM-000063","F3","UNITED-STATES/CONGRESS/BORROWING","1","US-CP-000112","US-CW-000063","ORYNTH-systems/orynth-constitutional-state-integrity","ARTICLE-I-SECTION-8 ENUMERATED-POWER CONCEPT","01-constitutional-source-map/source-integrity/anchors/CONSTITUTIONAL_SOURCE_ANCHORS.json","YES","C1","0","INTEGRATED-CORRESPONDENCE-UNBOUND"
"US-CM-000064","US-CONST-ATOM-000064","F6","UNITED-STATES/CONGRESS/COMMERCE/FOREIGN-INTERSTATE-TRIBAL","1","US-CP-000113","US-CW-000064","ORYNTH-systems/orynth-constitutional-state-integrity","SOURCE-ANCHORED JURISDICTIONAL POWER","01-constitutional-source-map/source-integrity/anchors/CONSTITUTIONAL_SOURCE_ANCHORS.json","YES","C2","0","INTEGRATED-CORRESPONDENCE-UNBOUND"
"US-CM-000065","US-CONST-ATOM-000065","F3","UNITED-STATES/CONGRESS/NATURALIZATION","2","US-CP-000114|US-CP-000115","US-CW-000065","ORYNTH-systems/orynth-constitutional-state-integrity","NATURALIZATION / CITIZENSHIP PREDICATE ARCHITECTURE","01-constitutional-source-map/source-integrity/anchors/CONSTITUTIONAL_SOURCE_ANCHORS.json","YES","C2","0","INTEGRATED-CORRESPONDENCE-UNBOUND"
"US-CM-000066","US-CONST-ATOM-000066","F3","UNITED-STATES/CONGRESS/BANKRUPTCY","2","US-CP-000116|US-CP-000117","US-CW-000066","ORYNTH-systems/orynth-constitutional-state-integrity","ARTICLE-I-SECTION-8 ENUMERATED-POWER CONCEPT","01-constitutional-source-map/source-integrity/anchors/CONSTITUTIONAL_SOURCE_ANCHORS.json","YES","C1","0","INTEGRATED-CORRESPONDENCE-UNBOUND"
"US-CM-000067","US-CONST-ATOM-000067","F3","UNITED-STATES/CONGRESS/COINAGE","1","US-CP-000118","US-CW-000067","ORYNTH-systems/orynth-constitutional-state-integrity","ARTICLE-I-SECTION-8 ENUMERATED-POWER CONCEPT","01-constitutional-source-map/source-integrity/anchors/CONSTITUTIONAL_SOURCE_ANCHORS.json","YES","C1","0","INTEGRATED-CORRESPONDENCE-UNBOUND"
"US-CM-000068","US-CONST-ATOM-000068","F3","UNITED-STATES/CONGRESS/COIN-VALUE","1","US-CP-000119","US-CW-000068","ORYNTH-systems/orynth-constitutional-state-integrity","ARTICLE-I-SECTION-8 ENUMERATED-POWER CONCEPT","01-constitutional-source-map/source-integrity/anchors/CONSTITUTIONAL_SOURCE_ANCHORS.json","YES","C1","0","INTEGRATED-CORRESPONDENCE-UNBOUND"
"US-CM-000069","US-CONST-ATOM-000069","F3","UNITED-STATES/CONGRESS/WEIGHTS-MEASURES","1","US-CP-000120","US-CW-000069","ORYNTH-systems/orynth-constitutional-state-integrity","ARTICLE-I-SECTION-8 ENUMERATED-POWER CONCEPT","01-constitutional-source-map/source-integrity/anchors/CONSTITUTIONAL_SOURCE_ANCHORS.json","YES","C1","0","INTEGRATED-CORRESPONDENCE-UNBOUND"
"US-CM-000070","US-CONST-ATOM-000070","F3","UNITED-STATES/CONGRESS/COUNTERFEITING","1","US-CP-000121","US-CW-000070","ORYNTH-systems/orynth-constitutional-state-integrity","ARTICLE-I-SECTION-8 ENUMERATED-POWER CONCEPT","01-constitutional-source-map/source-integrity/anchors/CONSTITUTIONAL_SOURCE_ANCHORS.json","YES","C1","0","INTEGRATED-CORRESPONDENCE-UNBOUND"
"US-CM-000071","US-CONST-ATOM-000071","F3","UNITED-STATES/CONGRESS/POSTAL","1","US-CP-000122","US-CW-000071","ORYNTH-systems/orynth-constitutional-state-integrity","ARTICLE-I-SECTION-8 ENUMERATED-POWER CONCEPT","01-constitutional-source-map/source-integrity/anchors/CONSTITUTIONAL_SOURCE_ANCHORS.json","YES","C1","0","INTEGRATED-CORRESPONDENCE-UNBOUND"
"US-CM-000072","US-CONST-ATOM-000072","F3","UNITED-STATES/CONGRESS/INTELLECTUAL-PROPERTY","5","US-CP-000123|US-CP-000124|US-CP-000125|US-CP-000126|US-CP-000127","US-CW-000072","ORYNTH-systems/orynth-constitutional-state-integrity","ARTICLE-I-SECTION-8 ENUMERATED-POWER CONCEPT","01-constitutional-source-map/source-integrity/anchors/CONSTITUTIONAL_SOURCE_ANCHORS.json","YES","C1","0","INTEGRATED-CORRESPONDENCE-UNBOUND"
"US-CM-000073","US-CONST-ATOM-000073","F3","UNITED-STATES/CONGRESS/INFERIOR-TRIBUNALS","1","US-CP-000128","US-CW-000073","ORYNTH-systems/orynth-constitutional-state-integrity","SOURCE-ANCHORED ENUMERATED-POWER CONCEPT","01-constitutional-source-map/source-integrity/anchors/CONSTITUTIONAL_SOURCE_ANCHORS.json","YES","C1","0","INTEGRATED-CORRESPONDENCE-UNBOUND"
"US-CM-000074","US-CONST-ATOM-000074","F3","UNITED-STATES/CONGRESS/HIGH-SEAS-LAW-OF-NATIONS","2","US-CP-000129|US-CP-000130","US-CW-000074","ORYNTH-systems/orynth-constitutional-state-integrity","SOURCE-ANCHORED ENUMERATED-POWER CONCEPT","01-constitutional-source-map/source-integrity/anchors/CONSTITUTIONAL_SOURCE_ANCHORS.json","YES","C1","0","INTEGRATED-CORRESPONDENCE-UNBOUND"
"US-CM-000075","US-CONST-ATOM-000075","F3","UNITED-STATES/CONGRESS/WAR-DECLARATION","1","US-CP-000131","US-CW-000075","ORYNTH-systems/orynth-constitutional-state-integrity","SOURCE-ANCHORED ENUMERATED-POWER CONCEPT","01-constitutional-source-map/source-integrity/anchors/CONSTITUTIONAL_SOURCE_ANCHORS.json","YES","C1","0","INTEGRATED-CORRESPONDENCE-UNBOUND"
"US-CM-000076","US-CONST-ATOM-000076","F3","UNITED-STATES/CONGRESS/MARQUE-REPRISAL","1","US-CP-000132","US-CW-000076","ORYNTH-systems/orynth-constitutional-state-integrity","SOURCE-ANCHORED ENUMERATED-POWER CONCEPT","01-constitutional-source-map/source-integrity/anchors/CONSTITUTIONAL_SOURCE_ANCHORS.json","YES","C1","0","INTEGRATED-CORRESPONDENCE-UNBOUND"
"US-CM-000077","US-CONST-ATOM-000077","F3","UNITED-STATES/CONGRESS/CAPTURES","1","US-CP-000133","US-CW-000077","ORYNTH-systems/orynth-constitutional-state-integrity","SOURCE-ANCHORED ENUMERATED-POWER CONCEPT","01-constitutional-source-map/source-integrity/anchors/CONSTITUTIONAL_SOURCE_ANCHORS.json","YES","C1","0","INTEGRATED-CORRESPONDENCE-UNBOUND"
"US-CM-000078","US-CONST-ATOM-000078","F3","UNITED-STATES/CONGRESS/ARMIES","1","US-CP-000134","US-CW-000078","ORYNTH-systems/orynth-constitutional-state-integrity","SOURCE-ANCHORED ENUMERATED-POWER CONCEPT","01-constitutional-source-map/source-integrity/anchors/CONSTITUTIONAL_SOURCE_ANCHORS.json","YES","C1","0","INTEGRATED-CORRESPONDENCE-UNBOUND"
"US-CM-000079","US-CONST-ATOM-000079","F5","UNITED-STATES/CONGRESS/ARMY-APPROPRIATIONS","1","US-CP-000135","US-CW-000079","ORYNTH-systems/orynth-constitutional-state-integrity","TEMPORALLY-BOUNDED CONSTITUTIONAL LIMITATION","01-constitutional-source-map/source-integrity/anchors/CONSTITUTIONAL_SOURCE_ANCHORS.json","YES","C2","0","INTEGRATED-CORRESPONDENCE-UNBOUND"
"US-CM-000080","US-CONST-ATOM-000080","F3","UNITED-STATES/CONGRESS/NAVY","1","US-CP-000136","US-CW-000080","ORYNTH-systems/orynth-constitutional-state-integrity","SOURCE-ANCHORED ENUMERATED-MILITARY-POWER CONCEPT","01-constitutional-source-map/source-integrity/anchors/CONSTITUTIONAL_SOURCE_ANCHORS.json","YES","C1","0","INTEGRATED-CORRESPONDENCE-UNBOUND"
"US-CM-000081","US-CONST-ATOM-000081","F3","UNITED-STATES/CONGRESS/ARMED-FORCES-REGULATION","1","US-CP-000137","US-CW-000081","ORYNTH-systems/orynth-constitutional-state-integrity","SOURCE-ANCHORED ENUMERATED-MILITARY-POWER CONCEPT","01-constitutional-source-map/source-integrity/anchors/CONSTITUTIONAL_SOURCE_ANCHORS.json","YES","C1","0","INTEGRATED-CORRESPONDENCE-UNBOUND"
"US-CM-000082","US-CONST-ATOM-000082","F3","UNITED-STATES/CONGRESS/MILITIA/CALLING-FORTH","1","US-CP-000138","US-CW-000082","ORYNTH-systems/orynth-constitutional-state-integrity","SOURCE-ANCHORED ENUMERATED-MILITARY-POWER CONCEPT","01-constitutional-source-map/source-integrity/anchors/CONSTITUTIONAL_SOURCE_ANCHORS.json","YES","C1","0","INTEGRATED-CORRESPONDENCE-UNBOUND"
"US-CM-000083","US-CONST-ATOM-000083","F3","UNITED-STATES/CONGRESS/MILITIA/ORGANIZATION","1","US-CP-000139","US-CW-000083","ORYNTH-systems/orynth-constitutional-state-integrity","SOURCE-ANCHORED ENUMERATED-MILITARY-POWER CONCEPT","01-constitutional-source-map/source-integrity/anchors/CONSTITUTIONAL_SOURCE_ANCHORS.json","YES","C1","0","INTEGRATED-CORRESPONDENCE-UNBOUND"
"US-CM-000084","US-CONST-ATOM-000084","F6","UNITED-STATES/MILITIA/FEDERAL-SERVICE","1","US-CP-000140","US-CW-000084","ORYNTH-systems/orynth-constitutional-state-integrity","CONDITION-ACTIVATED FEDERAL JURISDICTION","01-constitutional-source-map/source-integrity/anchors/CONSTITUTIONAL_SOURCE_ANCHORS.json","YES","C2","0","INTEGRATED-CORRESPONDENCE-UNBOUND"
"US-CM-000085","US-CONST-ATOM-000085","F2","UNITED-STATES/STATES/MILITIA-OFFICER-APPOINTMENT","1","US-CP-000141","US-CW-000085","ORYNTH-systems/orynth-constitutional-state-integrity","RESERVED STATE AUTHORITY / FEDERAL-STATE SEPARATION","01-constitutional-source-map/source-integrity/anchors/CONSTITUTIONAL_SOURCE_ANCHORS.json","YES","C2","0","INTEGRATED-CORRESPONDENCE-UNBOUND"
"US-CM-000086","US-CONST-ATOM-000086","F2","UNITED-STATES/FEDERAL-STATE/MILITIA-TRAINING","2","US-CP-000142|US-CP-000143","US-CW-000086","ORYNTH-systems/orynth-constitutional-state-integrity","DIVIDED FEDERAL-STATE AUTHORITY","01-constitutional-source-map/source-integrity/anchors/CONSTITUTIONAL_SOURCE_ANCHORS.json","YES","C2","0","INTEGRATED-CORRESPONDENCE-UNBOUND"
"US-CM-000087","US-CONST-ATOM-000087","F6","UNITED-STATES/FEDERAL-SEAT","4","US-CP-000144|US-CP-000145|US-CP-000146|US-CP-000147","US-CW-000087","ORYNTH-systems/orynth-constitutional-state-integrity","CONDITIONED TERRITORIAL JURISDICTION","01-constitutional-source-map/source-integrity/anchors/CONSTITUTIONAL_SOURCE_ANCHORS.json","YES","C2","0","INTEGRATED-CORRESPONDENCE-UNBOUND"
"US-CM-000088","US-CONST-ATOM-000088","F6","UNITED-STATES/FEDERAL-ENCLAVES","4","US-CP-000148|US-CP-000149|US-CP-000150|US-CP-000151","US-CW-000088","ORYNTH-systems/orynth-constitutional-state-integrity","CONSENT-CONDITIONED TERRITORIAL JURISDICTION","01-constitutional-source-map/source-integrity/anchors/CONSTITUTIONAL_SOURCE_ANCHORS.json","YES","C2","0","INTEGRATED-CORRESPONDENCE-UNBOUND"
"US-CM-000089","US-CONST-ATOM-000089","F3","UNITED-STATES/CONGRESS/NECESSARY-PROPER","3","US-CP-000152|US-CP-000153|US-CP-000154","US-CW-000089","ORYNTH-systems/orynth-constitutional-state-integrity","VESTED-POWER-TO-EXECUTION AUTHORITY CHAIN","01-constitutional-source-map/source-integrity/anchors/CONSTITUTIONAL_SOURCE_ANCHORS.json","YES","C2","0","INTEGRATED-CORRESPONDENCE-UNBOUND"
"US-CM-000090","US-CONST-ATOM-000090","F5","UNITED-STATES/CONGRESS/MIGRATION-IMPORTATION/PRE-1808","2","US-CP-000155|US-CP-000156","US-CW-000090","ORYNTH-systems/orynth-constitutional-state-integrity","TEMPORAL CONSTITUTIONAL PROHIBITION","01-constitutional-source-map/source-integrity/anchors/CONSTITUTIONAL_SOURCE_ANCHORS.json","YES","C2","0","INTEGRATED-CORRESPONDENCE-UNBOUND"
"US-CM-000091","US-CONST-ATOM-000091","F3","UNITED-STATES/CONGRESS/MIGRATION-IMPORTATION/TAX","2","US-CP-000157|US-CP-000158","US-CW-000091","ORYNTH-systems/orynth-constitutional-state-integrity","SOURCE-ANCHORED LIMITATION / PROHIBITION CONCEPT","01-constitutional-source-map/source-integrity/anchors/CONSTITUTIONAL_SOURCE_ANCHORS.json","YES","C1","0","INTEGRATED-CORRESPONDENCE-UNBOUND"
"US-CM-000092","US-CONST-ATOM-000092","F5","UNITED-STATES/HABEAS-CORPUS","2","US-CP-000159|US-CP-000160","US-CW-000092","ORYNTH-systems/orynth-constitutional-state-integrity","SOURCE-ANCHORED LIMITATION / PROHIBITION CONCEPT","01-constitutional-source-map/source-integrity/anchors/CONSTITUTIONAL_SOURCE_ANCHORS.json","YES","C1","0","INTEGRATED-CORRESPONDENCE-UNBOUND"
"US-CM-000093","US-CONST-ATOM-000093","F5","UNITED-STATES/FEDERAL/LEGISLATIVE-PROHIBITIONS","2","US-CP-000161|US-CP-000162","US-CW-000093","ORYNTH-systems/orynth-constitutional-state-integrity","SOURCE-ANCHORED LIMITATION / PROHIBITION CONCEPT","01-constitutional-source-map/source-integrity/anchors/CONSTITUTIONAL_SOURCE_ANCHORS.json","YES","C1","0","INTEGRATED-CORRESPONDENCE-UNBOUND"
"US-CM-000094","US-CONST-ATOM-000094","F5","UNITED-STATES/FEDERAL/DIRECT-TAX","2","US-CP-000163|US-CP-000164","US-CW-000094","ORYNTH-systems/orynth-constitutional-state-integrity","SOURCE-ANCHORED LIMITATION / PROHIBITION CONCEPT","01-constitutional-source-map/source-integrity/anchors/CONSTITUTIONAL_SOURCE_ANCHORS.json","YES","C1","0","INTEGRATED-CORRESPONDENCE-UNBOUND"
"US-CM-000095","US-CONST-ATOM-000095","F5","UNITED-STATES/FEDERAL/STATE-EXPORTS","1","US-CP-000165","US-CW-000095","ORYNTH-systems/orynth-constitutional-state-integrity","SOURCE-ANCHORED LIMITATION / PROHIBITION CONCEPT","01-constitutional-source-map/source-integrity/anchors/CONSTITUTIONAL_SOURCE_ANCHORS.json","YES","C1","0","INTEGRATED-CORRESPONDENCE-UNBOUND"
"US-CM-000096","US-CONST-ATOM-000096","F5","UNITED-STATES/FEDERAL/PORT-NONPREFERENCE","1","US-CP-000166","US-CW-000096","ORYNTH-systems/orynth-constitutional-state-integrity","SOURCE-ANCHORED LIMITATION / PROHIBITION CONCEPT","01-constitutional-source-map/source-integrity/anchors/CONSTITUTIONAL_SOURCE_ANCHORS.json","YES","C1","0","INTEGRATED-CORRESPONDENCE-UNBOUND"
"US-CM-000097","US-CONST-ATOM-000097","F5","UNITED-STATES/FEDERAL/INTERSTATE-VESSELS","3","US-CP-000167|US-CP-000168|US-CP-000169","US-CW-000097","ORYNTH-systems/orynth-constitutional-state-integrity","SOURCE-ANCHORED LIMITATION / PROHIBITION CONCEPT","01-constitutional-source-map/source-integrity/anchors/CONSTITUTIONAL_SOURCE_ANCHORS.json","YES","C1","0","INTEGRATED-CORRESPONDENCE-UNBOUND"
"US-CM-000098","US-CONST-ATOM-000098","F5","UNITED-STATES/TREASURY/APPROPRIATIONS","2","US-CP-000170|US-CP-000171","US-CW-000098","ORYNTH-systems/orynth-constitutional-state-integrity","LAWFUL-PREREQUISITE CONSEQUENCE GATE","01-constitutional-source-map/source-integrity/anchors/CONSTITUTIONAL_SOURCE_ANCHORS.json","YES","C2","0","INTEGRATED-CORRESPONDENCE-UNBOUND"
"US-CM-000099","US-CONST-ATOM-000099","F3","UNITED-STATES/PUBLIC-FINANCE/ACCOUNTING","2","US-CP-000172|US-CP-000173","US-CW-000099","ORYNTH-systems/orynth-constitutional-state-integrity","SOURCE-ANCHORED PUBLIC DUTY CONCEPT","01-constitutional-source-map/source-integrity/anchors/CONSTITUTIONAL_SOURCE_ANCHORS.json","YES","C1","0","INTEGRATED-CORRESPONDENCE-UNBOUND"
"US-CM-000100","US-CONST-ATOM-000100","F5","UNITED-STATES/FEDERAL/TITLES-NOBILITY","1","US-CP-000174","US-CW-000100","ORYNTH-systems/orynth-constitutional-state-integrity","SOURCE-ANCHORED PROHIBITION CONCEPT","01-constitutional-source-map/source-integrity/anchors/CONSTITUTIONAL_SOURCE_ANCHORS.json","YES","C1","0","INTEGRATED-CORRESPONDENCE-UNBOUND"
"US-CM-000101","US-CONST-ATOM-000101","F5","UNITED-STATES/FEDERAL-OFFICERS/FOREIGN-BENEFITS","4","US-CP-000175|US-CP-000176|US-CP-000177|US-CP-000178","US-CW-000101","ORYNTH-systems/orynth-constitutional-state-integrity","CONDITIONAL PROHIBITION / CONSENT CONCEPT","01-constitutional-source-map/source-integrity/anchors/CONSTITUTIONAL_SOURCE_ANCHORS.json","YES","C1","0","INTEGRATED-CORRESPONDENCE-UNBOUND"
"US-CM-000102","US-CONST-ATOM-000102","F5","UNITED-STATES/STATES/TREATIES-ALLIANCES-CONFEDERATIONS","3","US-CP-000179|US-CP-000180|US-CP-000181","US-CW-000102","ORYNTH-systems/orynth-constitutional-state-integrity","STATE-SCOPED CONSTITUTIONAL PROHIBITION CONCEPT","01-constitutional-source-map/source-integrity/anchors/CONSTITUTIONAL_SOURCE_ANCHORS.json","YES","C1","0","INTEGRATED-CORRESPONDENCE-UNBOUND"
"US-CM-000103","US-CONST-ATOM-000103","F5","UNITED-STATES/STATES/MARQUE-REPRISAL","1","US-CP-000182","US-CW-000103","ORYNTH-systems/orynth-constitutional-state-integrity","STATE-SCOPED CONSTITUTIONAL PROHIBITION CONCEPT","01-constitutional-source-map/source-integrity/anchors/CONSTITUTIONAL_SOURCE_ANCHORS.json","YES","C1","0","INTEGRATED-CORRESPONDENCE-UNBOUND"
"US-CM-000104","US-CONST-ATOM-000104","F5","UNITED-STATES/STATES/COINAGE","1","US-CP-000183","US-CW-000104","ORYNTH-systems/orynth-constitutional-state-integrity","STATE-SCOPED CONSTITUTIONAL PROHIBITION CONCEPT","01-constitutional-source-map/source-integrity/anchors/CONSTITUTIONAL_SOURCE_ANCHORS.json","YES","C1","0","INTEGRATED-CORRESPONDENCE-UNBOUND"
"US-CM-000105","US-CONST-ATOM-000105","F5","UNITED-STATES/STATES/BILLS-OF-CREDIT","1","US-CP-000184","US-CW-000105","ORYNTH-systems/orynth-constitutional-state-integrity","STATE-SCOPED CONSTITUTIONAL PROHIBITION CONCEPT","01-constitutional-source-map/source-integrity/anchors/CONSTITUTIONAL_SOURCE_ANCHORS.json","YES","C1","0","INTEGRATED-CORRESPONDENCE-UNBOUND"
"US-CM-000106","US-CONST-ATOM-000106","F5","UNITED-STATES/STATES/LEGAL-TENDER","1","US-CP-000185","US-CW-000106","ORYNTH-systems/orynth-constitutional-state-integrity","STATE-SCOPED CONSTITUTIONAL PROHIBITION CONCEPT","01-constitutional-source-map/source-integrity/anchors/CONSTITUTIONAL_SOURCE_ANCHORS.json","YES","C1","0","INTEGRATED-CORRESPONDENCE-UNBOUND"
"US-CM-000107","US-CONST-ATOM-000107","F5","UNITED-STATES/STATES/BILL-OF-ATTAINDER","1","US-CP-000186","US-CW-000107","ORYNTH-systems/orynth-constitutional-state-integrity","STATE-SCOPED CONSTITUTIONAL PROHIBITION CONCEPT","01-constitutional-source-map/source-integrity/anchors/CONSTITUTIONAL_SOURCE_ANCHORS.json","YES","C1","0","INTEGRATED-CORRESPONDENCE-UNBOUND"
"US-CM-000108","US-CONST-ATOM-000108","F5","UNITED-STATES/STATES/EX-POST-FACTO","1","US-CP-000187","US-CW-000108","ORYNTH-systems/orynth-constitutional-state-integrity","STATE-SCOPED CONSTITUTIONAL PROHIBITION CONCEPT","01-constitutional-source-map/source-integrity/anchors/CONSTITUTIONAL_SOURCE_ANCHORS.json","YES","C1","0","INTEGRATED-CORRESPONDENCE-UNBOUND"
"US-CM-000109","US-CONST-ATOM-000109","F5","UNITED-STATES/STATES/CONTRACT-OBLIGATIONS","1","US-CP-000188","US-CW-000109","ORYNTH-systems/orynth-constitutional-state-integrity","SOURCE-ANCHORED CONSTITUTIONAL PROHIBITION / LIMITATION","02-constitutional-object-model/registry/PROHIBITION.yaml;02-constitutional-object-model/registry/LIMITATION.yaml;04-authority-lineage/AUTHORITY_LINEAGE_REGISTRY.yaml","YES","C1","0","INTEGRATED-CORRESPONDENCE-UNBOUND"
"US-CM-000110","US-CONST-ATOM-000110","F5","UNITED-STATES/STATES/TITLES-NOBILITY","1","US-CP-000189","US-CW-000110","ORYNTH-systems/orynth-constitutional-state-integrity","SOURCE-ANCHORED CONSTITUTIONAL PROHIBITION / LIMITATION","02-constitutional-object-model/registry/PROHIBITION.yaml;02-constitutional-object-model/registry/LIMITATION.yaml;04-authority-lineage/AUTHORITY_LINEAGE_REGISTRY.yaml","YES","C1","0","INTEGRATED-CORRESPONDENCE-UNBOUND"
"US-CM-000111","US-CONST-ATOM-000111","F5","UNITED-STATES/STATES/IMPORT-EXPORT-DUTIES","2","US-CP-000190|US-CP-000191","US-CW-000111","ORYNTH-systems/orynth-constitutional-state-integrity","SOURCE-ANCHORED CONSTITUTIONAL PROHIBITION / LIMITATION","02-constitutional-object-model/registry/PROHIBITION.yaml;02-constitutional-object-model/registry/LIMITATION.yaml;04-authority-lineage/AUTHORITY_LINEAGE_REGISTRY.yaml","YES","C1","0","INTEGRATED-CORRESPONDENCE-UNBOUND"
"US-CM-000112","US-CONST-ATOM-000112","F3","UNITED-STATES/STATES/IMPORT-EXPORT-DUTIES/PROCEEDS","1","US-CP-000192","US-CW-000112","ORYNTH-systems/orynth-constitutional-state-integrity","SOURCE-ANCHORED AUTHORITY / QUALIFICATION CONCEPT","02-constitutional-object-model/registry/AUTHORITY.yaml;02-constitutional-object-model/registry/QUALIFICATION.yaml;04-authority-lineage/AUTHORITY_LINEAGE_REGISTRY.yaml","YES","C1","0","INTEGRATED-CORRESPONDENCE-UNBOUND"
"US-CM-000113","US-CONST-ATOM-000113","F2","UNITED-STATES/FEDERAL-STATE/IMPORT-EXPORT-LAW-REVIEW","1","US-CP-000193","US-CW-000113","ORYNTH-systems/orynth-constitutional-state-integrity","ARCHITECTURAL AUTHORITY / ELECTION / TEMPORAL CONTROL","07-constitutional-state-integrity/elections/federal/FEDERAL_ELECTION_CONSTITUTIONAL_GRAPH.yaml;09-uaa-bridge/elections/actors/UAA_ELECTION_ACTOR_TAXONOMY.yaml;04-authority-lineage/AUTHORITY_LINEAGE_REGISTRY.yaml;07-constitutional-state-integrity/temporal/TEMPORAL_AUTHORITY.schema.json","YES","C2","0","INTEGRATED-CORRESPONDENCE-UNBOUND"
"US-CM-000114","US-CONST-ATOM-000114","F5","UNITED-STATES/STATES/TONNAGE-DUTIES","1","US-CP-000194","US-CW-000114","ORYNTH-systems/orynth-constitutional-state-integrity","SOURCE-ANCHORED CONSTITUTIONAL PROHIBITION / LIMITATION","02-constitutional-object-model/registry/PROHIBITION.yaml;02-constitutional-object-model/registry/LIMITATION.yaml;04-authority-lineage/AUTHORITY_LINEAGE_REGISTRY.yaml","YES","C1","0","INTEGRATED-CORRESPONDENCE-UNBOUND"
"US-CM-000115","US-CONST-ATOM-000115","F5","UNITED-STATES/STATES/PEACETIME-MILITARY-FORCES","1","US-CP-000195","US-CW-000115","ORYNTH-systems/orynth-constitutional-state-integrity","SOURCE-ANCHORED CONSTITUTIONAL PROHIBITION / LIMITATION","02-constitutional-object-model/registry/PROHIBITION.yaml;02-constitutional-object-model/registry/LIMITATION.yaml;04-authority-lineage/AUTHORITY_LINEAGE_REGISTRY.yaml","YES","C1","0","INTEGRATED-CORRESPONDENCE-UNBOUND"
"US-CM-000116","US-CONST-ATOM-000116","F5","UNITED-STATES/STATES/COMPACTS","2","US-CP-000196|US-CP-000197","US-CW-000116","ORYNTH-systems/orynth-constitutional-state-integrity","SOURCE-ANCHORED CONSTITUTIONAL PROHIBITION / LIMITATION","02-constitutional-object-model/registry/PROHIBITION.yaml;02-constitutional-object-model/registry/LIMITATION.yaml;04-authority-lineage/AUTHORITY_LINEAGE_REGISTRY.yaml","YES","C1","0","INTEGRATED-CORRESPONDENCE-UNBOUND"
"US-CM-000117","US-CONST-ATOM-000117","F5","UNITED-STATES/STATES/WAR","3","US-CP-000198|US-CP-000199|US-CP-000200","US-CW-000117","ORYNTH-systems/orynth-constitutional-state-integrity","SOURCE-ANCHORED CONSTITUTIONAL PROHIBITION / LIMITATION","02-constitutional-object-model/registry/PROHIBITION.yaml;02-constitutional-object-model/registry/LIMITATION.yaml;04-authority-lineage/AUTHORITY_LINEAGE_REGISTRY.yaml","YES","C1","0","INTEGRATED-CORRESPONDENCE-UNBOUND"
"US-CM-000118","US-CONST-ATOM-000118","F1","UNITED-STATES/FEDERAL/EXECUTIVE","2","US-CP-000201|US-CP-000202","US-CW-000118","ORYNTH-systems/orynth-constitutional-state-integrity","ARCHITECTURAL AUTHORITY / ELECTION / TEMPORAL CONTROL","07-constitutional-state-integrity/elections/federal/FEDERAL_ELECTION_CONSTITUTIONAL_GRAPH.yaml;09-uaa-bridge/elections/actors/UAA_ELECTION_ACTOR_TAXONOMY.yaml;04-authority-lineage/AUTHORITY_LINEAGE_REGISTRY.yaml;07-constitutional-state-integrity/temporal/TEMPORAL_AUTHORITY.schema.json","YES","C2","0","INTEGRATED-CORRESPONDENCE-UNBOUND"
"US-CM-000119","US-CONST-ATOM-000119","F3","UNITED-STATES/PRESIDENT-VICE-PRESIDENT/TERM","2","US-CP-000203|US-CP-000204","US-CW-000119","ORYNTH-systems/orynth-constitutional-state-integrity","ARCHITECTURAL AUTHORITY / ELECTION / TEMPORAL CONTROL","07-constitutional-state-integrity/elections/federal/FEDERAL_ELECTION_CONSTITUTIONAL_GRAPH.yaml;09-uaa-bridge/elections/actors/UAA_ELECTION_ACTOR_TAXONOMY.yaml;04-authority-lineage/AUTHORITY_LINEAGE_REGISTRY.yaml;07-constitutional-state-integrity/temporal/TEMPORAL_AUTHORITY.schema.json","YES","C2","0","INTEGRATED-CORRESPONDENCE-UNBOUND"
"US-CM-000120","US-CONST-ATOM-000120","F6","UNITED-STATES/STATES/PRESIDENTIAL-ELECTORS","2","US-CP-000205|US-CP-000206","US-CW-000120","ORYNTH-systems/orynth-constitutional-state-integrity","FORMAL ARTICLE-II ELECTION / QUALIFICATION ARCHITECTURE","03-constitutional-dependency-graph/elections/article-ii/ARTICLE_II_SECTION_1_ELECTOR_ARCHITECTURE.yaml;07-constitutional-state-integrity/elections/jurisdiction/ELECTION_JURISDICTION_MATRIX.yaml;09-uaa-bridge/elections/actors/UAA_ELECTION_ACTOR_TAXONOMY.yaml","YES","C3","0","INTEGRATED-CORRESPONDENCE-UNBOUND"
"US-CM-000121","US-CONST-ATOM-000121","F5","UNITED-STATES/PRESIDENTIAL-ELECTORS/INELIGIBILITY","1","US-CP-000207","US-CW-000121","ORYNTH-systems/orynth-constitutional-state-integrity","FORMAL ARTICLE-II ELECTION / QUALIFICATION ARCHITECTURE","03-constitutional-dependency-graph/elections/article-ii/ARTICLE_II_SECTION_1_ELECTOR_ARCHITECTURE.yaml;07-constitutional-state-integrity/elections/jurisdiction/ELECTION_JURISDICTION_MATRIX.yaml;09-uaa-bridge/elections/actors/UAA_ELECTION_ACTOR_TAXONOMY.yaml","YES","C3","0","INTEGRATED-CORRESPONDENCE-UNBOUND"
"US-CM-000122","US-CONST-ATOM-000122","F3","UNITED-STATES/STATES/PRESIDENTIAL-ELECTOR-PROCEDURE","3","US-CP-000208|US-CP-000209|US-CP-000210","US-CW-000122","ORYNTH-systems/orynth-constitutional-state-integrity","SOURCE-ANCHORED ELECTION PROCESS CONCEPT","07-constitutional-state-integrity/elections/federal/FEDERAL_ELECTION_CONSTITUTIONAL_GRAPH.yaml;02-constitutional-object-model/registry/PROCESS.yaml;09-uaa-bridge/elections/actors/UAA_ELECTION_ACTOR_TAXONOMY.yaml","YES","C1","0","INTEGRATED-CORRESPONDENCE-UNBOUND"
"US-CM-000123","US-CONST-ATOM-000123","F3","UNITED-STATES/PRESIDENTIAL-ELECTORS/VOTE-LIST","2","US-CP-000211|US-CP-000212","US-CW-000123","ORYNTH-systems/orynth-constitutional-state-integrity","SOURCE-ANCHORED ELECTION PROCESS CONCEPT","07-constitutional-state-integrity/elections/federal/FEDERAL_ELECTION_CONSTITUTIONAL_GRAPH.yaml;02-constitutional-object-model/registry/PROCESS.yaml;09-uaa-bridge/elections/actors/UAA_ELECTION_ACTOR_TAXONOMY.yaml","YES","C1","0","INTEGRATED-CORRESPONDENCE-UNBOUND"
"US-CM-000124","US-CONST-ATOM-000124","F3","UNITED-STATES/PRESIDENTIAL-ELECTORS/CERTIFICATION-TRANSMISSION","5","US-CP-000213|US-CP-000214|US-CP-000215|US-CP-000216|US-CP-000217","US-CW-000124","ORYNTH-systems/orynth-constitutional-state-integrity","SOURCE-ANCHORED ELECTION PROCESS CONCEPT","07-constitutional-state-integrity/elections/federal/FEDERAL_ELECTION_CONSTITUTIONAL_GRAPH.yaml;02-constitutional-object-model/registry/PROCESS.yaml;09-uaa-bridge/elections/actors/UAA_ELECTION_ACTOR_TAXONOMY.yaml","YES","C1","0","INTEGRATED-CORRESPONDENCE-UNBOUND"
"US-CM-000125","US-CONST-ATOM-000125","F4","UNITED-STATES/PRESIDENTIAL-ELECTION/CERTIFICATE-OPENING","3","US-CP-000218|US-CP-000219|US-CP-000220","US-CW-000125","ORYNTH-systems/orynth-constitutional-state-integrity","ARCHITECTURAL AUTHORITY / ELECTION / TEMPORAL CONTROL","07-constitutional-state-integrity/elections/federal/FEDERAL_ELECTION_CONSTITUTIONAL_GRAPH.yaml;09-uaa-bridge/elections/actors/UAA_ELECTION_ACTOR_TAXONOMY.yaml;04-authority-lineage/AUTHORITY_LINEAGE_REGISTRY.yaml;07-constitutional-state-integrity/temporal/TEMPORAL_AUTHORITY.schema.json","YES","C2","0","INTEGRATED-CORRESPONDENCE-UNBOUND"
"US-CM-000126","US-CONST-ATOM-000126","F3","UNITED-STATES/PRESIDENTIAL-ELECTION/VOTE-COUNT","2","US-CP-000221|US-CP-000222","US-CW-000126","ORYNTH-systems/orynth-constitutional-state-integrity","ARCHITECTURAL AUTHORITY / ELECTION / TEMPORAL CONTROL","07-constitutional-state-integrity/elections/federal/FEDERAL_ELECTION_CONSTITUTIONAL_GRAPH.yaml;09-uaa-bridge/elections/actors/UAA_ELECTION_ACTOR_TAXONOMY.yaml;04-authority-lineage/AUTHORITY_LINEAGE_REGISTRY.yaml;07-constitutional-state-integrity/temporal/TEMPORAL_AUTHORITY.schema.json","YES","C2","0","INTEGRATED-CORRESPONDENCE-UNBOUND"
"US-CM-000127","US-CONST-ATOM-000127","F4","UNITED-STATES/PRESIDENTIAL-ELECTION/MAJORITY","2","US-CP-000223|US-CP-000224","US-CW-000127","ORYNTH-systems/orynth-constitutional-state-integrity","SOURCE-ANCHORED ELECTION PROCESS CONCEPT","07-constitutional-state-integrity/elections/federal/FEDERAL_ELECTION_CONSTITUTIONAL_GRAPH.yaml;02-constitutional-object-model/registry/PROCESS.yaml;09-uaa-bridge/elections/actors/UAA_ELECTION_ACTOR_TAXONOMY.yaml","YES","C1","0","INTEGRATED-CORRESPONDENCE-UNBOUND"
"US-CM-000128","US-CONST-ATOM-000128","F3","UNITED-STATES/HOUSE/CONTINGENT-PRESIDENTIAL-ELECTION","4","US-CP-000225|US-CP-000226|US-CP-000227|US-CP-000228","US-CW-000128","ORYNTH-systems/orynth-constitutional-state-integrity","ARCHITECTURAL AUTHORITY / ELECTION / TEMPORAL CONTROL","07-constitutional-state-integrity/elections/federal/FEDERAL_ELECTION_CONSTITUTIONAL_GRAPH.yaml;09-uaa-bridge/elections/actors/UAA_ELECTION_ACTOR_TAXONOMY.yaml;04-authority-lineage/AUTHORITY_LINEAGE_REGISTRY.yaml;07-constitutional-state-integrity/temporal/TEMPORAL_AUTHORITY.schema.json","YES","C2","0","INTEGRATED-CORRESPONDENCE-UNBOUND"
"US-CM-000129","US-CONST-ATOM-000129","F3","UNITED-STATES/HOUSE/CONTINGENT-PRESIDENTIAL-ELECTION","3","US-CP-000229|US-CP-000230|US-CP-000231","US-CW-000129","ORYNTH-systems/orynth-constitutional-state-integrity","ARCHITECTURAL AUTHORITY / ELECTION / TEMPORAL CONTROL","07-constitutional-state-integrity/elections/federal/FEDERAL_ELECTION_CONSTITUTIONAL_GRAPH.yaml;09-uaa-bridge/elections/actors/UAA_ELECTION_ACTOR_TAXONOMY.yaml;04-authority-lineage/AUTHORITY_LINEAGE_REGISTRY.yaml;07-constitutional-state-integrity/temporal/TEMPORAL_AUTHORITY.schema.json","YES","C2","0","INTEGRATED-CORRESPONDENCE-UNBOUND"
"US-CM-000130","US-CONST-ATOM-000130","F3","UNITED-STATES/HOUSE/CONTINGENT-PRESIDENTIAL-ELECTION/VOTE-METHOD","2","US-CP-000232|US-CP-000233","US-CW-000130","ORYNTH-systems/orynth-constitutional-state-integrity","SOURCE-ANCHORED ELECTION PROCESS CONCEPT","07-constitutional-state-integrity/elections/federal/FEDERAL_ELECTION_CONSTITUTIONAL_GRAPH.yaml;02-constitutional-object-model/registry/PROCESS.yaml;09-uaa-bridge/elections/actors/UAA_ELECTION_ACTOR_TAXONOMY.yaml","YES","C1","0","INTEGRATED-CORRESPONDENCE-UNBOUND"
"US-CM-000131","US-CONST-ATOM-000131","F4","UNITED-STATES/HOUSE/CONTINGENT-PRESIDENTIAL-ELECTION/QUORUM","1","US-CP-000234","US-CW-000131","ORYNTH-systems/orynth-constitutional-state-integrity","SOURCE-ANCHORED ELECTION PROCESS CONCEPT","07-constitutional-state-integrity/elections/federal/FEDERAL_ELECTION_CONSTITUTIONAL_GRAPH.yaml;02-constitutional-object-model/registry/PROCESS.yaml;09-uaa-bridge/elections/actors/UAA_ELECTION_ACTOR_TAXONOMY.yaml","YES","C1","0","INTEGRATED-CORRESPONDENCE-UNBOUND"
"US-CM-000132","US-CONST-ATOM-000132","F4","UNITED-STATES/HOUSE/CONTINGENT-PRESIDENTIAL-ELECTION/CHOICE","1","US-CP-000235","US-CW-000132","ORYNTH-systems/orynth-constitutional-state-integrity","SOURCE-ANCHORED ELECTION PROCESS CONCEPT","07-constitutional-state-integrity/elections/federal/FEDERAL_ELECTION_CONSTITUTIONAL_GRAPH.yaml;02-constitutional-object-model/registry/PROCESS.yaml;09-uaa-bridge/elections/actors/UAA_ELECTION_ACTOR_TAXONOMY.yaml","YES","C1","0","INTEGRATED-CORRESPONDENCE-UNBOUND"
"US-CM-000133","US-CONST-ATOM-000133","F3","UNITED-STATES/VICE-PRESIDENTIAL-ELECTION","2","US-CP-000236|US-CP-000237","US-CW-000133","ORYNTH-systems/orynth-constitutional-state-integrity","SOURCE-ANCHORED ELECTION PROCESS CONCEPT","07-constitutional-state-integrity/elections/federal/FEDERAL_ELECTION_CONSTITUTIONAL_GRAPH.yaml;02-constitutional-object-model/registry/PROCESS.yaml;09-uaa-bridge/elections/actors/UAA_ELECTION_ACTOR_TAXONOMY.yaml","YES","C1","0","INTEGRATED-CORRESPONDENCE-UNBOUND"
"US-CM-000134","US-CONST-ATOM-000134","F3","UNITED-STATES/SENATE/CONTINGENT-VICE-PRESIDENTIAL-ELECTION","3","US-CP-000238|US-CP-000239|US-CP-000240","US-CW-000134","ORYNTH-systems/orynth-constitutional-state-integrity","ARCHITECTURAL AUTHORITY / ELECTION / TEMPORAL CONTROL","07-constitutional-state-integrity/elections/federal/FEDERAL_ELECTION_CONSTITUTIONAL_GRAPH.yaml;09-uaa-bridge/elections/actors/UAA_ELECTION_ACTOR_TAXONOMY.yaml;04-authority-lineage/AUTHORITY_LINEAGE_REGISTRY.yaml;07-constitutional-state-integrity/temporal/TEMPORAL_AUTHORITY.schema.json","YES","C2","0","INTEGRATED-CORRESPONDENCE-UNBOUND"
"US-CM-000135","US-CONST-ATOM-000135","F3","UNITED-STATES/CONGRESS/PRESIDENTIAL-ELECTION/TIMING","1","US-CP-000241","US-CW-000135","ORYNTH-systems/orynth-constitutional-state-integrity","FORMAL ARTICLE-II ELECTION / QUALIFICATION ARCHITECTURE","03-constitutional-dependency-graph/elections/article-ii/ARTICLE_II_SECTION_1_ELECTOR_ARCHITECTURE.yaml;07-constitutional-state-integrity/elections/jurisdiction/ELECTION_JURISDICTION_MATRIX.yaml;09-uaa-bridge/elections/actors/UAA_ELECTION_ACTOR_TAXONOMY.yaml","YES","C3","0","INTEGRATED-CORRESPONDENCE-UNBOUND"
"US-CM-000136","US-CONST-ATOM-000136","F3","UNITED-STATES/CONGRESS/PRESIDENTIAL-ELECTION/VOTING-DAY","1","US-CP-000242","US-CW-000136","ORYNTH-systems/orynth-constitutional-state-integrity","FORMAL ARTICLE-II ELECTION / QUALIFICATION ARCHITECTURE","03-constitutional-dependency-graph/elections/article-ii/ARTICLE_II_SECTION_1_ELECTOR_ARCHITECTURE.yaml;07-constitutional-state-integrity/elections/jurisdiction/ELECTION_JURISDICTION_MATRIX.yaml;09-uaa-bridge/elections/actors/UAA_ELECTION_ACTOR_TAXONOMY.yaml","YES","C3","0","INTEGRATED-CORRESPONDENCE-UNBOUND"
"US-CM-000137","US-CONST-ATOM-000137","F5","UNITED-STATES/PRESIDENTIAL-ELECTION/UNIFORM-DAY","1","US-CP-000243","US-CW-000137","ORYNTH-systems/orynth-constitutional-state-integrity","SOURCE-ANCHORED CONSTITUTIONAL PROHIBITION / LIMITATION","02-constitutional-object-model/registry/PROHIBITION.yaml;02-constitutional-object-model/registry/LIMITATION.yaml;04-authority-lineage/AUTHORITY_LINEAGE_REGISTRY.yaml","YES","C1","0","INTEGRATED-CORRESPONDENCE-UNBOUND"
"US-CM-000138","US-CONST-ATOM-000138","F3","UNITED-STATES/PRESIDENT/ELIGIBILITY/CITIZENSHIP","1","US-CP-000244","US-CW-000138","ORYNTH-systems/orynth-constitutional-state-integrity","FORMAL ARTICLE-II ELECTION / QUALIFICATION ARCHITECTURE","03-constitutional-dependency-graph/elections/article-ii/ARTICLE_II_SECTION_1_ELECTOR_ARCHITECTURE.yaml;07-constitutional-state-integrity/elections/jurisdiction/ELECTION_JURISDICTION_MATRIX.yaml;09-uaa-bridge/elections/actors/UAA_ELECTION_ACTOR_TAXONOMY.yaml","YES","C3","0","INTEGRATED-CORRESPONDENCE-UNBOUND"
"US-CM-000139","US-CONST-ATOM-000139","F3","UNITED-STATES/PRESIDENT/ELIGIBILITY/AGE-RESIDENCE","2","US-CP-000245|US-CP-000246","US-CW-000139","ORYNTH-systems/orynth-constitutional-state-integrity","FORMAL ARTICLE-II ELECTION / QUALIFICATION ARCHITECTURE","03-constitutional-dependency-graph/elections/article-ii/ARTICLE_II_SECTION_1_ELECTOR_ARCHITECTURE.yaml;07-constitutional-state-integrity/elections/jurisdiction/ELECTION_JURISDICTION_MATRIX.yaml;09-uaa-bridge/elections/actors/UAA_ELECTION_ACTOR_TAXONOMY.yaml","YES","C3","0","INTEGRATED-CORRESPONDENCE-UNBOUND"
"US-CM-000140","US-CONST-ATOM-000140","F1","UNITED-STATES/PRESIDENTIAL-SUCCESSION/VICE-PRESIDENT","2","US-CP-000247|US-CP-000248","US-CW-000140","ORYNTH-systems/orynth-constitutional-state-integrity","ARCHITECTURAL AUTHORITY / ELECTION / TEMPORAL CONTROL","07-constitutional-state-integrity/elections/federal/FEDERAL_ELECTION_CONSTITUTIONAL_GRAPH.yaml;09-uaa-bridge/elections/actors/UAA_ELECTION_ACTOR_TAXONOMY.yaml;04-authority-lineage/AUTHORITY_LINEAGE_REGISTRY.yaml;07-constitutional-state-integrity/temporal/TEMPORAL_AUTHORITY.schema.json","YES","C2","0","INTEGRATED-CORRESPONDENCE-UNBOUND"
"US-CM-000141","US-CONST-ATOM-000141","F3","UNITED-STATES/CONGRESS/PRESIDENTIAL-SUCCESSION","4","US-CP-000249|US-CP-000250|US-CP-000251|US-CP-000252","US-CW-000141","ORYNTH-systems/orynth-constitutional-state-integrity","ARCHITECTURAL AUTHORITY / ELECTION / TEMPORAL CONTROL","07-constitutional-state-integrity/elections/federal/FEDERAL_ELECTION_CONSTITUTIONAL_GRAPH.yaml;09-uaa-bridge/elections/actors/UAA_ELECTION_ACTOR_TAXONOMY.yaml;04-authority-lineage/AUTHORITY_LINEAGE_REGISTRY.yaml;07-constitutional-state-integrity/temporal/TEMPORAL_AUTHORITY.schema.json","YES","C2","0","INTEGRATED-CORRESPONDENCE-UNBOUND"
"US-CM-000142","US-CONST-ATOM-000142","F3","UNITED-STATES/PRESIDENT/COMPENSATION","2","US-CP-000253|US-CP-000254","US-CW-000142","ORYNTH-systems/orynth-constitutional-state-integrity","SOURCE-ANCHORED AUTHORITY / QUALIFICATION CONCEPT","02-constitutional-object-model/registry/AUTHORITY.yaml;02-constitutional-object-model/registry/QUALIFICATION.yaml;04-authority-lineage/AUTHORITY_LINEAGE_REGISTRY.yaml","YES","C1","0","INTEGRATED-CORRESPONDENCE-UNBOUND"
"US-CM-000143","US-CONST-ATOM-000143","F5","UNITED-STATES/PRESIDENT/COMPENSATION/TERM-PROTECTION","1","US-CP-000255","US-CW-000143","ORYNTH-systems/orynth-constitutional-state-integrity","ARCHITECTURAL AUTHORITY / ELECTION / TEMPORAL CONTROL","07-constitutional-state-integrity/elections/federal/FEDERAL_ELECTION_CONSTITUTIONAL_GRAPH.yaml;09-uaa-bridge/elections/actors/UAA_ELECTION_ACTOR_TAXONOMY.yaml;04-authority-lineage/AUTHORITY_LINEAGE_REGISTRY.yaml;07-constitutional-state-integrity/temporal/TEMPORAL_AUTHORITY.schema.json","YES","C2","0","INTEGRATED-CORRESPONDENCE-UNBOUND"
"US-CM-000144","US-CONST-ATOM-000144","F5","UNITED-STATES/PRESIDENT/OTHER-EMOLUMENTS","1","US-CP-000256","US-CW-000144","ORYNTH-systems/orynth-constitutional-state-integrity","SOURCE-ANCHORED CONSTITUTIONAL PROHIBITION / LIMITATION","02-constitutional-object-model/registry/PROHIBITION.yaml;02-constitutional-object-model/registry/LIMITATION.yaml;04-authority-lineage/AUTHORITY_LINEAGE_REGISTRY.yaml","YES","C1","0","INTEGRATED-CORRESPONDENCE-UNBOUND"
"US-CM-000145","US-CONST-ATOM-000145","F3","UNITED-STATES/PRESIDENT/OATH","2","US-CP-000257|US-CP-000258","US-CW-000145","ORYNTH-systems/orynth-constitutional-state-integrity","EXECUTIVE-AUTHORITY / PRE-EXECUTION-PROCESS CONCEPT","03-constitutional-dependency-graph/source/CORE_CONSTITUTIONAL_ARCHITECTURE.yaml","YES","C1","0","INTEGRATED-CORRESPONDENCE-UNBOUND"
"US-CM-000146","US-CONST-ATOM-000146","F3","UNITED-STATES/PRESIDENT/COMMANDER-IN-CHIEF","2","US-CP-000259|US-CP-000260","US-CW-000146","ORYNTH-systems/orynth-constitutional-state-integrity","EXECUTIVE-AUTHORITY / OPERATION-SCOPED-AUTHORITY CONCEPT","03-constitutional-dependency-graph/source/CORE_CONSTITUTIONAL_ARCHITECTURE.yaml","YES","C1","0","INTEGRATED-CORRESPONDENCE-UNBOUND"
"US-CM-000147","US-CONST-ATOM-000147","F3","UNITED-STATES/PRESIDENT/EXECUTIVE-DEPARTMENT-OPINIONS","3","US-CP-000261|US-CP-000262|US-CP-000263","US-CW-000147","ORYNTH-systems/orynth-constitutional-state-integrity","EXECUTIVE-AUTHORITY / DUTY-SCOPED-INFORMATION CONCEPT","03-constitutional-dependency-graph/source/CORE_CONSTITUTIONAL_ARCHITECTURE.yaml","YES","C1","0","INTEGRATED-CORRESPONDENCE-UNBOUND"
"US-CM-000148","US-CONST-ATOM-000148","F3","UNITED-STATES/PRESIDENT/PARDON","3","US-CP-000264|US-CP-000265|US-CP-000266","US-CW-000148","ORYNTH-systems/orynth-constitutional-state-integrity","EXECUTIVE-AUTHORITY / NEGATIVE-SCOPE CONCEPT","03-constitutional-dependency-graph/source/CORE_CONSTITUTIONAL_ARCHITECTURE.yaml","YES","C1","0","INTEGRATED-CORRESPONDENCE-UNBOUND"
"US-CM-000149","US-CONST-ATOM-000149","F4","UNITED-STATES/PRESIDENT-SENATE/TREATIES","3","US-CP-000267|US-CP-000268|US-CP-000269","US-CW-000149","ORYNTH-systems/orynth-constitutional-state-integrity","MULTI-ACTOR AUTHORITY / CONCURRENCE-BOUND EXECUTION ARCHITECTURE","03-constitutional-dependency-graph/source/CORE_CONSTITUTIONAL_ARCHITECTURE.yaml","YES","C2","0","INTEGRATED-CORRESPONDENCE-UNBOUND"
"US-CM-000150","US-CONST-ATOM-000150","F3","UNITED-STATES/PRESIDENT/NOMINATIONS","2","US-CP-000270|US-CP-000271","US-CW-000150","ORYNTH-systems/orynth-constitutional-state-integrity","STAGED AUTHORITY / PROPOSAL-NOT-EFFECT ARCHITECTURE","03-constitutional-dependency-graph/source/CORE_CONSTITUTIONAL_ARCHITECTURE.yaml","YES","C2","0","INTEGRATED-CORRESPONDENCE-UNBOUND"
"US-CM-000151","US-CONST-ATOM-000151","F4","UNITED-STATES/PRESIDENT-SENATE/APPOINTMENTS","3","US-CP-000272|US-CP-000273|US-CP-000274","US-CW-000151","ORYNTH-systems/orynth-constitutional-state-integrity","MULTI-PRINCIPAL APPOINTMENT / EFFECT-BOUNDARY ARCHITECTURE","03-constitutional-dependency-graph/source/CORE_CONSTITUTIONAL_ARCHITECTURE.yaml","YES","C2","0","INTEGRATED-CORRESPONDENCE-UNBOUND"
"US-CM-000152","US-CONST-ATOM-000152","F1","UNITED-STATES/FEDERAL/INFERIOR-OFFICER-APPOINTMENTS","3","US-CP-000275|US-CP-000276|US-CP-000277","US-CW-000152","ORYNTH-systems/orynth-constitutional-state-integrity","SOURCE-BOUNDED SECONDARY VESTING / DELEGATION ARCHITECTURE","03-constitutional-dependency-graph/source/CORE_CONSTITUTIONAL_ARCHITECTURE.yaml","YES","C2","0","INTEGRATED-CORRESPONDENCE-UNBOUND"
"US-CM-000153","US-CONST-ATOM-000153","F3","UNITED-STATES/PRESIDENT/RECESS-APPOINTMENTS","3","US-CP-000278|US-CP-000279|US-CP-000280","US-CW-000153","ORYNTH-systems/orynth-constitutional-state-integrity","CONDITIONED EXECUTIVE AUTHORITY / TEMPORAL AUTHORITY ARCHITECTURE","03-constitutional-dependency-graph/source/CORE_CONSTITUTIONAL_ARCHITECTURE.yaml","YES","C2","0","INTEGRATED-CORRESPONDENCE-UNBOUND"
"US-CM-000154","US-CONST-ATOM-000154","F3","UNITED-STATES/PRESIDENT/RECESS-APPOINTMENTS/DURATION","2","US-CP-000281|US-CP-000282","US-CW-000154","ORYNTH-systems/orynth-constitutional-state-integrity","TEMPORALLY EXPIRING AUTHORITY ARCHITECTURE","04-authority-lineage/AUTHORITY_LINEAGE_REGISTRY.yaml","YES","C2","0","INTEGRATED-CORRESPONDENCE-UNBOUND"
"US-CM-000155","US-CONST-ATOM-000155","F3","UNITED-STATES/PRESIDENT/CONGRESS/STATE-OF-UNION","2","US-CP-000283|US-CP-000284","US-CW-000155","ORYNTH-systems/orynth-constitutional-state-integrity","EXECUTIVE-DUTY / INSTITUTIONAL-RECIPIENT CONCEPT","03-constitutional-dependency-graph/source/CORE_CONSTITUTIONAL_ARCHITECTURE.yaml","YES","C1","0","INTEGRATED-CORRESPONDENCE-UNBOUND"
"US-CM-000156","US-CONST-ATOM-000156","F3","UNITED-STATES/PRESIDENT/CONGRESS/RECOMMENDATIONS","3","US-CP-000285|US-CP-000286|US-CP-000287","US-CW-000156","ORYNTH-systems/orynth-constitutional-state-integrity","EXECUTIVE-RECOMMENDATION / AUTHORITY-SEPARATION CONCEPT","03-constitutional-dependency-graph/source/CORE_CONSTITUTIONAL_ARCHITECTURE.yaml","YES","C1","0","INTEGRATED-CORRESPONDENCE-UNBOUND"
"US-CM-000157","US-CONST-ATOM-000157","F3","UNITED-STATES/PRESIDENT/CONGRESS/CONVENING","3","US-CP-000288|US-CP-000289|US-CP-000290","US-CW-000157","ORYNTH-systems/orynth-constitutional-state-integrity","CONDITIONED EXECUTIVE PROCESS CONCEPT","03-constitutional-dependency-graph/source/CORE_CONSTITUTIONAL_ARCHITECTURE.yaml","YES","C1","0","INTEGRATED-CORRESPONDENCE-UNBOUND"
"US-CM-000158","US-CONST-ATOM-000158","F3","UNITED-STATES/PRESIDENT/CONGRESS/ADJOURNMENT","3","US-CP-000291|US-CP-000292|US-CP-000293","US-CW-000158","ORYNTH-systems/orynth-constitutional-state-integrity","CONFLICT-TRIGGERED EXECUTIVE PROCESS CONCEPT","03-constitutional-dependency-graph/source/CORE_CONSTITUTIONAL_ARCHITECTURE.yaml","YES","C1","0","INTEGRATED-CORRESPONDENCE-UNBOUND"
"US-CM-000159","US-CONST-ATOM-000159","F3","UNITED-STATES/PRESIDENT/DIPLOMATIC-RECEPTION","2","US-CP-000294|US-CP-000295","US-CW-000159","ORYNTH-systems/orynth-constitutional-state-integrity","EXECUTIVE-AUTHORITY / DIPLOMATIC-FUNCTION CONCEPT","03-constitutional-dependency-graph/source/CORE_CONSTITUTIONAL_ARCHITECTURE.yaml","YES","C1","0","INTEGRATED-CORRESPONDENCE-UNBOUND"
"US-CM-000160","US-CONST-ATOM-000160","F3","UNITED-STATES/PRESIDENT/LAW-EXECUTION","1","US-CP-000296","US-CW-000160","ORYNTH-systems/orynth-constitutional-state-integrity","CONSTITUTIONAL EXECUTION / AUTHORITY-GATED CONSEQUENCE ARCHITECTURE","03-constitutional-dependency-graph/source/CORE_CONSTITUTIONAL_ARCHITECTURE.yaml","YES","C2","0","INTEGRATED-CORRESPONDENCE-UNBOUND"
"US-CM-000161","US-CONST-ATOM-000161","F3","UNITED-STATES/PRESIDENT/FEDERAL-OFFICER-COMMISSIONS","2","US-CP-000297|US-CP-000298","US-CW-000161","ORYNTH-systems/orynth-constitutional-state-integrity","EXECUTIVE-OFFICE ACTION / OPERATION-SCOPED AUTHORITY CONCEPT","03-constitutional-dependency-graph/source/CORE_CONSTITUTIONAL_ARCHITECTURE.yaml","YES","C1","0","INTEGRATED-CORRESPONDENCE-UNBOUND"
"US-CM-000162","US-CONST-ATOM-000162","F4","UNITED-STATES/FEDERAL/IMPEACHMENT-REMOVAL","4","US-CP-000299|US-CP-000300|US-CP-000301|US-CP-000302","US-CW-000162","ORYNTH-systems/orynth-constitutional-state-integrity","MULTI-STAGE CONSTITUTIONAL EFFECT / AUTHORITY-SEPARATION ARCHITECTURE","03-constitutional-dependency-graph/source/CORE_CONSTITUTIONAL_ARCHITECTURE.yaml","YES","C2","0","INTEGRATED-CORRESPONDENCE-UNBOUND"
"US-CM-000163","US-CONST-ATOM-000163","F1","UNITED-STATES/FEDERAL/JUDICIARY/SUPREME-COURT","2","US-CP-000303|US-CP-000304","US-CW-000163","ORYNTH-systems/orynth-constitutional-state-integrity","JUDICIAL-AUTHORITY / CONSTITUTIONAL-VESTING ARCHITECTURE","03-constitutional-dependency-graph/source/CORE_CONSTITUTIONAL_ARCHITECTURE.yaml","YES","C2","0","INTEGRATED-CORRESPONDENCE-UNBOUND"
"US-CM-000164","US-CONST-ATOM-000164","F1","UNITED-STATES/FEDERAL/JUDICIARY/INFERIOR-COURTS","2","US-CP-000305|US-CP-000306","US-CW-000164","ORYNTH-systems/orynth-constitutional-state-integrity","JUDICIAL-AUTHORITY / SOURCE-DEPENDENT INSTITUTIONAL VESTING ARCHITECTURE","03-constitutional-dependency-graph/source/CORE_CONSTITUTIONAL_ARCHITECTURE.yaml","YES","C2","0","INTEGRATED-CORRESPONDENCE-UNBOUND"
"US-CM-000165","US-CONST-ATOM-000165","F3","UNITED-STATES/FEDERAL/JUDICIARY/JUDICIAL-TENURE","2","US-CP-000307|US-CP-000308","US-CW-000165","ORYNTH-systems/orynth-constitutional-state-integrity","TEMPORALLY CONDITIONED JUDICIAL AUTHORITY ARCHITECTURE","03-constitutional-dependency-graph/source/CORE_CONSTITUTIONAL_ARCHITECTURE.yaml","YES","C2","0","INTEGRATED-CORRESPONDENCE-UNBOUND"
"US-CM-000166","US-CONST-ATOM-000166","F3","UNITED-STATES/FEDERAL/JUDICIARY/COMPENSATION","2","US-CP-000309|US-CP-000310","US-CW-000166","ORYNTH-systems/orynth-constitutional-state-integrity","JUDICIAL-DUTY / COMPENSATION CONCEPT","03-constitutional-dependency-graph/source/CORE_CONSTITUTIONAL_ARCHITECTURE.yaml","YES","C1","0","INTEGRATED-CORRESPONDENCE-UNBOUND"
"US-CM-000167","US-CONST-ATOM-000167","F5","UNITED-STATES/FEDERAL/JUDICIARY/COMPENSATION-PROTECTION","1","US-CP-000311","US-CW-000167","ORYNTH-systems/orynth-constitutional-state-integrity","JUDICIAL-LIMITATION / NONDIMINUTION CONCEPT","03-constitutional-dependency-graph/source/CORE_CONSTITUTIONAL_ARCHITECTURE.yaml","YES","C1","0","INTEGRATED-CORRESPONDENCE-UNBOUND"
"US-CM-000168","US-CONST-ATOM-000168","F6","UNITED-STATES/FEDERAL/JUDICIARY/FEDERAL-QUESTION","2","US-CP-000312|US-CP-000313","US-CW-000168","ORYNTH-systems/orynth-constitutional-state-integrity","JUDICIAL-JURISDICTION / SOURCE-NEXUS ARCHITECTURE","03-constitutional-dependency-graph/source/CORE_CONSTITUTIONAL_ARCHITECTURE.yaml","YES","C2","0","INTEGRATED-CORRESPONDENCE-UNBOUND"
"US-CM-000169","US-CONST-ATOM-000169","F6","UNITED-STATES/FEDERAL/JUDICIARY/DIPLOMATIC-CASES","1","US-CP-000314","US-CW-000169","ORYNTH-systems/orynth-constitutional-state-integrity","JUDICIAL-JURISDICTION / ACTOR-SCOPED CASE ARCHITECTURE","03-constitutional-dependency-graph/source/CORE_CONSTITUTIONAL_ARCHITECTURE.yaml","YES","C2","0","INTEGRATED-CORRESPONDENCE-UNBOUND"
"US-CM-000170","US-CONST-ATOM-000170","F6","UNITED-STATES/FEDERAL/JUDICIARY/ADMIRALTY-MARITIME","1","US-CP-000315","US-CW-000170","ORYNTH-systems/orynth-constitutional-state-integrity","JUDICIAL-JURISDICTION / DOMAIN-SCOPED ARCHITECTURE","03-constitutional-dependency-graph/source/CORE_CONSTITUTIONAL_ARCHITECTURE.yaml","YES","C2","0","INTEGRATED-CORRESPONDENCE-UNBOUND"
"US-CM-000171","US-CONST-ATOM-000171","F6","UNITED-STATES/FEDERAL/JUDICIARY/UNITED-STATES-PARTY","1","US-CP-000316","US-CW-000171","ORYNTH-systems/orynth-constitutional-state-integrity","JUDICIAL-JURISDICTION / PARTY-SCOPED ARCHITECTURE","03-constitutional-dependency-graph/source/CORE_CONSTITUTIONAL_ARCHITECTURE.yaml","YES","C2","0","INTEGRATED-CORRESPONDENCE-UNBOUND"
"US-CM-000172","US-CONST-ATOM-000172","F6","UNITED-STATES/FEDERAL/JUDICIARY/STATE-STATE","1","US-CP-000317","US-CW-000172","ORYNTH-systems/orynth-constitutional-state-integrity","JUDICIAL-JURISDICTION / MULTI-STATE PARTY ARCHITECTURE","03-constitutional-dependency-graph/source/CORE_CONSTITUTIONAL_ARCHITECTURE.yaml","YES","C2","0","INTEGRATED-CORRESPONDENCE-UNBOUND"
"US-CM-000173","US-CONST-ATOM-000173","F6","UNITED-STATES/FEDERAL/JUDICIARY/STATE-OTHER-STATE-CITIZEN","1","US-CP-000318","US-CW-000173","ORYNTH-systems/orynth-constitutional-state-integrity","JUDICIAL-JURISDICTION / STATE-CITIZEN PARTY ARCHITECTURE","03-constitutional-dependency-graph/source/CORE_CONSTITUTIONAL_ARCHITECTURE.yaml","YES","C2","0","INTEGRATED-CORRESPONDENCE-UNBOUND"
"US-CM-000174","US-CONST-ATOM-000174","F6","UNITED-STATES/FEDERAL/JUDICIARY/DIVERSITY","1","US-CP-000319","US-CW-000174","ORYNTH-systems/orynth-constitutional-state-integrity","JUDICIAL-JURISDICTION / CITIZENSHIP-SCOPED ARCHITECTURE","03-constitutional-dependency-graph/source/CORE_CONSTITUTIONAL_ARCHITECTURE.yaml","YES","C2","0","INTEGRATED-CORRESPONDENCE-UNBOUND"
"US-CM-000175","US-CONST-ATOM-000175","F6","UNITED-STATES/FEDERAL/JUDICIARY/LAND-GRANT-DIVERSITY","2","US-CP-000320|US-CP-000321","US-CW-000175","ORYNTH-systems/orynth-constitutional-state-integrity","JUDICIAL-JURISDICTION / COMPOSITE-PREDICATE ARCHITECTURE","03-constitutional-dependency-graph/source/CORE_CONSTITUTIONAL_ARCHITECTURE.yaml","YES","C2","0","INTEGRATED-CORRESPONDENCE-UNBOUND"
"US-CM-000176","US-CONST-ATOM-000176","F6","UNITED-STATES/FEDERAL/JUDICIARY/FOREIGN-PARTIES","2","US-CP-000322|US-CP-000323","US-CW-000176","ORYNTH-systems/orynth-constitutional-state-integrity","JUDICIAL-JURISDICTION / DOMESTIC-FOREIGN PARTY ARCHITECTURE","03-constitutional-dependency-graph/source/CORE_CONSTITUTIONAL_ARCHITECTURE.yaml","YES","C2","0","INTEGRATED-CORRESPONDENCE-UNBOUND"
"US-CM-000177","US-CONST-ATOM-000177","F6","UNITED-STATES/SUPREME-COURT/ORIGINAL-JURISDICTION","2","US-CP-000324|US-CP-000325","US-CW-000177","ORYNTH-systems/orynth-constitutional-state-integrity","SUPREME-JUDICIAL / ORIGINAL-JURISDICTION ARCHITECTURE","03-constitutional-dependency-graph/source/CORE_CONSTITUTIONAL_ARCHITECTURE.yaml","YES","C2","0","INTEGRATED-CORRESPONDENCE-UNBOUND"
"US-CM-000178","US-CONST-ATOM-000178","F6","UNITED-STATES/SUPREME-COURT/APPELLATE-JURISDICTION","3","US-CP-000326|US-CP-000327|US-CP-000328","US-CW-000178","ORYNTH-systems/orynth-constitutional-state-integrity","SUPREME-JUDICIAL / APPELLATE-JURISDICTION ARCHITECTURE","03-constitutional-dependency-graph/source/CORE_CONSTITUTIONAL_ARCHITECTURE.yaml","YES","C2","0","INTEGRATED-CORRESPONDENCE-UNBOUND"
"US-CM-000179","US-CONST-ATOM-000179","F3","UNITED-STATES/FEDERAL/CRIMINAL-TRIAL/JURY","2","US-CP-000329|US-CP-000330","US-CW-000179","ORYNTH-systems/orynth-constitutional-state-integrity","JUDICIAL-PROCESS / PROCEDURAL-PREREQUISITE CONCEPT","03-constitutional-dependency-graph/source/CORE_CONSTITUTIONAL_ARCHITECTURE.yaml","YES","C1","0","INTEGRATED-CORRESPONDENCE-UNBOUND"
"US-CM-000180","US-CONST-ATOM-000180","F6","UNITED-STATES/FEDERAL/CRIMINAL-TRIAL/VENUE","1","US-CP-000331","US-CW-000180","ORYNTH-systems/orynth-constitutional-state-integrity","JUDICIAL-JURISDICTION / TERRITORIAL-SCOPE ARCHITECTURE","03-constitutional-dependency-graph/source/CORE_CONSTITUTIONAL_ARCHITECTURE.yaml","YES","C2","0","INTEGRATED-CORRESPONDENCE-UNBOUND"
"US-CM-000181","US-CONST-ATOM-000181","F6","UNITED-STATES/FEDERAL/CRIMINAL-TRIAL/OUTSIDE-STATE-VENUE","3","US-CP-000332|US-CP-000333|US-CP-000334","US-CW-000181","ORYNTH-systems/orynth-constitutional-state-integrity","JURISDICTION-BOUND VENUE / LEGISLATIVE-DIRECTION ARCHITECTURE","03-constitutional-dependency-graph/source/CORE_CONSTITUTIONAL_ARCHITECTURE.yaml","YES","C2","0","INTEGRATED-CORRESPONDENCE-UNBOUND"
"US-CM-000182","US-CONST-ATOM-000182","F3","UNITED-STATES/TREASON/DEFINITION","2","US-CP-000335|US-CP-000336","US-CW-000182","ORYNTH-systems/orynth-constitutional-state-integrity","SCOPED-CONSTITUTIONAL-OFFENSE / NEGATIVE-SCOPE CONCEPT","00-governance/CANONICAL_AUTHORITY_POLICY.md","YES","C1","0","INTEGRATED-CORRESPONDENCE-UNBOUND"
"US-CM-000183","US-CONST-ATOM-000183","F3","UNITED-STATES/TREASON/CONVICTION-EVIDENCE","4","US-CP-000337|US-CP-000338|US-CP-000339|US-CP-000340","US-CW-000183","ORYNTH-systems/orynth-constitutional-state-integrity","EVIDENTIARY-PATH / THRESHOLD CONCEPT","00-governance/CANONICAL_AUTHORITY_POLICY.md","YES","C1","0","INTEGRATED-CORRESPONDENCE-UNBOUND"
"US-CM-000184","US-CONST-ATOM-000184","F3","UNITED-STATES/CONGRESS/TREASON-PUNISHMENT","2","US-CP-000341|US-CP-000342","US-CW-000184","ORYNTH-systems/orynth-constitutional-state-integrity","ENUMERATED LEGISLATIVE POWER / OFFENSE-SCOPED AUTHORITY ARCHITECTURE","03-constitutional-dependency-graph/source/CORE_CONSTITUTIONAL_ARCHITECTURE.yaml","YES","C2","0","INTEGRATED-CORRESPONDENCE-UNBOUND"
"US-CM-000185","US-CONST-ATOM-000185","F5","UNITED-STATES/TREASON/CORRUPTION-OF-BLOOD","1","US-CP-000343","US-CW-000185","ORYNTH-systems/orynth-constitutional-state-integrity","PROHIBITION / CONSEQUENTIAL-EFFECT CONCEPT","00-governance/CANONICAL_AUTHORITY_POLICY.md","YES","C1","0","INTEGRATED-CORRESPONDENCE-UNBOUND"
"US-CM-000186","US-CONST-ATOM-000186","F5","UNITED-STATES/TREASON/FORFEITURE","2","US-CP-000344|US-CP-000345","US-CW-000186","ORYNTH-systems/orynth-constitutional-state-integrity","TEMPORALLY-BOUNDED CONSEQUENTIAL-EFFECT CONCEPT","00-governance/CANONICAL_AUTHORITY_POLICY.md","YES","C1","0","INTEGRATED-CORRESPONDENCE-UNBOUND"
"US-CM-000187","US-CONST-ATOM-000187","F6","UNITED-STATES/STATES/FULL-FAITH-CREDIT","2","US-CP-000346|US-CP-000347","US-CW-000187","ORYNTH-systems/orynth-constitutional-state-integrity","INTERSTATE RELATION / JURISDICTION-DUTY ARCHITECTURE","03-constitutional-dependency-graph/source/CORE_CONSTITUTIONAL_ARCHITECTURE.yaml","YES","C2","0","INTEGRATED-CORRESPONDENCE-UNBOUND"
"US-CM-000188","US-CONST-ATOM-000188","F3","UNITED-STATES/CONGRESS/FULL-FAITH-CREDIT/PROOF","3","US-CP-000348|US-CP-000349|US-CP-000350","US-CW-000188","ORYNTH-systems/orynth-constitutional-state-integrity","LEGISLATIVE EVIDENTIARY-RULE / FEDERAL-RELATIONS ARCHITECTURE","03-constitutional-dependency-graph/source/CORE_CONSTITUTIONAL_ARCHITECTURE.yaml","YES","C2","0","INTEGRATED-CORRESPONDENCE-UNBOUND"
"US-CM-000189","US-CONST-ATOM-000189","F3","UNITED-STATES/CONGRESS/FULL-FAITH-CREDIT/EFFECT","2","US-CP-000351|US-CP-000352","US-CW-000189","ORYNTH-systems/orynth-constitutional-state-integrity","LEGISLATIVE EFFECT-RULE / FEDERAL-RELATIONS ARCHITECTURE","03-constitutional-dependency-graph/source/CORE_CONSTITUTIONAL_ARCHITECTURE.yaml","YES","C2","0","INTEGRATED-CORRESPONDENCE-UNBOUND"
"US-CM-000190","US-CONST-ATOM-000190","F6","UNITED-STATES/STATES/PRIVILEGES-IMMUNITIES","2","US-CP-000353|US-CP-000354","US-CW-000190","ORYNTH-systems/orynth-constitutional-state-integrity","INTERSTATE ENTITLEMENT / JURISDICTION ARCHITECTURE","03-constitutional-dependency-graph/source/CORE_CONSTITUTIONAL_ARCHITECTURE.yaml","YES","C2","0","INTEGRATED-CORRESPONDENCE-UNBOUND"
"US-CM-000191","US-CONST-ATOM-000191","F6","UNITED-STATES/STATES/EXTRADITION","5","US-CP-000355|US-CP-000356|US-CP-000357|US-CP-000358|US-CP-000359","US-CW-000191","ORYNTH-systems/orynth-constitutional-state-integrity","INTERSTATE JURISDICTION / AUTHORIZED-ACTOR TRANSFER ARCHITECTURE","03-constitutional-dependency-graph/source/CORE_CONSTITUTIONAL_ARCHITECTURE.yaml","YES","C2","0","INTEGRATED-CORRESPONDENCE-UNBOUND"
"US-CM-000192","US-CONST-ATOM-000192","F5","UNITED-STATES/STATES/SERVICE-LABOUR/ORIGINAL-TEXT","3","US-CP-000360|US-CP-000361|US-CP-000362","US-CW-000192","ORYNTH-systems/orynth-constitutional-state-integrity","HISTORICAL-SOURCE / SUPERSESSION-AWARE PROHIBITION CONCEPT","00-governance/SOURCE_PRECEDENCE_POLICY.md","YES","C1","0","INTEGRATED-CORRESPONDENCE-UNBOUND"
"US-CM-000193","US-CONST-ATOM-000193","F6","UNITED-STATES/STATES/SERVICE-LABOUR/DELIVERY/ORIGINAL-TEXT","3","US-CP-000363|US-CP-000364|US-CP-000365","US-CW-000193","ORYNTH-systems/orynth-constitutional-state-integrity","HISTORICAL-SOURCE / INTERSTATE-DELIVERY CONCEPT","00-governance/SOURCE_PRECEDENCE_POLICY.md","YES","C1","0","INTEGRATED-CORRESPONDENCE-UNBOUND"
"US-CM-000194","US-CONST-ATOM-000194","F3","UNITED-STATES/CONGRESS/NEW-STATE-ADMISSION","2","US-CP-000366|US-CP-000367","US-CW-000194","ORYNTH-systems/orynth-constitutional-state-integrity","ENUMERATED LEGISLATIVE ADMISSION / FEDERAL-RELATIONS ARCHITECTURE","03-constitutional-dependency-graph/source/CORE_CONSTITUTIONAL_ARCHITECTURE.yaml","YES","C2","0","INTEGRATED-CORRESPONDENCE-UNBOUND"
"US-CM-000195","US-CONST-ATOM-000195","F5","UNITED-STATES/STATES/NEW-STATE-FORMATION","1","US-CP-000368","US-CW-000195","ORYNTH-systems/orynth-constitutional-state-integrity","STATE-FORMATION JURISDICTION / NEGATIVE-CONSTRAINT ARCHITECTURE","03-constitutional-dependency-graph/source/CORE_CONSTITUTIONAL_ARCHITECTURE.yaml","YES","C2","0","INTEGRATED-CORRESPONDENCE-UNBOUND"
"US-CM-000196","US-CONST-ATOM-000196","F4","UNITED-STATES/FEDERAL-STATE/NEW-STATE-CONSENT","3","US-CP-000369|US-CP-000370|US-CP-000371","US-CW-000196","ORYNTH-systems/orynth-constitutional-state-integrity","FEDERAL-STATE MULTIPARTY CONCURRENCE ARCHITECTURE","03-constitutional-dependency-graph/source/CORE_CONSTITUTIONAL_ARCHITECTURE.yaml","YES","C2","0","INTEGRATED-CORRESPONDENCE-UNBOUND"
"US-CM-000197","US-CONST-ATOM-000197","F3","UNITED-STATES/CONGRESS/FEDERAL-PROPERTY/DISPOSITION","2","US-CP-000372|US-CP-000373","US-CW-000197","ORYNTH-systems/orynth-constitutional-state-integrity","ENUMERATED LEGISLATIVE PROPERTY-DISPOSITION ARCHITECTURE","03-constitutional-dependency-graph/source/CORE_CONSTITUTIONAL_ARCHITECTURE.yaml","YES","C2","0","INTEGRATED-CORRESPONDENCE-UNBOUND"
"US-CM-000198","US-CONST-ATOM-000198","F3","UNITED-STATES/CONGRESS/FEDERAL-PROPERTY/REGULATION","3","US-CP-000374|US-CP-000375|US-CP-000376","US-CW-000198","ORYNTH-systems/orynth-constitutional-state-integrity","ENUMERATED LEGISLATIVE PROPERTY-RULEMAKING ARCHITECTURE","03-constitutional-dependency-graph/source/CORE_CONSTITUTIONAL_ARCHITECTURE.yaml","YES","C2","0","INTEGRATED-CORRESPONDENCE-UNBOUND"
"US-CM-000199","US-CONST-ATOM-000199","F5","UNITED-STATES/FEDERAL-STATE/PROPERTY-CLAIMS","2","US-CP-000377|US-CP-000378","US-CW-000199","ORYNTH-systems/orynth-constitutional-state-integrity","SOURCE-PRESERVING INTERPRETIVE-CONSTRAINT CONCEPT","00-governance/CONSTITUTIONAL_NON_MUTATION.md","YES","C1","0","INTEGRATED-CORRESPONDENCE-UNBOUND"
"US-CM-000200","US-CONST-ATOM-000200","F3","UNITED-STATES/FEDERAL-STATE/REPUBLICAN-GOVERNMENT-GUARANTEE","2","US-CP-000379|US-CP-000380","US-CW-000200","ORYNTH-systems/orynth-constitutional-state-integrity","FEDERAL-STATE GUARANTEE / PROTECTION-DUTY ARCHITECTURE","03-constitutional-dependency-graph/source/CORE_CONSTITUTIONAL_ARCHITECTURE.yaml","YES","C2","0","INTEGRATED-CORRESPONDENCE-UNBOUND"
"US-CM-000201","US-CONST-ATOM-000201","F3","UNITED-STATES/FEDERAL-STATE/INVASION-PROTECTION","2","US-CP-000381|US-CP-000382","US-CW-000201","ORYNTH-systems/orynth-constitutional-state-integrity","FEDERAL-STATE PROTECTION-DUTY ARCHITECTURE","03-constitutional-dependency-graph/source/CORE_CONSTITUTIONAL_ARCHITECTURE.yaml","YES","C2","0","INTEGRATED-CORRESPONDENCE-UNBOUND"
"US-CM-000202","US-CONST-ATOM-000202","F3","UNITED-STATES/FEDERAL-STATE/DOMESTIC-VIOLENCE-PROTECTION","4","US-CP-000383|US-CP-000384|US-CP-000385|US-CP-000386","US-CW-000202","ORYNTH-systems/orynth-constitutional-state-integrity","CONDITION-TRIGGERED FEDERAL-STATE PROTECTION ARCHITECTURE","03-constitutional-dependency-graph/source/CORE_CONSTITUTIONAL_ARCHITECTURE.yaml","YES","C2","0","INTEGRATED-CORRESPONDENCE-UNBOUND"
"US-CM-000203","US-CONST-ATOM-000203","F7","UNITED-STATES/CONSTITUTION/AMENDMENT/CONGRESSIONAL-PROPOSAL","4","US-CP-000387|US-CP-000388|US-CP-000389|US-CP-000390","US-CW-000203","ORYNTH-systems/orynth-constitutional-state-integrity","CONTROLLED AMENDMENT / MULTI-HOUSE PROPOSAL ARCHITECTURE","03-constitutional-dependency-graph/source/CORE_CONSTITUTIONAL_ARCHITECTURE.yaml","YES","C2","0","INTEGRATED-CORRESPONDENCE-UNBOUND"
"US-CM-000204","US-CONST-ATOM-000204","F7","UNITED-STATES/CONSTITUTION/AMENDMENT/CONVENTION-PROPOSAL","3","US-CP-000391|US-CP-000392|US-CP-000393","US-CW-000204","ORYNTH-systems/orynth-constitutional-state-integrity","CONTROLLED AMENDMENT / STATE-APPLICATION CONVENTION ARCHITECTURE","03-constitutional-dependency-graph/source/CORE_CONSTITUTIONAL_ARCHITECTURE.yaml","YES","C2","0","INTEGRATED-CORRESPONDENCE-UNBOUND"
"US-CM-000205","US-CONST-ATOM-000205","F7","UNITED-STATES/CONSTITUTION/AMENDMENT/RATIFICATION","4","US-CP-000394|US-CP-000395|US-CP-000396|US-CP-000397","US-CW-000205","ORYNTH-systems/orynth-constitutional-state-integrity","CONTROLLED AMENDMENT / RATIFICATION-STATE-TRANSITION ARCHITECTURE","03-constitutional-dependency-graph/source/CORE_CONSTITUTIONAL_ARCHITECTURE.yaml","YES","C2","0","INTEGRATED-CORRESPONDENCE-UNBOUND"
"US-CM-000206","US-CONST-ATOM-000206","F7","UNITED-STATES/CONSTITUTION/AMENDMENT/RATIFICATION-MODE","2","US-CP-000398|US-CP-000399","US-CW-000206","ORYNTH-systems/orynth-constitutional-state-integrity","CONTROLLED AMENDMENT / RATIFICATION-MODE AUTHORITY ARCHITECTURE","03-constitutional-dependency-graph/source/CORE_CONSTITUTIONAL_ARCHITECTURE.yaml","YES","C2","0","INTEGRATED-CORRESPONDENCE-UNBOUND"
"US-CM-000207","US-CONST-ATOM-000207","F7","UNITED-STATES/CONSTITUTION/AMENDMENT/PRE-1808-LIMIT","2","US-CP-000400|US-CP-000401","US-CW-000207","ORYNTH-systems/orynth-constitutional-state-integrity","CONTROLLED AMENDMENT / TEMPORAL-LIMITATION ARCHITECTURE","03-constitutional-dependency-graph/source/CORE_CONSTITUTIONAL_ARCHITECTURE.yaml","YES","C2","0","INTEGRATED-CORRESPONDENCE-UNBOUND"
"US-CM-000208","US-CONST-ATOM-000208","F7","UNITED-STATES/CONSTITUTION/AMENDMENT/EQUAL-SUFFRAGE","2","US-CP-000402|US-CP-000403","US-CW-000208","ORYNTH-systems/orynth-constitutional-state-integrity","CONTROLLED AMENDMENT / AFFECTED-STATE CONSENT ARCHITECTURE","03-constitutional-dependency-graph/source/CORE_CONSTITUTIONAL_ARCHITECTURE.yaml","YES","C2","0","INTEGRATED-CORRESPONDENCE-UNBOUND"
"US-CM-000209","US-CONST-ATOM-000209","F3","UNITED-STATES/CONSTITUTION/CONTINUITY/PREEXISTING-OBLIGATIONS","2","US-CP-000404|US-CP-000405","US-CW-000209","ORYNTH-systems/orynth-constitutional-state-integrity","INHERITED-STATE / CONSTITUTIONAL-CONTINUITY ARCHITECTURE","07-constitutional-state-integrity/inherited-state/INHERITED_STATE_CONTRACT.json","YES","C2","0","INTEGRATED-CORRESPONDENCE-UNBOUND"
"US-CM-000210","US-CONST-ATOM-000210","F3","UNITED-STATES/SUPREMACY/CONSTITUTION-FEDERAL-LAWS","2","US-CP-000406|US-CP-000407","US-CW-000210","ORYNTH-systems/orynth-constitutional-state-integrity","SOURCE-PRECEDENCE / SUPREMACY ARCHITECTURE","03-constitutional-dependency-graph/source/CORE_CONSTITUTIONAL_ARCHITECTURE.yaml","YES","C2","0","INTEGRATED-CORRESPONDENCE-UNBOUND"
"US-CM-000211","US-CONST-ATOM-000211","F3","UNITED-STATES/SUPREMACY/TREATIES","2","US-CP-000408|US-CP-000409","US-CW-000211","ORYNTH-systems/orynth-constitutional-state-integrity","AUTHORITY-CONDITIONED SUPREMACY ARCHITECTURE","03-constitutional-dependency-graph/source/CORE_CONSTITUTIONAL_ARCHITECTURE.yaml","YES","C2","0","INTEGRATED-CORRESPONDENCE-UNBOUND"
"US-CM-000212","US-CONST-ATOM-000212","F3","UNITED-STATES/SUPREMACY/STATE-JUDGES","2","US-CP-000410|US-CP-000411","US-CW-000212","ORYNTH-systems/orynth-constitutional-state-integrity","CROSS-JURISDICTION SUPREMACY / BINDING-DUTY ARCHITECTURE","03-constitutional-dependency-graph/source/CORE_CONSTITUTIONAL_ARCHITECTURE.yaml","YES","C2","0","INTEGRATED-CORRESPONDENCE-UNBOUND"
"US-CM-000213","US-CONST-ATOM-000213","F3","UNITED-STATES/FEDERAL-STATE/OATH-SUPPORT","4","US-CP-000412|US-CP-000413|US-CP-000414|US-CP-000415","US-CW-000213","ORYNTH-systems/orynth-constitutional-state-integrity","CROSS-JURISDICTION CONSTITUTIONAL-SUPPORT DUTY ARCHITECTURE","03-constitutional-dependency-graph/source/CORE_CONSTITUTIONAL_ARCHITECTURE.yaml","YES","C2","0","INTEGRATED-CORRESPONDENCE-UNBOUND"
"US-CM-000214","US-CONST-ATOM-000214","F5","UNITED-STATES/FEDERAL/OFFICE/RELIGIOUS-TEST","2","US-CP-000416|US-CP-000417","US-CW-000214","ORYNTH-systems/orynth-constitutional-state-integrity","ARTICLE-VI PROHIBITION / QUALIFICATION-BOUNDARY ARCHITECTURE","03-constitutional-dependency-graph/source/CORE_CONSTITUTIONAL_ARCHITECTURE.yaml","YES","C2","0","INTEGRATED-CORRESPONDENCE-UNBOUND"
"US-CM-000215","US-CONST-ATOM-000215","F4","UNITED-STATES/CONSTITUTION/ESTABLISHMENT-RATIFICATION","3","US-CP-000418|US-CP-000419|US-CP-000420","US-CW-000215","ORYNTH-systems/orynth-constitutional-state-integrity","FOUNDATIONAL RATIFICATION / ESTABLISHMENT ARCHITECTURE","03-constitutional-dependency-graph/source/CORE_CONSTITUTIONAL_ARCHITECTURE.yaml","YES","C2","0","INTEGRATED-CORRESPONDENCE-UNBOUND"
"US-CM-000216","US-AM-ATOM-000001","F5","UNITED-STATES/CONGRESS/RIGHTS/RELIGION/ESTABLISHMENT","1","US-CP-000421","US-CW-000216","ORYNTH-systems/orynth-constitutional-state-integrity","SOURCE-ANCHORED CONSTITUTIONAL PROHIBITION / LIMITATION","02-constitutional-object-model/registry/PROHIBITION.yaml;02-constitutional-object-model/registry/LIMITATION.yaml;04-authority-lineage/AUTHORITY_LINEAGE_REGISTRY.yaml","YES","C1","0","INTEGRATED-CORRESPONDENCE-UNBOUND"
"US-CM-000217","US-AM-ATOM-000002","F5","UNITED-STATES/CONGRESS/RIGHTS/RELIGION/FREE-EXERCISE","1","US-CP-000422","US-CW-000217","ORYNTH-systems/orynth-constitutional-state-integrity","SOURCE-ANCHORED CONSTITUTIONAL PROHIBITION / LIMITATION","02-constitutional-object-model/registry/PROHIBITION.yaml;02-constitutional-object-model/registry/LIMITATION.yaml;04-authority-lineage/AUTHORITY_LINEAGE_REGISTRY.yaml","YES","C1","0","INTEGRATED-CORRESPONDENCE-UNBOUND"
"US-CM-000218","US-AM-ATOM-000003","F5","UNITED-STATES/CONGRESS/RIGHTS/SPEECH","1","US-CP-000423","US-CW-000218","ORYNTH-systems/orynth-constitutional-state-integrity","SOURCE-ANCHORED CONSTITUTIONAL PROHIBITION / LIMITATION","02-constitutional-object-model/registry/PROHIBITION.yaml;02-constitutional-object-model/registry/LIMITATION.yaml;04-authority-lineage/AUTHORITY_LINEAGE_REGISTRY.yaml","YES","C1","0","INTEGRATED-CORRESPONDENCE-UNBOUND"
"US-CM-000219","US-AM-ATOM-000004","F5","UNITED-STATES/CONGRESS/RIGHTS/PRESS","1","US-CP-000424","US-CW-000219","ORYNTH-systems/orynth-constitutional-state-integrity","SOURCE-ANCHORED CONSTITUTIONAL PROHIBITION / LIMITATION","02-constitutional-object-model/registry/PROHIBITION.yaml;02-constitutional-object-model/registry/LIMITATION.yaml;04-authority-lineage/AUTHORITY_LINEAGE_REGISTRY.yaml","YES","C1","0","INTEGRATED-CORRESPONDENCE-UNBOUND"
"US-CM-000220","US-AM-ATOM-000005","F5","UNITED-STATES/CONGRESS/RIGHTS/ASSEMBLY","1","US-CP-000425","US-CW-000220","ORYNTH-systems/orynth-constitutional-state-integrity","SOURCE-ANCHORED CONSTITUTIONAL PROHIBITION / LIMITATION","02-constitutional-object-model/registry/PROHIBITION.yaml;02-constitutional-object-model/registry/LIMITATION.yaml;04-authority-lineage/AUTHORITY_LINEAGE_REGISTRY.yaml","YES","C1","0","INTEGRATED-CORRESPONDENCE-UNBOUND"
"US-CM-000221","US-AM-ATOM-000006","F5","UNITED-STATES/CONGRESS/RIGHTS/PETITION","1","US-CP-000426","US-CW-000221","ORYNTH-systems/orynth-constitutional-state-integrity","SOURCE-ANCHORED CONSTITUTIONAL PROHIBITION / LIMITATION","02-constitutional-object-model/registry/PROHIBITION.yaml;02-constitutional-object-model/registry/LIMITATION.yaml;04-authority-lineage/AUTHORITY_LINEAGE_REGISTRY.yaml","YES","C1","0","INTEGRATED-CORRESPONDENCE-UNBOUND"
"US-CM-000222","US-AM-ATOM-000007","F5","UNITED-STATES/RIGHTS/KEEP-BEAR-ARMS","1","US-CP-000427","US-CW-000222","ORYNTH-systems/orynth-constitutional-state-integrity","SOURCE-ANCHORED CONSTITUTIONAL PROHIBITION / LIMITATION","02-constitutional-object-model/registry/PROHIBITION.yaml;02-constitutional-object-model/registry/LIMITATION.yaml;04-authority-lineage/AUTHORITY_LINEAGE_REGISTRY.yaml","YES","C1","0","INTEGRATED-CORRESPONDENCE-UNBOUND"
"US-CM-000223","US-AM-ATOM-000008","F5","UNITED-STATES/SOLDIER-QUARTERING/PEACE","3","US-CP-000428|US-CP-000429|US-CP-000430","US-CW-000223","ORYNTH-systems/orynth-constitutional-state-integrity","SOURCE-ANCHORED CONSTITUTIONAL PROHIBITION / LIMITATION","02-constitutional-object-model/registry/PROHIBITION.yaml;02-constitutional-object-model/registry/LIMITATION.yaml;04-authority-lineage/AUTHORITY_LINEAGE_REGISTRY.yaml","YES","C1","0","INTEGRATED-CORRESPONDENCE-UNBOUND"
"US-CM-000224","US-AM-ATOM-000009","F5","UNITED-STATES/SOLDIER-QUARTERING/WAR","2","US-CP-000431|US-CP-000432","US-CW-000224","ORYNTH-systems/orynth-constitutional-state-integrity","SOURCE-ANCHORED CONSTITUTIONAL PROHIBITION / LIMITATION","02-constitutional-object-model/registry/PROHIBITION.yaml;02-constitutional-object-model/registry/LIMITATION.yaml;04-authority-lineage/AUTHORITY_LINEAGE_REGISTRY.yaml","YES","C1","0","INTEGRATED-CORRESPONDENCE-UNBOUND"
"US-CM-000225","US-AM-ATOM-000010","F5","UNITED-STATES/SEARCH-SEIZURE/UNREASONABLE","1","US-CP-000433","US-CW-000225","ORYNTH-systems/orynth-constitutional-state-integrity","SOURCE-ANCHORED CONSTITUTIONAL PROHIBITION / LIMITATION","02-constitutional-object-model/registry/PROHIBITION.yaml;02-constitutional-object-model/registry/LIMITATION.yaml;04-authority-lineage/AUTHORITY_LINEAGE_REGISTRY.yaml","YES","C1","0","INTEGRATED-CORRESPONDENCE-UNBOUND"
"US-CM-000226","US-AM-ATOM-000011","F5","UNITED-STATES/WARRANTS/ISSUANCE-CONDITIONS","4","US-CP-000434|US-CP-000435|US-CP-000436|US-CP-000437","US-CW-000226","ORYNTH-systems/orynth-constitutional-state-integrity","SOURCE-ANCHORED CONSTITUTIONAL PROHIBITION / LIMITATION","02-constitutional-object-model/registry/PROHIBITION.yaml;02-constitutional-object-model/registry/LIMITATION.yaml;04-authority-lineage/AUTHORITY_LINEAGE_REGISTRY.yaml","YES","C1","0","INTEGRATED-CORRESPONDENCE-UNBOUND"
"US-CM-000227","US-AM-ATOM-000012","F5","UNITED-STATES/CRIMINAL/GRAND-JURY","3","US-CP-000438|US-CP-000439|US-CP-000440","US-CW-000227","ORYNTH-systems/orynth-constitutional-state-integrity","SOURCE-ANCHORED CONSTITUTIONAL PROHIBITION / LIMITATION","02-constitutional-object-model/registry/PROHIBITION.yaml;02-constitutional-object-model/registry/LIMITATION.yaml;04-authority-lineage/AUTHORITY_LINEAGE_REGISTRY.yaml","YES","C1","0","INTEGRATED-CORRESPONDENCE-UNBOUND"
"US-CM-000228","US-AM-ATOM-000013","F5","UNITED-STATES/CRIMINAL/DOUBLE-JEOPARDY","2","US-CP-000441|US-CP-000442","US-CW-000228","ORYNTH-systems/orynth-constitutional-state-integrity","SOURCE-ANCHORED CONSTITUTIONAL PROHIBITION / LIMITATION","02-constitutional-object-model/registry/PROHIBITION.yaml;02-constitutional-object-model/registry/LIMITATION.yaml;04-authority-lineage/AUTHORITY_LINEAGE_REGISTRY.yaml","YES","C1","0","INTEGRATED-CORRESPONDENCE-UNBOUND"
"US-CM-000229","US-AM-ATOM-000014","F5","UNITED-STATES/CRIMINAL/SELF-INCRIMINATION","2","US-CP-000443|US-CP-000444","US-CW-000229","ORYNTH-systems/orynth-constitutional-state-integrity","SOURCE-ANCHORED CONSTITUTIONAL PROHIBITION / LIMITATION","02-constitutional-object-model/registry/PROHIBITION.yaml;02-constitutional-object-model/registry/LIMITATION.yaml;04-authority-lineage/AUTHORITY_LINEAGE_REGISTRY.yaml","YES","C1","0","INTEGRATED-CORRESPONDENCE-UNBOUND"
"US-CM-000230","US-AM-ATOM-000015","F5","UNITED-STATES/DUE-PROCESS/LIFE-LIBERTY-PROPERTY","2","US-CP-000445|US-CP-000446","US-CW-000230","ORYNTH-systems/orynth-constitutional-state-integrity","SOURCE-ANCHORED CONSTITUTIONAL PROHIBITION / LIMITATION","02-constitutional-object-model/registry/PROHIBITION.yaml;02-constitutional-object-model/registry/LIMITATION.yaml;04-authority-lineage/AUTHORITY_LINEAGE_REGISTRY.yaml","YES","C1","0","INTEGRATED-CORRESPONDENCE-UNBOUND"
"US-CM-000231","US-AM-ATOM-000016","F5","UNITED-STATES/TAKINGS/PUBLIC-USE/JUST-COMPENSATION","2","US-CP-000447|US-CP-000448","US-CW-000231","ORYNTH-systems/orynth-constitutional-state-integrity","SOURCE-ANCHORED CONSTITUTIONAL PROHIBITION / LIMITATION","02-constitutional-object-model/registry/PROHIBITION.yaml;02-constitutional-object-model/registry/LIMITATION.yaml;04-authority-lineage/AUTHORITY_LINEAGE_REGISTRY.yaml","YES","C1","0","INTEGRATED-CORRESPONDENCE-UNBOUND"
"US-CM-000232","US-AM-ATOM-000017","F3","UNITED-STATES/CRIMINAL/TRIAL/SPEEDY-PUBLIC","3","US-CP-000449|US-CP-000450|US-CP-000451","US-CW-000232","ORYNTH-systems/orynth-constitutional-state-integrity","SOURCE-ANCHORED CONSTITUTIONAL-PROCESS CONCEPT","01-constitutional-source-map/source-integrity/anchors/CONSTITUTIONAL_SOURCE_ANCHORS.json","YES","C1","0","INTEGRATED-CORRESPONDENCE-UNBOUND"
"US-CM-000233","US-AM-ATOM-000018","F3","UNITED-STATES/CRIMINAL/JURY/VENUE","3","US-CP-000452|US-CP-000453|US-CP-000454","US-CW-000233","ORYNTH-systems/orynth-constitutional-state-integrity","SOURCE-ANCHORED CONSTITUTIONAL-PROCESS CONCEPT","01-constitutional-source-map/source-integrity/anchors/CONSTITUTIONAL_SOURCE_ANCHORS.json","YES","C1","0","INTEGRATED-CORRESPONDENCE-UNBOUND"
"US-CM-000234","US-AM-ATOM-000019","F3","UNITED-STATES/CRIMINAL/ACCUSATION/NOTICE","1","US-CP-000455","US-CW-000234","ORYNTH-systems/orynth-constitutional-state-integrity","SOURCE-ANCHORED CONSTITUTIONAL-PROCESS CONCEPT","01-constitutional-source-map/source-integrity/anchors/CONSTITUTIONAL_SOURCE_ANCHORS.json","YES","C1","0","INTEGRATED-CORRESPONDENCE-UNBOUND"
"US-CM-000235","US-AM-ATOM-000020","F3","UNITED-STATES/CRIMINAL/WITNESS-CONFRONTATION","1","US-CP-000456","US-CW-000235","ORYNTH-systems/orynth-constitutional-state-integrity","SOURCE-ANCHORED CONSTITUTIONAL-PROCESS CONCEPT","01-constitutional-source-map/source-integrity/anchors/CONSTITUTIONAL_SOURCE_ANCHORS.json","YES","C1","0","INTEGRATED-CORRESPONDENCE-UNBOUND"
"US-CM-000236","US-AM-ATOM-000021","F3","UNITED-STATES/CRIMINAL/COMPULSORY-PROCESS","1","US-CP-000457","US-CW-000236","ORYNTH-systems/orynth-constitutional-state-integrity","SOURCE-ANCHORED CONSTITUTIONAL-PROCESS CONCEPT","01-constitutional-source-map/source-integrity/anchors/CONSTITUTIONAL_SOURCE_ANCHORS.json","YES","C1","0","INTEGRATED-CORRESPONDENCE-UNBOUND"
"US-CM-000237","US-AM-ATOM-000022","F3","UNITED-STATES/CRIMINAL/ASSISTANCE-OF-COUNSEL","1","US-CP-000458","US-CW-000237","ORYNTH-systems/orynth-constitutional-state-integrity","SOURCE-ANCHORED CONSTITUTIONAL-PROCESS CONCEPT","01-constitutional-source-map/source-integrity/anchors/CONSTITUTIONAL_SOURCE_ANCHORS.json","YES","C1","0","INTEGRATED-CORRESPONDENCE-UNBOUND"
"US-CM-000238","US-AM-ATOM-000023","F3","UNITED-STATES/CIVIL/JURY-TRIAL","3","US-CP-000459|US-CP-000460|US-CP-000461","US-CW-000238","ORYNTH-systems/orynth-constitutional-state-integrity","SOURCE-ANCHORED CONSTITUTIONAL-PROCESS CONCEPT","01-constitutional-source-map/source-integrity/anchors/CONSTITUTIONAL_SOURCE_ANCHORS.json","YES","C1","0","INTEGRATED-CORRESPONDENCE-UNBOUND"
"US-CM-000239","US-AM-ATOM-000024","F5","UNITED-STATES/CIVIL/JURY-FACT-REEXAMINATION","3","US-CP-000462|US-CP-000463|US-CP-000464","US-CW-000239","ORYNTH-systems/orynth-constitutional-state-integrity","SOURCE-ANCHORED CONSTITUTIONAL PROHIBITION / LIMITATION","02-constitutional-object-model/registry/PROHIBITION.yaml;02-constitutional-object-model/registry/LIMITATION.yaml;04-authority-lineage/AUTHORITY_LINEAGE_REGISTRY.yaml","YES","C1","0","INTEGRATED-CORRESPONDENCE-UNBOUND"
"US-CM-000240","US-AM-ATOM-000025","F5","UNITED-STATES/BAIL/EXCESSIVE","1","US-CP-000465","US-CW-000240","ORYNTH-systems/orynth-constitutional-state-integrity","SOURCE-ANCHORED CONSTITUTIONAL PROHIBITION / LIMITATION","02-constitutional-object-model/registry/PROHIBITION.yaml;02-constitutional-object-model/registry/LIMITATION.yaml;04-authority-lineage/AUTHORITY_LINEAGE_REGISTRY.yaml","YES","C1","0","INTEGRATED-CORRESPONDENCE-UNBOUND"
"US-CM-000241","US-AM-ATOM-000026","F5","UNITED-STATES/FINES/EXCESSIVE","1","US-CP-000466","US-CW-000241","ORYNTH-systems/orynth-constitutional-state-integrity","SOURCE-ANCHORED CONSTITUTIONAL PROHIBITION / LIMITATION","02-constitutional-object-model/registry/PROHIBITION.yaml;02-constitutional-object-model/registry/LIMITATION.yaml;04-authority-lineage/AUTHORITY_LINEAGE_REGISTRY.yaml","YES","C1","0","INTEGRATED-CORRESPONDENCE-UNBOUND"
"US-CM-000242","US-AM-ATOM-000027","F5","UNITED-STATES/PUNISHMENT/CRUEL-UNUSUAL","1","US-CP-000467","US-CW-000242","ORYNTH-systems/orynth-constitutional-state-integrity","SOURCE-ANCHORED CONSTITUTIONAL PROHIBITION / LIMITATION","02-constitutional-object-model/registry/PROHIBITION.yaml;02-constitutional-object-model/registry/LIMITATION.yaml;04-authority-lineage/AUTHORITY_LINEAGE_REGISTRY.yaml","YES","C1","0","INTEGRATED-CORRESPONDENCE-UNBOUND"
"US-CM-000243","US-AM-ATOM-000028","F5","UNITED-STATES/RIGHTS/UNENUMERATED","1","US-CP-000468","US-CW-000243","ORYNTH-systems/orynth-constitutional-state-integrity","SOURCE-ANCHORED CONSTITUTIONAL PROHIBITION / LIMITATION","02-constitutional-object-model/registry/PROHIBITION.yaml;02-constitutional-object-model/registry/LIMITATION.yaml;04-authority-lineage/AUTHORITY_LINEAGE_REGISTRY.yaml","YES","C1","0","INTEGRATED-CORRESPONDENCE-UNBOUND"
"US-CM-000244","US-AM-ATOM-000029","F6","UNITED-STATES/FEDERALISM/RESERVED-POWERS","3","US-CP-000469|US-CP-000470|US-CP-000471","US-CW-000244","ORYNTH-systems/orynth-constitutional-state-integrity","SOURCE-ANCHORED JURISDICTIONAL POWER","01-constitutional-source-map/source-integrity/anchors/CONSTITUTIONAL_SOURCE_ANCHORS.json","YES","C2","0","INTEGRATED-CORRESPONDENCE-UNBOUND"
"US-CM-000245","US-AM-ATOM-000030","F6","UNITED-STATES/JUDICIAL-POWER/STATE-SOVEREIGNTY","2","US-CP-000472|US-CP-000473","US-CW-000245","ORYNTH-systems/orynth-constitutional-state-integrity","JUDICIAL-JURISDICTION / SOURCE-NEXUS ARCHITECTURE","03-constitutional-dependency-graph/source/CORE_CONSTITUTIONAL_ARCHITECTURE.yaml","YES","C2","0","INTEGRATED-CORRESPONDENCE-UNBOUND"
"US-CM-000246","US-AM-ATOM-000031","F3","UNITED-STATES/PRESIDENTIAL-ELECTION/ELECTORS/MEETING-VOTING","3","US-CP-000474|US-CP-000475|US-CP-000476","US-CW-000246","ORYNTH-systems/orynth-constitutional-state-integrity","ARCHITECTURAL AUTHORITY / ELECTION / TEMPORAL CONTROL","07-constitutional-state-integrity/elections/federal/FEDERAL_ELECTION_CONSTITUTIONAL_GRAPH.yaml;09-uaa-bridge/elections/actors/UAA_ELECTION_ACTOR_TAXONOMY.yaml;04-authority-lineage/AUTHORITY_LINEAGE_REGISTRY.yaml;07-constitutional-state-integrity/temporal/TEMPORAL_AUTHORITY.schema.json","YES","C2","0","INTEGRATED-CORRESPONDENCE-UNBOUND"
"US-CM-000247","US-AM-ATOM-000031","F5","UNITED-STATES/PRESIDENTIAL-ELECTION/ELECTORS/MEETING-VOTING","1","US-CP-000477","US-CW-000247","ORYNTH-systems/orynth-constitutional-state-integrity","ARCHITECTURAL AUTHORITY / ELECTION / TEMPORAL CONTROL","07-constitutional-state-integrity/elections/federal/FEDERAL_ELECTION_CONSTITUTIONAL_GRAPH.yaml;09-uaa-bridge/elections/actors/UAA_ELECTION_ACTOR_TAXONOMY.yaml;04-authority-lineage/AUTHORITY_LINEAGE_REGISTRY.yaml;07-constitutional-state-integrity/temporal/TEMPORAL_AUTHORITY.schema.json","YES","C2","0","INTEGRATED-CORRESPONDENCE-UNBOUND"
"US-CM-000248","US-AM-ATOM-000032","F3","UNITED-STATES/PRESIDENTIAL-ELECTION/ELECTORS/DISTINCT-BALLOTS","2","US-CP-000478|US-CP-000479","US-CW-000248","ORYNTH-systems/orynth-constitutional-state-integrity","ARCHITECTURAL AUTHORITY / ELECTION / TEMPORAL CONTROL","07-constitutional-state-integrity/elections/federal/FEDERAL_ELECTION_CONSTITUTIONAL_GRAPH.yaml;09-uaa-bridge/elections/actors/UAA_ELECTION_ACTOR_TAXONOMY.yaml;04-authority-lineage/AUTHORITY_LINEAGE_REGISTRY.yaml;07-constitutional-state-integrity/temporal/TEMPORAL_AUTHORITY.schema.json","YES","C2","0","INTEGRATED-CORRESPONDENCE-UNBOUND"
"US-CM-000249","US-AM-ATOM-000033","F3","UNITED-STATES/PRESIDENTIAL-ELECTION/ELECTORS/VOTE-LISTS","3","US-CP-000480|US-CP-000481|US-CP-000482","US-CW-000249","ORYNTH-systems/orynth-constitutional-state-integrity","ARCHITECTURAL AUTHORITY / ELECTION / TEMPORAL CONTROL","07-constitutional-state-integrity/elections/federal/FEDERAL_ELECTION_CONSTITUTIONAL_GRAPH.yaml;09-uaa-bridge/elections/actors/UAA_ELECTION_ACTOR_TAXONOMY.yaml;04-authority-lineage/AUTHORITY_LINEAGE_REGISTRY.yaml;07-constitutional-state-integrity/temporal/TEMPORAL_AUTHORITY.schema.json","YES","C2","0","INTEGRATED-CORRESPONDENCE-UNBOUND"
"US-CM-000250","US-AM-ATOM-000034","F3","UNITED-STATES/PRESIDENTIAL-ELECTION/ELECTORS/CERTIFICATION-TRANSMISSION","4","US-CP-000483|US-CP-000484|US-CP-000485|US-CP-000486","US-CW-000250","ORYNTH-systems/orynth-constitutional-state-integrity","ARCHITECTURAL AUTHORITY / ELECTION / TEMPORAL CONTROL","07-constitutional-state-integrity/elections/federal/FEDERAL_ELECTION_CONSTITUTIONAL_GRAPH.yaml;09-uaa-bridge/elections/actors/UAA_ELECTION_ACTOR_TAXONOMY.yaml;04-authority-lineage/AUTHORITY_LINEAGE_REGISTRY.yaml;07-constitutional-state-integrity/temporal/TEMPORAL_AUTHORITY.schema.json","YES","C2","0","INTEGRATED-CORRESPONDENCE-UNBOUND"
"US-CM-000251","US-AM-ATOM-000035","F3","UNITED-STATES/PRESIDENTIAL-ELECTION/CERTIFICATES/OPENING","3","US-CP-000487|US-CP-000488|US-CP-000489","US-CW-000251","ORYNTH-systems/orynth-constitutional-state-integrity","ARCHITECTURAL AUTHORITY / ELECTION / TEMPORAL CONTROL","07-constitutional-state-integrity/elections/federal/FEDERAL_ELECTION_CONSTITUTIONAL_GRAPH.yaml;09-uaa-bridge/elections/actors/UAA_ELECTION_ACTOR_TAXONOMY.yaml;04-authority-lineage/AUTHORITY_LINEAGE_REGISTRY.yaml;07-constitutional-state-integrity/temporal/TEMPORAL_AUTHORITY.schema.json","YES","C2","0","INTEGRATED-CORRESPONDENCE-UNBOUND"
"US-CM-000252","US-AM-ATOM-000036","F3","UNITED-STATES/PRESIDENTIAL-ELECTION/VOTE-COUNT","1","US-CP-000490","US-CW-000252","ORYNTH-systems/orynth-constitutional-state-integrity","ARCHITECTURAL AUTHORITY / ELECTION / TEMPORAL CONTROL","07-constitutional-state-integrity/elections/federal/FEDERAL_ELECTION_CONSTITUTIONAL_GRAPH.yaml;09-uaa-bridge/elections/actors/UAA_ELECTION_ACTOR_TAXONOMY.yaml;04-authority-lineage/AUTHORITY_LINEAGE_REGISTRY.yaml;07-constitutional-state-integrity/temporal/TEMPORAL_AUTHORITY.schema.json","YES","C2","0","INTEGRATED-CORRESPONDENCE-UNBOUND"
"US-CM-000253","US-AM-ATOM-000037","F4","UNITED-STATES/PRESIDENTIAL-ELECTION/PRESIDENT/MAJORITY-SELECTION","2","US-CP-000491|US-CP-000492","US-CW-000253","ORYNTH-systems/orynth-constitutional-state-integrity","ARCHITECTURAL AUTHORITY / ELECTION / TEMPORAL CONTROL","07-constitutional-state-integrity/elections/federal/FEDERAL_ELECTION_CONSTITUTIONAL_GRAPH.yaml;09-uaa-bridge/elections/actors/UAA_ELECTION_ACTOR_TAXONOMY.yaml;04-authority-lineage/AUTHORITY_LINEAGE_REGISTRY.yaml;07-constitutional-state-integrity/temporal/TEMPORAL_AUTHORITY.schema.json","YES","C2","0","INTEGRATED-CORRESPONDENCE-UNBOUND"
"US-CM-000254","US-AM-ATOM-000038","F3","UNITED-STATES/PRESIDENTIAL-ELECTION/HOUSE/CONTINGENT-SELECTION","4","US-CP-000493|US-CP-000494|US-CP-000495|US-CP-000496","US-CW-000254","ORYNTH-systems/orynth-constitutional-state-integrity","ARCHITECTURAL AUTHORITY / ELECTION / TEMPORAL CONTROL","07-constitutional-state-integrity/elections/federal/FEDERAL_ELECTION_CONSTITUTIONAL_GRAPH.yaml;09-uaa-bridge/elections/actors/UAA_ELECTION_ACTOR_TAXONOMY.yaml;04-authority-lineage/AUTHORITY_LINEAGE_REGISTRY.yaml;07-constitutional-state-integrity/temporal/TEMPORAL_AUTHORITY.schema.json","YES","C2","0","INTEGRATED-CORRESPONDENCE-UNBOUND"
"US-CM-000255","US-AM-ATOM-000039","F4","UNITED-STATES/PRESIDENTIAL-ELECTION/HOUSE/STATE-VOTING","2","US-CP-000497|US-CP-000498","US-CW-000255","ORYNTH-systems/orynth-constitutional-state-integrity","ARCHITECTURAL AUTHORITY / ELECTION / TEMPORAL CONTROL","07-constitutional-state-integrity/elections/federal/FEDERAL_ELECTION_CONSTITUTIONAL_GRAPH.yaml;09-uaa-bridge/elections/actors/UAA_ELECTION_ACTOR_TAXONOMY.yaml;04-authority-lineage/AUTHORITY_LINEAGE_REGISTRY.yaml;07-constitutional-state-integrity/temporal/TEMPORAL_AUTHORITY.schema.json","YES","C2","0","INTEGRATED-CORRESPONDENCE-UNBOUND"
"US-CM-000256","US-AM-ATOM-000040","F4","UNITED-STATES/PRESIDENTIAL-ELECTION/HOUSE/QUORUM","1","US-CP-000499","US-CW-000256","ORYNTH-systems/orynth-constitutional-state-integrity","ARCHITECTURAL AUTHORITY / ELECTION / TEMPORAL CONTROL","07-constitutional-state-integrity/elections/federal/FEDERAL_ELECTION_CONSTITUTIONAL_GRAPH.yaml;09-uaa-bridge/elections/actors/UAA_ELECTION_ACTOR_TAXONOMY.yaml;04-authority-lineage/AUTHORITY_LINEAGE_REGISTRY.yaml;07-constitutional-state-integrity/temporal/TEMPORAL_AUTHORITY.schema.json","YES","C2","0","INTEGRATED-CORRESPONDENCE-UNBOUND"
"US-CM-000257","US-AM-ATOM-000041","F4","UNITED-STATES/PRESIDENTIAL-ELECTION/HOUSE/CHOICE-THRESHOLD","1","US-CP-000500","US-CW-000257","ORYNTH-systems/orynth-constitutional-state-integrity","ARCHITECTURAL AUTHORITY / ELECTION / TEMPORAL CONTROL","07-constitutional-state-integrity/elections/federal/FEDERAL_ELECTION_CONSTITUTIONAL_GRAPH.yaml;09-uaa-bridge/elections/actors/UAA_ELECTION_ACTOR_TAXONOMY.yaml;04-authority-lineage/AUTHORITY_LINEAGE_REGISTRY.yaml;07-constitutional-state-integrity/temporal/TEMPORAL_AUTHORITY.schema.json","YES","C2","0","INTEGRATED-CORRESPONDENCE-UNBOUND"
"US-CM-000258","US-AM-ATOM-000042","F3","UNITED-STATES/PRESIDENTIAL-ELECTION/HOUSE/FAILURE-TO-CHOOSE/TRANSITION","3","US-CP-000501|US-CP-000502|US-CP-000503","US-CW-000258","ORYNTH-systems/orynth-constitutional-state-integrity","ARCHITECTURAL AUTHORITY / ELECTION / TEMPORAL CONTROL","07-constitutional-state-integrity/elections/federal/FEDERAL_ELECTION_CONSTITUTIONAL_GRAPH.yaml;09-uaa-bridge/elections/actors/UAA_ELECTION_ACTOR_TAXONOMY.yaml;04-authority-lineage/AUTHORITY_LINEAGE_REGISTRY.yaml;07-constitutional-state-integrity/temporal/TEMPORAL_AUTHORITY.schema.json","YES","C2","0","INTEGRATED-CORRESPONDENCE-UNBOUND"
"US-CM-000259","US-AM-ATOM-000043","F4","UNITED-STATES/PRESIDENTIAL-ELECTION/VICE-PRESIDENT/MAJORITY-SELECTION","2","US-CP-000504|US-CP-000505","US-CW-000259","ORYNTH-systems/orynth-constitutional-state-integrity","ARCHITECTURAL AUTHORITY / ELECTION / TEMPORAL CONTROL","07-constitutional-state-integrity/elections/federal/FEDERAL_ELECTION_CONSTITUTIONAL_GRAPH.yaml;09-uaa-bridge/elections/actors/UAA_ELECTION_ACTOR_TAXONOMY.yaml;04-authority-lineage/AUTHORITY_LINEAGE_REGISTRY.yaml;07-constitutional-state-integrity/temporal/TEMPORAL_AUTHORITY.schema.json","YES","C2","0","INTEGRATED-CORRESPONDENCE-UNBOUND"
"US-CM-000260","US-AM-ATOM-000044","F3","UNITED-STATES/PRESIDENTIAL-ELECTION/SENATE/CONTINGENT-SELECTION","3","US-CP-000506|US-CP-000507|US-CP-000508","US-CW-000260","ORYNTH-systems/orynth-constitutional-state-integrity","ARCHITECTURAL AUTHORITY / ELECTION / TEMPORAL CONTROL","07-constitutional-state-integrity/elections/federal/FEDERAL_ELECTION_CONSTITUTIONAL_GRAPH.yaml;09-uaa-bridge/elections/actors/UAA_ELECTION_ACTOR_TAXONOMY.yaml;04-authority-lineage/AUTHORITY_LINEAGE_REGISTRY.yaml;07-constitutional-state-integrity/temporal/TEMPORAL_AUTHORITY.schema.json","YES","C2","0","INTEGRATED-CORRESPONDENCE-UNBOUND"
"US-CM-000261","US-AM-ATOM-000044","F4","UNITED-STATES/PRESIDENTIAL-ELECTION/SENATE/CONTINGENT-SELECTION","1","US-CP-000509","US-CW-000261","ORYNTH-systems/orynth-constitutional-state-integrity","ARCHITECTURAL AUTHORITY / ELECTION / TEMPORAL CONTROL","07-constitutional-state-integrity/elections/federal/FEDERAL_ELECTION_CONSTITUTIONAL_GRAPH.yaml;09-uaa-bridge/elections/actors/UAA_ELECTION_ACTOR_TAXONOMY.yaml;04-authority-lineage/AUTHORITY_LINEAGE_REGISTRY.yaml;07-constitutional-state-integrity/temporal/TEMPORAL_AUTHORITY.schema.json","YES","C2","0","INTEGRATED-CORRESPONDENCE-UNBOUND"
"US-CM-000262","US-AM-ATOM-000044","F4","UNITED-STATES/PRESIDENTIAL-ELECTION/SENATE/CONTINGENT-SELECTION","1","US-CP-000510","US-CW-000262","ORYNTH-systems/orynth-constitutional-state-integrity","ARCHITECTURAL AUTHORITY / ELECTION / TEMPORAL CONTROL","07-constitutional-state-integrity/elections/federal/FEDERAL_ELECTION_CONSTITUTIONAL_GRAPH.yaml;09-uaa-bridge/elections/actors/UAA_ELECTION_ACTOR_TAXONOMY.yaml;04-authority-lineage/AUTHORITY_LINEAGE_REGISTRY.yaml;07-constitutional-state-integrity/temporal/TEMPORAL_AUTHORITY.schema.json","YES","C2","0","INTEGRATED-CORRESPONDENCE-UNBOUND"
"US-CM-000263","US-AM-ATOM-000045","F3","UNITED-STATES/VICE-PRESIDENT/ELIGIBILITY","1","US-CP-000511","US-CW-000263","ORYNTH-systems/orynth-constitutional-state-integrity","SOURCE-ANCHORED CONSTITUTIONAL-PROCESS CONCEPT","01-constitutional-source-map/source-integrity/anchors/CONSTITUTIONAL_SOURCE_ANCHORS.json","YES","C1","0","INTEGRATED-CORRESPONDENCE-UNBOUND"
"US-CM-000264","US-AM-ATOM-000046","F5","UNITED-STATES/SLAVERY/PROHIBITION","1","US-CP-000512","US-CW-000264","ORYNTH-systems/orynth-constitutional-state-integrity","SOURCE-ANCHORED CONSTITUTIONAL PROHIBITION / LIMITATION","02-constitutional-object-model/registry/PROHIBITION.yaml;02-constitutional-object-model/registry/LIMITATION.yaml;04-authority-lineage/AUTHORITY_LINEAGE_REGISTRY.yaml","YES","C1","0","INTEGRATED-CORRESPONDENCE-UNBOUND"
"US-CM-000265","US-AM-ATOM-000047","F5","UNITED-STATES/INVOLUNTARY-SERVITUDE/PROHIBITION-EXCEPTION","3","US-CP-000513|US-CP-000514|US-CP-000515","US-CW-000265","ORYNTH-systems/orynth-constitutional-state-integrity","SOURCE-ANCHORED CONSTITUTIONAL PROHIBITION / LIMITATION","02-constitutional-object-model/registry/PROHIBITION.yaml;02-constitutional-object-model/registry/LIMITATION.yaml;04-authority-lineage/AUTHORITY_LINEAGE_REGISTRY.yaml","YES","C1","0","INTEGRATED-CORRESPONDENCE-UNBOUND"
"US-CM-000266","US-AM-ATOM-000048","F3","UNITED-STATES/CONGRESS/AMENDMENT-13/ENFORCEMENT","2","US-CP-000516|US-CP-000517","US-CW-000266","ORYNTH-systems/orynth-constitutional-state-integrity","ARTICLE-I-SECTION-8 ENUMERATED-POWER CONCEPT","01-constitutional-source-map/source-integrity/anchors/CONSTITUTIONAL_SOURCE_ANCHORS.json","YES","C1","0","INTEGRATED-CORRESPONDENCE-UNBOUND"
"US-CM-000267","US-AM-ATOM-000049","F6","UNITED-STATES/CITIZENSHIP/BIRTH-NATURALIZATION","4","US-CP-000518|US-CP-000519|US-CP-000520|US-CP-000521","US-CW-000267","ORYNTH-systems/orynth-constitutional-state-integrity","NATURALIZATION / CITIZENSHIP PREDICATE ARCHITECTURE","01-constitutional-source-map/source-integrity/anchors/CONSTITUTIONAL_SOURCE_ANCHORS.json","YES","C2","0","INTEGRATED-CORRESPONDENCE-UNBOUND"
"US-CM-000268","US-AM-ATOM-000050","F5","UNITED-STATES/STATES/PRIVILEGES-IMMUNITIES","2","US-CP-000522|US-CP-000523","US-CW-000268","ORYNTH-systems/orynth-constitutional-state-integrity","SOURCE-ANCHORED CONSTITUTIONAL PROHIBITION / LIMITATION","02-constitutional-object-model/registry/PROHIBITION.yaml;02-constitutional-object-model/registry/LIMITATION.yaml;04-authority-lineage/AUTHORITY_LINEAGE_REGISTRY.yaml","YES","C1","0","INTEGRATED-CORRESPONDENCE-UNBOUND"
"US-CM-000269","US-AM-ATOM-000051","F5","UNITED-STATES/STATES/DUE-PROCESS","2","US-CP-000524|US-CP-000525","US-CW-000269","ORYNTH-systems/orynth-constitutional-state-integrity","SOURCE-ANCHORED CONSTITUTIONAL PROHIBITION / LIMITATION","02-constitutional-object-model/registry/PROHIBITION.yaml;02-constitutional-object-model/registry/LIMITATION.yaml;04-authority-lineage/AUTHORITY_LINEAGE_REGISTRY.yaml","YES","C1","0","INTEGRATED-CORRESPONDENCE-UNBOUND"
"US-CM-000270","US-AM-ATOM-000052","F5","UNITED-STATES/STATES/EQUAL-PROTECTION","2","US-CP-000526|US-CP-000527","US-CW-000270","ORYNTH-systems/orynth-constitutional-state-integrity","SOURCE-ANCHORED CONSTITUTIONAL PROHIBITION / LIMITATION","02-constitutional-object-model/registry/PROHIBITION.yaml;02-constitutional-object-model/registry/LIMITATION.yaml;04-authority-lineage/AUTHORITY_LINEAGE_REGISTRY.yaml","YES","C1","0","INTEGRATED-CORRESPONDENCE-UNBOUND"
"US-CM-000271","US-AM-ATOM-000053","F6","UNITED-STATES/STATES/REPRESENTATION/APPORTIONMENT","3","US-CP-000528|US-CP-000529|US-CP-000530","US-CW-000271","ORYNTH-systems/orynth-constitutional-state-integrity","SOURCE-ANCHORED JURISDICTIONAL POWER","01-constitutional-source-map/source-integrity/anchors/CONSTITUTIONAL_SOURCE_ANCHORS.json","YES","C2","0","INTEGRATED-CORRESPONDENCE-UNBOUND"
"US-CM-000272","US-AM-ATOM-000054","F6","UNITED-STATES/STATES/REPRESENTATION/VOTING-ABRIDGMENT-REDUCTION","5","US-CP-000531|US-CP-000532|US-CP-000533|US-CP-000534|US-CP-000535","US-CW-000272","ORYNTH-systems/orynth-constitutional-state-integrity","SOURCE-ANCHORED JURISDICTIONAL POWER","01-constitutional-source-map/source-integrity/anchors/CONSTITUTIONAL_SOURCE_ANCHORS.json","YES","C2","0","INTEGRATED-CORRESPONDENCE-UNBOUND"
"US-CM-000273","US-AM-ATOM-000055","F5","UNITED-STATES/OFFICE/INSURRECTION-DISABILITY","4","US-CP-000536|US-CP-000537|US-CP-000538|US-CP-000539","US-CW-000273","ORYNTH-systems/orynth-constitutional-state-integrity","SOURCE-ANCHORED CONSTITUTIONAL PROHIBITION / LIMITATION","02-constitutional-object-model/registry/PROHIBITION.yaml;02-constitutional-object-model/registry/LIMITATION.yaml;04-authority-lineage/AUTHORITY_LINEAGE_REGISTRY.yaml","YES","C1","0","INTEGRATED-CORRESPONDENCE-UNBOUND"
"US-CM-000274","US-AM-ATOM-000056","F4","UNITED-STATES/CONGRESS/INSURRECTION-DISABILITY/REMOVAL","2","US-CP-000540|US-CP-000541","US-CW-000274","ORYNTH-systems/orynth-constitutional-state-integrity","ACTOR-OPERATION AUTHORITY SCOPE","02-constitutional-object-model/registry/AUTHORITY.yaml","YES","C2","0","INTEGRATED-CORRESPONDENCE-UNBOUND"
"US-CM-000275","US-AM-ATOM-000057","F5","UNITED-STATES/PUBLIC-DEBT/VALIDITY","2","US-CP-000542|US-CP-000543","US-CW-000275","ORYNTH-systems/orynth-constitutional-state-integrity","SOURCE-ANCHORED CONSTITUTIONAL PROHIBITION / LIMITATION","02-constitutional-object-model/registry/PROHIBITION.yaml;02-constitutional-object-model/registry/LIMITATION.yaml;04-authority-lineage/AUTHORITY_LINEAGE_REGISTRY.yaml","YES","C1","0","INTEGRATED-CORRESPONDENCE-UNBOUND"
"US-CM-000276","US-AM-ATOM-000058","F5","UNITED-STATES/INSURRECTION-DEBT/PAYMENT-PROHIBITION","2","US-CP-000544|US-CP-000545","US-CW-000276","ORYNTH-systems/orynth-constitutional-state-integrity","SOURCE-ANCHORED CONSTITUTIONAL PROHIBITION / LIMITATION","02-constitutional-object-model/registry/PROHIBITION.yaml;02-constitutional-object-model/registry/LIMITATION.yaml;04-authority-lineage/AUTHORITY_LINEAGE_REGISTRY.yaml","YES","C1","0","INTEGRATED-CORRESPONDENCE-UNBOUND"
"US-CM-000277","US-AM-ATOM-000059","F5","UNITED-STATES/SLAVE-LOSS-CLAIMS/INVALIDITY","2","US-CP-000546|US-CP-000547","US-CW-000277","ORYNTH-systems/orynth-constitutional-state-integrity","SOURCE-ANCHORED CONSTITUTIONAL PROHIBITION / LIMITATION","02-constitutional-object-model/registry/PROHIBITION.yaml;02-constitutional-object-model/registry/LIMITATION.yaml;04-authority-lineage/AUTHORITY_LINEAGE_REGISTRY.yaml","YES","C1","0","INTEGRATED-CORRESPONDENCE-UNBOUND"
"US-CM-000278","US-AM-ATOM-000060","F3","UNITED-STATES/CONGRESS/AMENDMENT-14/ENFORCEMENT","2","US-CP-000548|US-CP-000549","US-CW-000278","ORYNTH-systems/orynth-constitutional-state-integrity","ARTICLE-I-SECTION-8 ENUMERATED-POWER CONCEPT","01-constitutional-source-map/source-integrity/anchors/CONSTITUTIONAL_SOURCE_ANCHORS.json","YES","C1","0","INTEGRATED-CORRESPONDENCE-UNBOUND"
"US-CM-000279","US-AM-ATOM-000061","F5","UNITED-STATES/VOTING/RACE-COLOR-SERVITUDE","3","US-CP-000550|US-CP-000551|US-CP-000552","US-CW-000279","ORYNTH-systems/orynth-constitutional-state-integrity","SOURCE-ANCHORED CONSTITUTIONAL PROHIBITION / LIMITATION","02-constitutional-object-model/registry/PROHIBITION.yaml;02-constitutional-object-model/registry/LIMITATION.yaml;04-authority-lineage/AUTHORITY_LINEAGE_REGISTRY.yaml","YES","C1","0","INTEGRATED-CORRESPONDENCE-UNBOUND"
"US-CM-000280","US-AM-ATOM-000062","F3","UNITED-STATES/CONGRESS/AMENDMENT-15/ENFORCEMENT","2","US-CP-000553|US-CP-000554","US-CW-000280","ORYNTH-systems/orynth-constitutional-state-integrity","ARTICLE-I-SECTION-8 ENUMERATED-POWER CONCEPT","01-constitutional-source-map/source-integrity/anchors/CONSTITUTIONAL_SOURCE_ANCHORS.json","YES","C1","0","INTEGRATED-CORRESPONDENCE-UNBOUND"
"US-CM-000281","US-AM-ATOM-000063","F3","UNITED-STATES/CONGRESS/INCOME-TAX","4","US-CP-000555|US-CP-000556|US-CP-000557|US-CP-000558","US-CW-000281","ORYNTH-systems/orynth-constitutional-state-integrity","ARTICLE-I-SECTION-8 ENUMERATED-POWER CONCEPT","01-constitutional-source-map/source-integrity/anchors/CONSTITUTIONAL_SOURCE_ANCHORS.json","YES","C1","0","INTEGRATED-CORRESPONDENCE-UNBOUND"
"US-CM-000282","US-AM-ATOM-000064","F2","UNITED-STATES/SENATE/STATE-REPRESENTATION","2","US-CP-000559|US-CP-000560","US-CW-000282","ORYNTH-systems/orynth-constitutional-state-integrity","ARCHITECTURAL AUTHORITY / ELECTION / TEMPORAL CONTROL","07-constitutional-state-integrity/elections/federal/FEDERAL_ELECTION_CONSTITUTIONAL_GRAPH.yaml;09-uaa-bridge/elections/actors/UAA_ELECTION_ACTOR_TAXONOMY.yaml;04-authority-lineage/AUTHORITY_LINEAGE_REGISTRY.yaml;07-constitutional-state-integrity/temporal/TEMPORAL_AUTHORITY.schema.json","YES","C2","0","INTEGRATED-CORRESPONDENCE-UNBOUND"
"US-CM-000283","US-AM-ATOM-000065","F1","UNITED-STATES/SENATE/POPULAR-ELECTION","1","US-CP-000561","US-CW-000283","ORYNTH-systems/orynth-constitutional-state-integrity","ARCHITECTURAL AUTHORITY / ELECTION / TEMPORAL CONTROL","07-constitutional-state-integrity/elections/federal/FEDERAL_ELECTION_CONSTITUTIONAL_GRAPH.yaml;09-uaa-bridge/elections/actors/UAA_ELECTION_ACTOR_TAXONOMY.yaml;04-authority-lineage/AUTHORITY_LINEAGE_REGISTRY.yaml;07-constitutional-state-integrity/temporal/TEMPORAL_AUTHORITY.schema.json","YES","C2","0","INTEGRATED-CORRESPONDENCE-UNBOUND"
"US-CM-000284","US-AM-ATOM-000066","F3","UNITED-STATES/SENATE/TERM","1","US-CP-000562","US-CW-000284","ORYNTH-systems/orynth-constitutional-state-integrity","ARCHITECTURAL AUTHORITY / ELECTION / TEMPORAL CONTROL","07-constitutional-state-integrity/elections/federal/FEDERAL_ELECTION_CONSTITUTIONAL_GRAPH.yaml;09-uaa-bridge/elections/actors/UAA_ELECTION_ACTOR_TAXONOMY.yaml;04-authority-lineage/AUTHORITY_LINEAGE_REGISTRY.yaml;07-constitutional-state-integrity/temporal/TEMPORAL_AUTHORITY.schema.json","YES","C2","0","INTEGRATED-CORRESPONDENCE-UNBOUND"
"US-CM-000285","US-AM-ATOM-000067","F2","UNITED-STATES/SENATE/MEMBER-VOTE","1","US-CP-000563","US-CW-000285","ORYNTH-systems/orynth-constitutional-state-integrity","ARCHITECTURAL AUTHORITY / ELECTION / TEMPORAL CONTROL","07-constitutional-state-integrity/elections/federal/FEDERAL_ELECTION_CONSTITUTIONAL_GRAPH.yaml;09-uaa-bridge/elections/actors/UAA_ELECTION_ACTOR_TAXONOMY.yaml;04-authority-lineage/AUTHORITY_LINEAGE_REGISTRY.yaml;07-constitutional-state-integrity/temporal/TEMPORAL_AUTHORITY.schema.json","YES","C2","0","INTEGRATED-CORRESPONDENCE-UNBOUND"
"US-CM-000286","US-AM-ATOM-000068","F3","UNITED-STATES/SENATE/ELECTOR-QUALIFICATIONS","2","US-CP-000564|US-CP-000565","US-CW-000286","ORYNTH-systems/orynth-constitutional-state-integrity","ARCHITECTURAL AUTHORITY / ELECTION / TEMPORAL CONTROL","07-constitutional-state-integrity/elections/federal/FEDERAL_ELECTION_CONSTITUTIONAL_GRAPH.yaml;09-uaa-bridge/elections/actors/UAA_ELECTION_ACTOR_TAXONOMY.yaml;04-authority-lineage/AUTHORITY_LINEAGE_REGISTRY.yaml;07-constitutional-state-integrity/temporal/TEMPORAL_AUTHORITY.schema.json","YES","C2","0","INTEGRATED-CORRESPONDENCE-UNBOUND"
"US-CM-000287","US-AM-ATOM-000069","F1","UNITED-STATES/SENATE/VACANCIES/ELECTION-WRITS","3","US-CP-000566|US-CP-000567|US-CP-000568","US-CW-000287","ORYNTH-systems/orynth-constitutional-state-integrity","ARCHITECTURAL AUTHORITY / ELECTION / TEMPORAL CONTROL","07-constitutional-state-integrity/elections/federal/FEDERAL_ELECTION_CONSTITUTIONAL_GRAPH.yaml;09-uaa-bridge/elections/actors/UAA_ELECTION_ACTOR_TAXONOMY.yaml;04-authority-lineage/AUTHORITY_LINEAGE_REGISTRY.yaml;07-constitutional-state-integrity/temporal/TEMPORAL_AUTHORITY.schema.json","YES","C2","0","INTEGRATED-CORRESPONDENCE-UNBOUND"
"US-CM-000288","US-AM-ATOM-000070","F3","UNITED-STATES/SENATE/VACANCIES/TEMPORARY-APPOINTMENTS","4","US-CP-000569|US-CP-000570|US-CP-000571|US-CP-000572","US-CW-000288","ORYNTH-systems/orynth-constitutional-state-integrity","ARCHITECTURAL AUTHORITY / ELECTION / TEMPORAL CONTROL","07-constitutional-state-integrity/elections/federal/FEDERAL_ELECTION_CONSTITUTIONAL_GRAPH.yaml;09-uaa-bridge/elections/actors/UAA_ELECTION_ACTOR_TAXONOMY.yaml;04-authority-lineage/AUTHORITY_LINEAGE_REGISTRY.yaml;07-constitutional-state-integrity/temporal/TEMPORAL_AUTHORITY.schema.json","YES","C2","0","INTEGRATED-CORRESPONDENCE-UNBOUND"
"US-CM-000289","US-AM-ATOM-000071","F7","UNITED-STATES/SENATE/AMENDMENT-17/TRANSITION","2","US-CP-000573|US-CP-000574","US-CW-000289","ORYNTH-systems/orynth-constitutional-state-integrity","SOURCE-ANCHORED TEMPORAL EFFECT CONTROL","01-constitutional-source-map/source-integrity/anchors/CONSTITUTIONAL_SOURCE_ANCHORS.json","YES","C2","0","INTEGRATED-CORRESPONDENCE-UNBOUND"
"US-CM-000290","US-AM-ATOM-000072|US-AM-ATOM-000073|US-AM-ATOM-000074|US-AM-ATOM-000075|US-AM-ATOM-000076","F5","UNITED-STATES/INTOXICATING-LIQUOR/PROHIBITED-OPERATIONS","4","US-CP-000575|US-CP-000576|US-CP-000577|US-CP-000578","US-CW-000290","ORYNTH-systems/orynth-constitutional-state-integrity","SOURCE-ANCHORED CONSTITUTIONAL PROHIBITION / LIMITATION","02-constitutional-object-model/registry/PROHIBITION.yaml;02-constitutional-object-model/registry/LIMITATION.yaml;04-authority-lineage/AUTHORITY_LINEAGE_REGISTRY.yaml","YES","C1","0","INTEGRATED-CORRESPONDENCE-UNBOUND"
"US-CM-000291","US-AM-ATOM-000077","F3","UNITED-STATES/FEDERAL-STATE/AMENDMENT-18/ENFORCEMENT","3","US-CP-000579|US-CP-000580|US-CP-000581","US-CW-000291","ORYNTH-systems/orynth-constitutional-state-integrity","ARTICLE-I-SECTION-8 ENUMERATED-POWER CONCEPT","01-constitutional-source-map/source-integrity/anchors/CONSTITUTIONAL_SOURCE_ANCHORS.json","YES","C1","0","INTEGRATED-CORRESPONDENCE-UNBOUND"
"US-CM-000292","US-AM-ATOM-000078","F7","UNITED-STATES/CONSTITUTION/AMENDMENT-18/RATIFICATION-TIME-LIMIT","4","US-CP-000582|US-CP-000583|US-CP-000584|US-CP-000585","US-CW-000292","ORYNTH-systems/orynth-constitutional-state-integrity","SOURCE-ANCHORED TEMPORAL EFFECT CONTROL","01-constitutional-source-map/source-integrity/anchors/CONSTITUTIONAL_SOURCE_ANCHORS.json","YES","C2","0","INTEGRATED-CORRESPONDENCE-UNBOUND"
"US-CM-000293","US-AM-ATOM-000079","F5","UNITED-STATES/VOTING/SEX","3","US-CP-000586|US-CP-000587|US-CP-000588","US-CW-000293","ORYNTH-systems/orynth-constitutional-state-integrity","SOURCE-ANCHORED CONSTITUTIONAL PROHIBITION / LIMITATION","02-constitutional-object-model/registry/PROHIBITION.yaml;02-constitutional-object-model/registry/LIMITATION.yaml;04-authority-lineage/AUTHORITY_LINEAGE_REGISTRY.yaml","YES","C1","0","INTEGRATED-CORRESPONDENCE-UNBOUND"
"US-CM-000294","US-AM-ATOM-000080","F3","UNITED-STATES/CONGRESS/AMENDMENT-19/ENFORCEMENT","2","US-CP-000589|US-CP-000590","US-CW-000294","ORYNTH-systems/orynth-constitutional-state-integrity","ARTICLE-I-SECTION-8 ENUMERATED-POWER CONCEPT","01-constitutional-source-map/source-integrity/anchors/CONSTITUTIONAL_SOURCE_ANCHORS.json","YES","C1","0","INTEGRATED-CORRESPONDENCE-UNBOUND"
"US-CM-000295","US-AM-ATOM-000081","F7","UNITED-STATES/PRESIDENCY/TERM-END","2","US-CP-000591|US-CP-000592","US-CW-000295","ORYNTH-systems/orynth-constitutional-state-integrity","SOURCE-ANCHORED TEMPORAL EFFECT CONTROL","01-constitutional-source-map/source-integrity/anchors/CONSTITUTIONAL_SOURCE_ANCHORS.json","YES","C2","0","INTEGRATED-CORRESPONDENCE-UNBOUND"
"US-CM-000296","US-AM-ATOM-000082","F7","UNITED-STATES/CONGRESS/TERM-END","3","US-CP-000593|US-CP-000594|US-CP-000595","US-CW-000296","ORYNTH-systems/orynth-constitutional-state-integrity","SOURCE-ANCHORED TEMPORAL EFFECT CONTROL","01-constitutional-source-map/source-integrity/anchors/CONSTITUTIONAL_SOURCE_ANCHORS.json","YES","C2","0","INTEGRATED-CORRESPONDENCE-UNBOUND"
"US-CM-000297","US-AM-ATOM-000083","F7","UNITED-STATES/FEDERAL-OFFICE/SUCCESSOR-TERM-BEGIN","1","US-CP-000596","US-CW-000297","ORYNTH-systems/orynth-constitutional-state-integrity","SOURCE-ANCHORED TEMPORAL EFFECT CONTROL","01-constitutional-source-map/source-integrity/anchors/CONSTITUTIONAL_SOURCE_ANCHORS.json","YES","C2","0","INTEGRATED-CORRESPONDENCE-UNBOUND"
"US-CM-000298","US-AM-ATOM-000084","F3","UNITED-STATES/CONGRESS/ANNUAL-ASSEMBLY","2","US-CP-000597|US-CP-000598","US-CW-000298","ORYNTH-systems/orynth-constitutional-state-integrity","SOURCE-ANCHORED CONSTITUTIONAL-PROCESS CONCEPT","01-constitutional-source-map/source-integrity/anchors/CONSTITUTIONAL_SOURCE_ANCHORS.json","YES","C1","0","INTEGRATED-CORRESPONDENCE-UNBOUND"
"US-CM-000299","US-AM-ATOM-000085","F3","UNITED-STATES/CONGRESS/ASSEMBLY-DATE","3","US-CP-000599|US-CP-000600|US-CP-000601","US-CW-000299","ORYNTH-systems/orynth-constitutional-state-integrity","SOURCE-ANCHORED CONSTITUTIONAL-PROCESS CONCEPT","01-constitutional-source-map/source-integrity/anchors/CONSTITUTIONAL_SOURCE_ANCHORS.json","YES","C1","0","INTEGRATED-CORRESPONDENCE-UNBOUND"
"US-CM-000300","US-AM-ATOM-000086","F1","UNITED-STATES/PRESIDENCY/SUCCESSION/PRESIDENT-ELECT-DEATH","3","US-CP-000602|US-CP-000603|US-CP-000604","US-CW-000300","ORYNTH-systems/orynth-constitutional-state-integrity","ARCHITECTURAL AUTHORITY / ELECTION / TEMPORAL CONTROL","07-constitutional-state-integrity/elections/federal/FEDERAL_ELECTION_CONSTITUTIONAL_GRAPH.yaml;09-uaa-bridge/elections/actors/UAA_ELECTION_ACTOR_TAXONOMY.yaml;04-authority-lineage/AUTHORITY_LINEAGE_REGISTRY.yaml;07-constitutional-state-integrity/temporal/TEMPORAL_AUTHORITY.schema.json","YES","C2","0","INTEGRATED-CORRESPONDENCE-UNBOUND"
"US-CM-000301","US-AM-ATOM-000087","F1","UNITED-STATES/PRESIDENCY/SUCCESSION/PRESIDENT-ELECT-NOT-QUALIFIED","3","US-CP-000605|US-CP-000606|US-CP-000607","US-CW-000301","ORYNTH-systems/orynth-constitutional-state-integrity","ARCHITECTURAL AUTHORITY / ELECTION / TEMPORAL CONTROL","07-constitutional-state-integrity/elections/federal/FEDERAL_ELECTION_CONSTITUTIONAL_GRAPH.yaml;09-uaa-bridge/elections/actors/UAA_ELECTION_ACTOR_TAXONOMY.yaml;04-authority-lineage/AUTHORITY_LINEAGE_REGISTRY.yaml;07-constitutional-state-integrity/temporal/TEMPORAL_AUTHORITY.schema.json","YES","C2","0","INTEGRATED-CORRESPONDENCE-UNBOUND"
"US-CM-000302","US-AM-ATOM-000088","F3","UNITED-STATES/CONGRESS/PRESIDENTIAL-SUCCESSION/NEITHER-QUALIFIED","4","US-CP-000608|US-CP-000609|US-CP-000610|US-CP-000611","US-CW-000302","ORYNTH-systems/orynth-constitutional-state-integrity","SOURCE-ANCHORED CONSTITUTIONAL-PROCESS CONCEPT","01-constitutional-source-map/source-integrity/anchors/CONSTITUTIONAL_SOURCE_ANCHORS.json","YES","C1","0","INTEGRATED-CORRESPONDENCE-UNBOUND"
"US-CM-000303","US-AM-ATOM-000089","F1","UNITED-STATES/PRESIDENCY/SUCCESSION/ACTING-PRESIDENT-DURATION","2","US-CP-000612|US-CP-000613","US-CW-000303","ORYNTH-systems/orynth-constitutional-state-integrity","ARCHITECTURAL AUTHORITY / ELECTION / TEMPORAL CONTROL","07-constitutional-state-integrity/elections/federal/FEDERAL_ELECTION_CONSTITUTIONAL_GRAPH.yaml;09-uaa-bridge/elections/actors/UAA_ELECTION_ACTOR_TAXONOMY.yaml;04-authority-lineage/AUTHORITY_LINEAGE_REGISTRY.yaml;07-constitutional-state-integrity/temporal/TEMPORAL_AUTHORITY.schema.json","YES","C2","0","INTEGRATED-CORRESPONDENCE-UNBOUND"
"US-CM-000304","US-AM-ATOM-000090","F3","UNITED-STATES/CONGRESS/CONTINGENT-PRESIDENT/DEATH-PROVISION","3","US-CP-000614|US-CP-000615|US-CP-000616","US-CW-000304","ORYNTH-systems/orynth-constitutional-state-integrity","SOURCE-ANCHORED CONSTITUTIONAL-PROCESS CONCEPT","01-constitutional-source-map/source-integrity/anchors/CONSTITUTIONAL_SOURCE_ANCHORS.json","YES","C1","0","INTEGRATED-CORRESPONDENCE-UNBOUND"
"US-CM-000305","US-AM-ATOM-000091","F3","UNITED-STATES/CONGRESS/CONTINGENT-VICE-PRESIDENT/DEATH-PROVISION","3","US-CP-000617|US-CP-000618|US-CP-000619","US-CW-000305","ORYNTH-systems/orynth-constitutional-state-integrity","SOURCE-ANCHORED CONSTITUTIONAL-PROCESS CONCEPT","01-constitutional-source-map/source-integrity/anchors/CONSTITUTIONAL_SOURCE_ANCHORS.json","YES","C1","0","INTEGRATED-CORRESPONDENCE-UNBOUND"
"US-CM-000306","US-AM-ATOM-000092","F7","UNITED-STATES/AMENDMENT-20/EFFECTIVE-DATE","2","US-CP-000620|US-CP-000621","US-CW-000306","ORYNTH-systems/orynth-constitutional-state-integrity","SOURCE-ANCHORED TEMPORAL EFFECT CONTROL","01-constitutional-source-map/source-integrity/anchors/CONSTITUTIONAL_SOURCE_ANCHORS.json","YES","C2","0","INTEGRATED-CORRESPONDENCE-UNBOUND"
"US-CM-000307","US-AM-ATOM-000093","F7","UNITED-STATES/CONSTITUTION/AMENDMENT-20/RATIFICATION-TIME-LIMIT","4","US-CP-000622|US-CP-000623|US-CP-000624|US-CP-000625","US-CW-000307","ORYNTH-systems/orynth-constitutional-state-integrity","SOURCE-ANCHORED TEMPORAL EFFECT CONTROL","01-constitutional-source-map/source-integrity/anchors/CONSTITUTIONAL_SOURCE_ANCHORS.json","YES","C2","0","INTEGRATED-CORRESPONDENCE-UNBOUND"
"US-CM-000308","US-AM-ATOM-000094","F7","UNITED-STATES/CONSTITUTION/AMENDMENT-18/REPEAL","1","US-CP-000626","US-CW-000308","ORYNTH-systems/orynth-constitutional-state-integrity","SOURCE-ANCHORED TEMPORAL EFFECT CONTROL","01-constitutional-source-map/source-integrity/anchors/CONSTITUTIONAL_SOURCE_ANCHORS.json","YES","C2","0","INTEGRATED-CORRESPONDENCE-UNBOUND"
"US-CM-000309","US-AM-ATOM-000095","F5","UNITED-STATES/STATES/INTOXICATING-LIQUOR/STATE-LAW","4","US-CP-000627|US-CP-000628|US-CP-000629|US-CP-000630","US-CW-000309","ORYNTH-systems/orynth-constitutional-state-integrity","SOURCE-ANCHORED CONSTITUTIONAL PROHIBITION / LIMITATION","02-constitutional-object-model/registry/PROHIBITION.yaml;02-constitutional-object-model/registry/LIMITATION.yaml;04-authority-lineage/AUTHORITY_LINEAGE_REGISTRY.yaml","YES","C1","0","INTEGRATED-CORRESPONDENCE-UNBOUND"
"US-CM-000310","US-AM-ATOM-000096","F7","UNITED-STATES/CONSTITUTION/AMENDMENT-21/RATIFICATION-TIME-LIMIT","4","US-CP-000631|US-CP-000632|US-CP-000633|US-CP-000634","US-CW-000310","ORYNTH-systems/orynth-constitutional-state-integrity","SOURCE-ANCHORED TEMPORAL EFFECT CONTROL","01-constitutional-source-map/source-integrity/anchors/CONSTITUTIONAL_SOURCE_ANCHORS.json","YES","C2","0","INTEGRATED-CORRESPONDENCE-UNBOUND"
"US-CM-000311","US-AM-ATOM-000097","F5","UNITED-STATES/PRESIDENCY/ELECTION/TERM-LIMIT","2","US-CP-000635|US-CP-000636","US-CW-000311","ORYNTH-systems/orynth-constitutional-state-integrity","ARCHITECTURAL AUTHORITY / ELECTION / TEMPORAL CONTROL","07-constitutional-state-integrity/elections/federal/FEDERAL_ELECTION_CONSTITUTIONAL_GRAPH.yaml;09-uaa-bridge/elections/actors/UAA_ELECTION_ACTOR_TAXONOMY.yaml;04-authority-lineage/AUTHORITY_LINEAGE_REGISTRY.yaml;07-constitutional-state-integrity/temporal/TEMPORAL_AUTHORITY.schema.json","YES","C2","0","INTEGRATED-CORRESPONDENCE-UNBOUND"
"US-CM-000312","US-AM-ATOM-000098","F5","UNITED-STATES/PRESIDENCY/ELECTION/PARTIAL-TERM-LIMIT","3","US-CP-000637|US-CP-000638|US-CP-000639","US-CW-000312","ORYNTH-systems/orynth-constitutional-state-integrity","ARCHITECTURAL AUTHORITY / ELECTION / TEMPORAL CONTROL","07-constitutional-state-integrity/elections/federal/FEDERAL_ELECTION_CONSTITUTIONAL_GRAPH.yaml;09-uaa-bridge/elections/actors/UAA_ELECTION_ACTOR_TAXONOMY.yaml;04-authority-lineage/AUTHORITY_LINEAGE_REGISTRY.yaml;07-constitutional-state-integrity/temporal/TEMPORAL_AUTHORITY.schema.json","YES","C2","0","INTEGRATED-CORRESPONDENCE-UNBOUND"
"US-CM-000313","US-AM-ATOM-000099","F7","UNITED-STATES/PRESIDENCY/TERM-LIMIT/PROPOSAL-TRANSITION","2","US-CP-000640|US-CP-000641","US-CW-000313","ORYNTH-systems/orynth-constitutional-state-integrity","SOURCE-ANCHORED TEMPORAL EFFECT CONTROL","01-constitutional-source-map/source-integrity/anchors/CONSTITUTIONAL_SOURCE_ANCHORS.json","YES","C2","0","INTEGRATED-CORRESPONDENCE-UNBOUND"
"US-CM-000314","US-AM-ATOM-000100","F7","UNITED-STATES/PRESIDENCY/TERM-LIMIT/OPERATIVE-TERM-TRANSITION","2","US-CP-000642|US-CP-000643","US-CW-000314","ORYNTH-systems/orynth-constitutional-state-integrity","SOURCE-ANCHORED TEMPORAL EFFECT CONTROL","01-constitutional-source-map/source-integrity/anchors/CONSTITUTIONAL_SOURCE_ANCHORS.json","YES","C2","0","INTEGRATED-CORRESPONDENCE-UNBOUND"
"US-CM-000315","US-AM-ATOM-000101","F7","UNITED-STATES/CONSTITUTION/AMENDMENT-22/RATIFICATION-TIME-LIMIT","4","US-CP-000644|US-CP-000645|US-CP-000646|US-CP-000647","US-CW-000315","ORYNTH-systems/orynth-constitutional-state-integrity","SOURCE-ANCHORED TEMPORAL EFFECT CONTROL","01-constitutional-source-map/source-integrity/anchors/CONSTITUTIONAL_SOURCE_ANCHORS.json","YES","C2","0","INTEGRATED-CORRESPONDENCE-UNBOUND"
"US-CM-000316","US-AM-ATOM-000102","F1","UNITED-STATES/DISTRICT-OF-COLUMBIA/PRESIDENTIAL-ELECTORS/APPOINTMENT","5","US-CP-000648|US-CP-000649|US-CP-000650|US-CP-000651|US-CP-000652","US-CW-000316","ORYNTH-systems/orynth-constitutional-state-integrity","ARCHITECTURAL AUTHORITY / ELECTION / TEMPORAL CONTROL","07-constitutional-state-integrity/elections/federal/FEDERAL_ELECTION_CONSTITUTIONAL_GRAPH.yaml;09-uaa-bridge/elections/actors/UAA_ELECTION_ACTOR_TAXONOMY.yaml;04-authority-lineage/AUTHORITY_LINEAGE_REGISTRY.yaml;07-constitutional-state-integrity/temporal/TEMPORAL_AUTHORITY.schema.json","YES","C2","0","INTEGRATED-CORRESPONDENCE-UNBOUND"
"US-CM-000317","US-AM-ATOM-000103","F6","UNITED-STATES/DISTRICT-OF-COLUMBIA/PRESIDENTIAL-ELECTORS/STATUS","3","US-CP-000653|US-CP-000654|US-CP-000655","US-CW-000317","ORYNTH-systems/orynth-constitutional-state-integrity","ARCHITECTURAL AUTHORITY / ELECTION / TEMPORAL CONTROL","07-constitutional-state-integrity/elections/federal/FEDERAL_ELECTION_CONSTITUTIONAL_GRAPH.yaml;09-uaa-bridge/elections/actors/UAA_ELECTION_ACTOR_TAXONOMY.yaml;04-authority-lineage/AUTHORITY_LINEAGE_REGISTRY.yaml;07-constitutional-state-integrity/temporal/TEMPORAL_AUTHORITY.schema.json","YES","C2","0","INTEGRATED-CORRESPONDENCE-UNBOUND"
"US-CM-000318","US-AM-ATOM-000104","F3","UNITED-STATES/DISTRICT-OF-COLUMBIA/PRESIDENTIAL-ELECTORS/DUTIES","3","US-CP-000656|US-CP-000657|US-CP-000658","US-CW-000318","ORYNTH-systems/orynth-constitutional-state-integrity","ARCHITECTURAL AUTHORITY / ELECTION / TEMPORAL CONTROL","07-constitutional-state-integrity/elections/federal/FEDERAL_ELECTION_CONSTITUTIONAL_GRAPH.yaml;09-uaa-bridge/elections/actors/UAA_ELECTION_ACTOR_TAXONOMY.yaml;04-authority-lineage/AUTHORITY_LINEAGE_REGISTRY.yaml;07-constitutional-state-integrity/temporal/TEMPORAL_AUTHORITY.schema.json","YES","C2","0","INTEGRATED-CORRESPONDENCE-UNBOUND"
"US-CM-000319","US-AM-ATOM-000105","F3","UNITED-STATES/CONGRESS/AMENDMENT-23/ENFORCEMENT","2","US-CP-000659|US-CP-000660","US-CW-000319","ORYNTH-systems/orynth-constitutional-state-integrity","ARTICLE-I-SECTION-8 ENUMERATED-POWER CONCEPT","01-constitutional-source-map/source-integrity/anchors/CONSTITUTIONAL_SOURCE_ANCHORS.json","YES","C1","0","INTEGRATED-CORRESPONDENCE-UNBOUND"
"US-CM-000320","US-AM-ATOM-000106","F5","UNITED-STATES/VOTING/POLL-TAX","4","US-CP-000661|US-CP-000662|US-CP-000663|US-CP-000664","US-CW-000320","ORYNTH-systems/orynth-constitutional-state-integrity","SOURCE-ANCHORED CONSTITUTIONAL PROHIBITION / LIMITATION","02-constitutional-object-model/registry/PROHIBITION.yaml;02-constitutional-object-model/registry/LIMITATION.yaml;04-authority-lineage/AUTHORITY_LINEAGE_REGISTRY.yaml","YES","C1","0","INTEGRATED-CORRESPONDENCE-UNBOUND"
"US-CM-000321","US-AM-ATOM-000107","F3","UNITED-STATES/CONGRESS/AMENDMENT-24/ENFORCEMENT","2","US-CP-000665|US-CP-000666","US-CW-000321","ORYNTH-systems/orynth-constitutional-state-integrity","ARTICLE-I-SECTION-8 ENUMERATED-POWER CONCEPT","01-constitutional-source-map/source-integrity/anchors/CONSTITUTIONAL_SOURCE_ANCHORS.json","YES","C1","0","INTEGRATED-CORRESPONDENCE-UNBOUND"
"US-CM-000322","US-AM-ATOM-000108","F1","UNITED-STATES/PRESIDENCY/SUCCESSION/REMOVAL-DEATH-RESIGNATION","2","US-CP-000667|US-CP-000668","US-CW-000322","ORYNTH-systems/orynth-constitutional-state-integrity","ARCHITECTURAL AUTHORITY / ELECTION / TEMPORAL CONTROL","07-constitutional-state-integrity/elections/federal/FEDERAL_ELECTION_CONSTITUTIONAL_GRAPH.yaml;09-uaa-bridge/elections/actors/UAA_ELECTION_ACTOR_TAXONOMY.yaml;04-authority-lineage/AUTHORITY_LINEAGE_REGISTRY.yaml;07-constitutional-state-integrity/temporal/TEMPORAL_AUTHORITY.schema.json","YES","C2","0","INTEGRATED-CORRESPONDENCE-UNBOUND"
"US-CM-000323","US-AM-ATOM-000109","F1","UNITED-STATES/VICE-PRESIDENCY/VACANCY/NOMINATION","2","US-CP-000669|US-CP-000670","US-CW-000323","ORYNTH-systems/orynth-constitutional-state-integrity","ARCHITECTURAL AUTHORITY / ELECTION / TEMPORAL CONTROL","07-constitutional-state-integrity/elections/federal/FEDERAL_ELECTION_CONSTITUTIONAL_GRAPH.yaml;09-uaa-bridge/elections/actors/UAA_ELECTION_ACTOR_TAXONOMY.yaml;04-authority-lineage/AUTHORITY_LINEAGE_REGISTRY.yaml;07-constitutional-state-integrity/temporal/TEMPORAL_AUTHORITY.schema.json","YES","C2","0","INTEGRATED-CORRESPONDENCE-UNBOUND"
"US-CM-000324","US-AM-ATOM-000110","F4","UNITED-STATES/VICE-PRESIDENCY/VACANCY/CONFIRMATION","3","US-CP-000671|US-CP-000672|US-CP-000673","US-CW-000324","ORYNTH-systems/orynth-constitutional-state-integrity","ARCHITECTURAL AUTHORITY / ELECTION / TEMPORAL CONTROL","07-constitutional-state-integrity/elections/federal/FEDERAL_ELECTION_CONSTITUTIONAL_GRAPH.yaml;09-uaa-bridge/elections/actors/UAA_ELECTION_ACTOR_TAXONOMY.yaml;04-authority-lineage/AUTHORITY_LINEAGE_REGISTRY.yaml;07-constitutional-state-integrity/temporal/TEMPORAL_AUTHORITY.schema.json","YES","C2","0","INTEGRATED-CORRESPONDENCE-UNBOUND"
"US-CM-000325","US-AM-ATOM-000111","F1","UNITED-STATES/PRESIDENCY/INABILITY/SELF-DECLARATION","5","US-CP-000674|US-CP-000675|US-CP-000676|US-CP-000677|US-CP-000678","US-CW-000325","ORYNTH-systems/orynth-constitutional-state-integrity","ARCHITECTURAL AUTHORITY / ELECTION / TEMPORAL CONTROL","07-constitutional-state-integrity/elections/federal/FEDERAL_ELECTION_CONSTITUTIONAL_GRAPH.yaml;09-uaa-bridge/elections/actors/UAA_ELECTION_ACTOR_TAXONOMY.yaml;04-authority-lineage/AUTHORITY_LINEAGE_REGISTRY.yaml;07-constitutional-state-integrity/temporal/TEMPORAL_AUTHORITY.schema.json","YES","C2","0","INTEGRATED-CORRESPONDENCE-UNBOUND"
"US-CM-000326","US-AM-ATOM-000112","F4","UNITED-STATES/PRESIDENCY/INABILITY/VICE-PRESIDENT-CABINET-DECLARATION","5","US-CP-000679|US-CP-000680|US-CP-000681|US-CP-000682|US-CP-000683","US-CW-000326","ORYNTH-systems/orynth-constitutional-state-integrity","ARCHITECTURAL AUTHORITY / ELECTION / TEMPORAL CONTROL","07-constitutional-state-integrity/elections/federal/FEDERAL_ELECTION_CONSTITUTIONAL_GRAPH.yaml;09-uaa-bridge/elections/actors/UAA_ELECTION_ACTOR_TAXONOMY.yaml;04-authority-lineage/AUTHORITY_LINEAGE_REGISTRY.yaml;07-constitutional-state-integrity/temporal/TEMPORAL_AUTHORITY.schema.json","YES","C2","0","INTEGRATED-CORRESPONDENCE-UNBOUND"
"US-CM-000327","US-AM-ATOM-000113","F1","UNITED-STATES/PRESIDENCY/INABILITY/RESUMPTION-COUNTERDECLARATION","3","US-CP-000684|US-CP-000685|US-CP-000686","US-CW-000327","ORYNTH-systems/orynth-constitutional-state-integrity","ARCHITECTURAL AUTHORITY / ELECTION / TEMPORAL CONTROL","07-constitutional-state-integrity/elections/federal/FEDERAL_ELECTION_CONSTITUTIONAL_GRAPH.yaml;09-uaa-bridge/elections/actors/UAA_ELECTION_ACTOR_TAXONOMY.yaml;04-authority-lineage/AUTHORITY_LINEAGE_REGISTRY.yaml;07-constitutional-state-integrity/temporal/TEMPORAL_AUTHORITY.schema.json","YES","C2","0","INTEGRATED-CORRESPONDENCE-UNBOUND"
"US-CM-000328","US-AM-ATOM-000113","F4","UNITED-STATES/PRESIDENCY/INABILITY/RESUMPTION-COUNTERDECLARATION","4","US-CP-000687|US-CP-000688|US-CP-000689|US-CP-000690","US-CW-000328","ORYNTH-systems/orynth-constitutional-state-integrity","ARCHITECTURAL AUTHORITY / ELECTION / TEMPORAL CONTROL","07-constitutional-state-integrity/elections/federal/FEDERAL_ELECTION_CONSTITUTIONAL_GRAPH.yaml;09-uaa-bridge/elections/actors/UAA_ELECTION_ACTOR_TAXONOMY.yaml;04-authority-lineage/AUTHORITY_LINEAGE_REGISTRY.yaml;07-constitutional-state-integrity/temporal/TEMPORAL_AUTHORITY.schema.json","YES","C2","0","INTEGRATED-CORRESPONDENCE-UNBOUND"
"US-CM-000329","US-AM-ATOM-000114","F3","UNITED-STATES/CONGRESS/PRESIDENTIAL-INABILITY/DECISION","1","US-CP-000691","US-CW-000329","ORYNTH-systems/orynth-constitutional-state-integrity","SOURCE-ANCHORED CONSTITUTIONAL-PROCESS CONCEPT","01-constitutional-source-map/source-integrity/anchors/CONSTITUTIONAL_SOURCE_ANCHORS.json","YES","C1","0","INTEGRATED-CORRESPONDENCE-UNBOUND"
"US-CM-000330","US-AM-ATOM-000115","F3","UNITED-STATES/CONGRESS/PRESIDENTIAL-INABILITY/ASSEMBLY-TIMING","3","US-CP-000692|US-CP-000693|US-CP-000694","US-CW-000330","ORYNTH-systems/orynth-constitutional-state-integrity","SOURCE-ANCHORED CONSTITUTIONAL-PROCESS CONCEPT","01-constitutional-source-map/source-integrity/anchors/CONSTITUTIONAL_SOURCE_ANCHORS.json","YES","C1","0","INTEGRATED-CORRESPONDENCE-UNBOUND"
"US-CM-000331","US-AM-ATOM-000116","F4","UNITED-STATES/CONGRESS/PRESIDENTIAL-INABILITY/TWO-THIRDS-DETERMINATION","4","US-CP-000695|US-CP-000696|US-CP-000697|US-CP-000698","US-CW-000331","ORYNTH-systems/orynth-constitutional-state-integrity","ACTOR-OPERATION AUTHORITY SCOPE","02-constitutional-object-model/registry/AUTHORITY.yaml","YES","C2","0","INTEGRATED-CORRESPONDENCE-UNBOUND"
"US-CM-000332","US-AM-ATOM-000117","F1","UNITED-STATES/PRESIDENCY/INABILITY/ACTING-PRESIDENT-CONTINUATION","1","US-CP-000699","US-CW-000332","ORYNTH-systems/orynth-constitutional-state-integrity","ARCHITECTURAL AUTHORITY / ELECTION / TEMPORAL CONTROL","07-constitutional-state-integrity/elections/federal/FEDERAL_ELECTION_CONSTITUTIONAL_GRAPH.yaml;09-uaa-bridge/elections/actors/UAA_ELECTION_ACTOR_TAXONOMY.yaml;04-authority-lineage/AUTHORITY_LINEAGE_REGISTRY.yaml;07-constitutional-state-integrity/temporal/TEMPORAL_AUTHORITY.schema.json","YES","C2","0","INTEGRATED-CORRESPONDENCE-UNBOUND"
"US-CM-000333","US-AM-ATOM-000118","F1","UNITED-STATES/PRESIDENCY/INABILITY/PRESIDENTIAL-RESUMPTION","1","US-CP-000700","US-CW-000333","ORYNTH-systems/orynth-constitutional-state-integrity","ARCHITECTURAL AUTHORITY / ELECTION / TEMPORAL CONTROL","07-constitutional-state-integrity/elections/federal/FEDERAL_ELECTION_CONSTITUTIONAL_GRAPH.yaml;09-uaa-bridge/elections/actors/UAA_ELECTION_ACTOR_TAXONOMY.yaml;04-authority-lineage/AUTHORITY_LINEAGE_REGISTRY.yaml;07-constitutional-state-integrity/temporal/TEMPORAL_AUTHORITY.schema.json","YES","C2","0","INTEGRATED-CORRESPONDENCE-UNBOUND"
"US-CM-000334","US-AM-ATOM-000119","F5","UNITED-STATES/VOTING/AGE-18","4","US-CP-000701|US-CP-000702|US-CP-000703|US-CP-000704","US-CW-000334","ORYNTH-systems/orynth-constitutional-state-integrity","SOURCE-ANCHORED CONSTITUTIONAL PROHIBITION / LIMITATION","02-constitutional-object-model/registry/PROHIBITION.yaml;02-constitutional-object-model/registry/LIMITATION.yaml;04-authority-lineage/AUTHORITY_LINEAGE_REGISTRY.yaml","YES","C1","0","INTEGRATED-CORRESPONDENCE-UNBOUND"
"US-CM-000335","US-AM-ATOM-000120","F3","UNITED-STATES/CONGRESS/AMENDMENT-26/ENFORCEMENT","2","US-CP-000705|US-CP-000706","US-CW-000335","ORYNTH-systems/orynth-constitutional-state-integrity","ARTICLE-I-SECTION-8 ENUMERATED-POWER CONCEPT","01-constitutional-source-map/source-integrity/anchors/CONSTITUTIONAL_SOURCE_ANCHORS.json","YES","C1","0","INTEGRATED-CORRESPONDENCE-UNBOUND"
"US-CM-000336","US-AM-ATOM-000121","F7","UNITED-STATES/CONGRESS/COMPENSATION/EFFECTIVE-DELAY","3","US-CP-000707|US-CP-000708|US-CP-000709","US-CW-000336","ORYNTH-systems/orynth-constitutional-state-integrity","SOURCE-ANCHORED TEMPORAL EFFECT CONTROL","01-constitutional-source-map/source-integrity/anchors/CONSTITUTIONAL_SOURCE_ANCHORS.json","YES","C2","0","INTEGRATED-CORRESPONDENCE-UNBOUND"
