"mechanism_id","source_clause_id","mechanism_family","normalized_mechanism","negative_condition","jurisdiction_scope","orynth_mapping_status","correspondence_grade","notes"
"US-CM-000001","US-CONST-ATOM-000001","F1","Legislative powers granted by the Constitution are vested in the Congress of the United States.","Legislative authority is not established outside the identified constitutional grant and vested institution.","UNITED-STATES/FEDERAL/LEGISLATIVE","UNASSESSED","UNASSESSED","Primary family AUTHORITY-VESTING; phrase 'herein granted' preserves granted-scope limitation."
"US-CM-000002","US-CONST-ATOM-000002","F2","Congress is constitutionally constituted as two distinct chambers: the Senate and the House of Representatives.","Neither chamber alone constitutes the whole Congress where the Constitution assigns authority to Congress as the bicameral institution.","UNITED-STATES/FEDERAL/LEGISLATIVE-STRUCTURE","UNASSESSED","UNASSESSED","Primary family AUTHORITY-SEPARATION; bicameral institutional separation."
"US-CM-000003","US-CONST-ATOM-000003","F1","House membership authority originates through recurring selection by the People of the several States.","House membership is not constitutionally constituted through an alternative selector under this source clause.","UNITED-STATES/HOUSE/STATE-ELECTORATES","UNASSESSED","UNASSESSED","Election interval preserved as a source condition; supersession_status=UNASSESSED."
"US-CM-000004","US-CONST-ATOM-000004","F3","Eligibility to participate as a House elector in each State is bounded by the qualifications required for electors of that State's most numerous legislative branch.","A House elector qualification exceeding or departing from the constitutionally linked State qualification is not established by this clause.","UNITED-STATES/HOUSE/STATE-ELECTOR-QUALIFICATIONS","UNASSESSED","UNASSESSED","Primary family ENUMERATED-SCOPED-POWER."
"US-CM-000005","US-CONST-ATOM-000005","F3","Eligibility for service as a Representative is bounded by minimum age, citizenship duration, and State inhabitancy requirements.","A person failing any stated qualification is not constitutionally qualified under this clause.","UNITED-STATES/HOUSE/MEMBER-QUALIFICATIONS","UNASSESSED","UNASSESSED","Age=25; citizenship duration=7 years; inhabitancy tied to represented State."
"US-CM-000006","US-CONST-ATOM-000006","F6","Representation and direct-tax apportionment operate among the States according to the population rule stated in the source text.","Apportionment under this clause is not established outside the identified interstate allocation domain and stated counting rule.","UNITED-STATES/STATES/APPORTIONMENT","UNASSESSED","UNASSESSED","Source contains editorial bracket marker; supersession_status=UNASSESSED; current legal effect not adjudicated here."
"US-CM-000007","US-CONST-ATOM-000007","F3","The constitutional enumeration is temporally bounded and its manner is subject to direction by law.","Enumeration timing or manner outside the stated constitutional schedule and lawful direction is not authorized by this clause.","UNITED-STATES/FEDERAL/ENUMERATION","UNASSESSED","UNASSESSED","Initial deadline and recurring ten-year interval preserved."
"US-CM-000008","US-CONST-ATOM-000008","F3","The number of Representatives is bounded by a maximum ratio of one Representative for every thirty thousand persons under this source rule.","Representation exceeding the stated maximum ratio is not authorized by this clause.","UNITED-STATES/HOUSE/APPORTIONMENT","UNASSESSED","UNASSESSED","Numerical scope constraint."
"US-CM-000009","US-CONST-ATOM-000009","F3","Each State is guaranteed at least one Representative under the stated apportionment structure.","A State receiving zero Representatives is inconsistent with this source clause.","UNITED-STATES/HOUSE/STATES","UNASSESSED","UNASSESSED","Minimum allocation constraint."
"US-CM-000010","US-CONST-ATOM-000010","F6","Before completion of the first enumeration, representation is allocated among the named States according to the source's transitional allocation.","The transitional allocation does not establish authority beyond the named States, quantities, or stated pre-enumeration period.","UNITED-STATES/HOUSE/INITIAL-STATE-ALLOCATION","UNASSESSED","UNASSESSED","Transitional constitutional allocation; current_effect=UNASSESSED."
"US-CM-000011","US-CONST-ATOM-000011","F1","When a vacancy occurs in a State's House representation, that State's Executive Authority is vested with the duty to issue election writs to fill the vacancy.","The vacancy condition does not vest the writ-issuing function in an unidentified or different principal under this clause.","UNITED-STATES/HOUSE/STATE-VACANCIES","UNASSESSED","UNASSESSED","Condition=vacancy in State representation."
"US-CM-000012","US-CONST-ATOM-000012","F1","The House of Representatives is vested with authority to choose its Speaker and other officers.","This clause does not vest selection of House officers in an external principal.","UNITED-STATES/HOUSE/INTERNAL-OFFICERS","UNASSESSED","UNASSESSED","Institution-specific internal appointment authority."
"US-CM-000013","US-CONST-ATOM-000013","F2","The power of impeachment is allocated exclusively to the House of Representatives.","Another constitutional actor may not substitute for the House in exercising the sole impeachment power under this clause.","UNITED-STATES/HOUSE/IMPEACHMENT","UNASSESSED","UNASSESSED","Exclusive authority allocation; 'sole Power' controls family selection."
"US-CM-000014","US-CONST-ATOM-000014","F2","The Senate is structurally constituted by equal State representation, with two Senators from each State and the term stated in the source.","Senate composition under this clause is not constituted by unequal State seat allocation.","UNITED-STATES/SENATE/STATE-REPRESENTATION","UNASSESSED","UNASSESSED","Source contains editorial bracket marker concerning selection; supersession_status=UNASSESSED."
"US-CM-000015","US-CONST-ATOM-000015","F3","Each Senator's voting authority is bounded to one vote.","A Senator is not granted more than one vote by this clause.","UNITED-STATES/SENATE/VOTING","UNASSESSED","UNASSESSED","Per-member voting-scope constraint."
"US-CM-000016","US-CONST-ATOM-000016","F3","Following the first election, Senators are procedurally divided as equally as possible into three classes.","The initial classification process is not authorized outside the stated three-class structure.","UNITED-STATES/SENATE/INITIAL-CLASSIFICATION","UNASSESSED","UNASSESSED","Structural procedure with initial-election condition."
"US-CM-000017","US-CONST-ATOM-000017","F3","Senate class terms are temporally staggered so that approximately one third of seats become selectable every second year.","The initial class expiration schedule is not established outside the stated second-, fourth-, and sixth-year sequence.","UNITED-STATES/SENATE/TERM-STAGGERING","UNASSESSED","UNASSESSED","Temporal scope mechanism."
"US-CM-000018","US-CONST-ATOM-000018","F1","During the stated vacancy and legislative-recess condition, a State Executive may make a temporary Senate appointment until the legislature next meets.","Temporary appointment authority does not exist under this clause absent the stated vacancy/recess conditions or beyond the stated temporary duration.","UNITED-STATES/SENATE/STATE-VACANCIES","UNASSESSED","UNASSESSED","Source contains editorial bracket marker; supersession_status=UNASSESSED."
"US-CM-000019","US-CONST-ATOM-000019","F3","Eligibility for service as a Senator is bounded by minimum age, citizenship duration, and State inhabitancy requirements.","A person failing any stated qualification is not constitutionally qualified under this clause.","UNITED-STATES/SENATE/MEMBER-QUALIFICATIONS","UNASSESSED","UNASSESSED","Age=30; citizenship duration=9 years; inhabitancy tied to represented State."
"US-CM-000020","US-CONST-ATOM-000020","F2","The Vice President serves as President of the Senate but lacks ordinary voting authority, with a vote permitted only when the Senate is equally divided.","The Vice President may not exercise an ordinary Senate vote absent the stated equal-division condition.","UNITED-STATES/SENATE/VICE-PRESIDENT","UNASSESSED","UNASSESSED","Role allocation plus explicit exception preserves authority separation."
"US-CM-000021","US-CONST-ATOM-000021","F1","The Senate is vested with authority to choose its other officers and a President pro tempore under the stated Vice-Presidential absence or succession conditions.","The President-pro-tempore selection condition is not established outside the stated circumstances.","UNITED-STATES/SENATE/INTERNAL-OFFICERS","UNASSESSED","UNASSESSED","Institution-specific internal appointment authority."
"US-CM-000022","US-CONST-ATOM-000022","F2","The power to try impeachments is allocated exclusively to the Senate.","Another constitutional actor may not substitute for the Senate in exercising the sole impeachment-trial power under this clause.","UNITED-STATES/SENATE/IMPEACHMENT","UNASSESSED","UNASSESSED","Exclusive authority allocation."
"US-CM-000023","US-CONST-ATOM-000023","F3","When the Senate sits for an impeachment trial, its members are procedurally bound to act under oath or affirmation.","The impeachment-trial procedure established by this clause does not omit the oath-or-affirmation requirement.","UNITED-STATES/SENATE/IMPEACHMENT-PROCEDURE","UNASSESSED","UNASSESSED","Condition=Senate sitting for impeachment purpose."
"US-CM-000024","US-CONST-ATOM-000024","F2","When the President is tried by the Senate, presiding authority is assigned to the Chief Justice.","Ordinary Senate presiding authority does not substitute for the Chief Justice under the stated presidential-impeachment condition.","UNITED-STATES/SENATE/PRESIDENTIAL-IMPEACHMENT","UNASSESSED","UNASSESSED","Conditional authority reassignment."
"US-CM-000025","US-CONST-ATOM-000025","F4","Impeachment conviction requires concurrence of two thirds of the Senate members present.","Impeachment conviction is not established below the stated two-thirds concurrence threshold.","UNITED-STATES/SENATE/IMPEACHMENT-CONVICTION","UNASSESSED","UNASSESSED","Explicit multiparty threshold."
"US-CM-000026","US-CONST-ATOM-000026","F5","The effect of an impeachment judgment is negatively bounded to removal from office and disqualification from covered federal office.","An impeachment judgment may not extend beyond the effects permitted by this clause.","UNITED-STATES/IMPEACHMENT/JUDGMENT-EFFECT","UNASSESSED","UNASSESSED","Explicit constitutional effect limit."
"US-CM-000027","US-CONST-ATOM-000027","F2","Impeachment conviction does not replace or extinguish separate criminal indictment, trial, judgment, and punishment according to law.","Impeachment adjudication does not silently become or displace the distinct criminal-law authority class.","UNITED-STATES/IMPEACHMENT/CRIMINAL-PROCESS-SEPARATION","UNASSESSED","UNASSESSED","Primary family AUTHORITY-SEPARATION."
"US-CM-000028","US-CONST-ATOM-000028","F6","State legislatures hold the initial authority to prescribe the times, places, and manner of congressional elections within their respective States.","A State legislature's authority under this clause is not established outside its constitutionally applicable election-regulation domain.","UNITED-STATES/STATES/CONGRESSIONAL-ELECTIONS","UNASSESSED","UNASSESSED","Jurisdictional allocation to State legislatures."
"US-CM-000029","US-CONST-ATOM-000029","F6","Congress may by law make or alter State congressional-election regulations, subject to the source's stated exception concerning places of choosing Senators.","Congressional alteration authority does not extend through this clause to the stated excluded subject.","UNITED-STATES/FEDERAL-CONGRESS/CONGRESSIONAL-ELECTIONS","UNASSESSED","UNASSESSED","Federal jurisdiction overlays State regulation but remains expressly bounded."
"US-CM-000030","US-CONST-ATOM-000030","F3","Congress is temporally required to assemble at least once each year, with the source establishing a default meeting day subject to lawful alteration.","Congressional assembly frequency may not fall below the constitutional minimum established by this clause.","UNITED-STATES/CONGRESS/ASSEMBLY","UNASSESSED","UNASSESSED","Source contains editorial bracket marker; supersession_status=UNASSESSED."
"US-CM-000031","US-CONST-ATOM-000031","F6","Each House has exclusive institutional jurisdiction to judge the elections, returns, and qualifications of its own members.","One House does not obtain jurisdiction under this clause to judge membership matters belonging to the other House.","UNITED-STATES/CONGRESS/EACH-HOUSE/MEMBERSHIP","UNASSESSED","UNASSESSED","Own-membership jurisdiction."
"US-CM-000032","US-CONST-ATOM-000032","F4","A majority of each House constitutes the quorum required to conduct business.","Ordinary House or Senate business is not constitutionally established through a quorum below the stated majority threshold.","UNITED-STATES/CONGRESS/EACH-HOUSE/QUORUM","UNASSESSED","UNASSESSED","Explicit participation threshold."
"US-CM-000033","US-CONST-ATOM-000033","F3","A number smaller than a quorum is granted the limited authority to adjourn from day to day.","The smaller-number authority established here does not itself confer the full business authority requiring a quorum.","UNITED-STATES/CONGRESS/EACH-HOUSE/NO-QUORUM","UNASSESSED","UNASSESSED","Scoped exception to ordinary quorum-dependent business."
"US-CM-000034","US-CONST-ATOM-000034","F3","A smaller number may compel attendance of absent members only under authority and in the manner and penalties provided by the respective House.","Compulsory attendance authority is not established outside the House-defined authorization, manner, and penalty conditions.","UNITED-STATES/CONGRESS/EACH-HOUSE/ATTENDANCE","UNASSESSED","UNASSESSED","Conditioned internal enforcement authority."
"US-CM-000035","US-CONST-ATOM-000035","F3","Each House is granted authority to determine the rules governing its own proceedings.","One House does not obtain rulemaking authority over the proceedings of the other through this clause.","UNITED-STATES/CONGRESS/EACH-HOUSE/PROCEEDINGS","UNASSESSED","UNASSESSED","Institution-bounded procedural authority."
"US-CM-000036","US-CONST-ATOM-000036","F3","Each House is granted authority to punish its own members for disorderly behavior.","The disciplinary authority established by this clause is bounded to the House's own members and the stated disciplinary subject.","UNITED-STATES/CONGRESS/EACH-HOUSE/MEMBER-DISCIPLINE","UNASSESSED","UNASSESSED","Institution- and subject-bounded disciplinary power."
"US-CM-000037","US-CONST-ATOM-000037","F4","Expulsion of a member by either House requires concurrence of two thirds.","A member is not constitutionally expelled under this clause without the stated two-thirds concurrence.","UNITED-STATES/CONGRESS/EACH-HOUSE/MEMBER-EXPULSION","UNASSESSED","UNASSESSED","Explicit multiparty concurrence threshold."
"US-CM-000038","US-CONST-ATOM-000038","F3","Each House is required to keep a Journal of its proceedings.","The institutional recordkeeping duty established by this clause is not satisfied by omitting the Journal.","UNITED-STATES/CONGRESS/EACH-HOUSE/JOURNAL","UNASSESSED","UNASSESSED","Procedural recordkeeping requirement."
"US-CM-000039","US-CONST-ATOM-000039","F3","Each House must publish its Journal from time to time, subject to an exception for portions it judges to require secrecy.","Nonpublication outside the source's secrecy exception is not established by this clause.","UNITED-STATES/CONGRESS/EACH-HOUSE/JOURNAL-PUBLICATION","UNASSESSED","UNASSESSED","Publication duty with institutionally judged secrecy exception."
"US-CM-000040","US-CONST-ATOM-000040","F4","At the request of one fifth of members present, the yeas and nays on a question must be entered on the Journal.","The mandatory journal-entry effect is not triggered below the stated one-fifth request threshold.","UNITED-STATES/CONGRESS/EACH-HOUSE/RECORDED-VOTE","UNASSESSED","UNASSESSED","Explicit minority-trigger threshold."
"US-CM-000041","US-CONST-ATOM-000041","F4","During a session of Congress, either House requires consent of the other to adjourn for more than three days or to another place.","Unilateral adjournment beyond the stated duration or to another place is not authorized under this clause.","UNITED-STATES/CONGRESS/INTERHOUSE-ADJOURNMENT","UNASSESSED","UNASSESSED","Independent-house concurrence requirement."
"US-CM-000042","US-CONST-ATOM-000042","F3","Senators and Representatives are entitled to compensation for their services, with the amount ascertained by law and payment from the United States Treasury.","Compensation under this clause is not established outside lawful ascertainment and the stated payment source.","UNITED-STATES/CONGRESS/MEMBER-COMPENSATION","UNASSESSED","UNASSESSED","Compensation structure bounded by law and Treasury payment."
"US-CM-000043","US-CONST-ATOM-000043","F5","Members of Congress are protected from arrest during the stated legislative attendance and travel periods, except for Treason, Felony, and Breach of the Peace.","Arrest authority is constitutionally constrained during the protected period except for the expressly identified classes.","UNITED-STATES/CONGRESS/MEMBER-ARREST-PRIVILEGE","UNASSESSED","UNASSESSED","Explicit negative constraint with enumerated exceptions."
"US-CM-000044","US-CONST-ATOM-000044","F5","Members may not be questioned in another place for Speech or Debate in either House.","External questioning based on covered legislative Speech or Debate is prohibited by this source clause.","UNITED-STATES/CONGRESS/SPEECH-DEBATE","UNASSESSED","UNASSESSED","Explicit negative constraint on external questioning."
"US-CM-000045","US-CONST-ATOM-000045","F5","During the term for which elected, a Senator or Representative may not be appointed to a federal civil office created or increased in emoluments during that term.","Appointment is prohibited when the stated office-creation or emolument-increase condition occurs within the member's elected term.","UNITED-STATES/FEDERAL/OFFICE-APPOINTMENT/CONGRESSIONAL-INELIGIBILITY","UNASSESSED","UNASSESSED","Temporal appointment prohibition."
"US-CM-000046","US-CONST-ATOM-000046","F5","A person holding an office under the United States may not simultaneously serve as a member of either House while continuing in that office.","Simultaneous covered federal officeholding and congressional membership is prohibited.","UNITED-STATES/FEDERAL/OFFICE-INCOMPATIBILITY","UNASSESSED","UNASSESSED","Explicit incompatibility constraint."
"US-CM-000047","US-CONST-ATOM-000047","F2","Authority to originate bills for raising revenue is allocated to the House of Representatives.","The source clause does not allocate origination of revenue bills to the Senate.","UNITED-STATES/CONGRESS/REVENUE-BILL-ORIGINATION","UNASSESSED","UNASSESSED","Distinct chamber authority allocation."
"US-CM-000048","US-CONST-ATOM-000048","F3","The Senate may propose or concur with amendments to revenue bills as it may with other bills.","The Senate authority established here concerns amendment proposal or concurrence and does not replace the House origination requirement.","UNITED-STATES/SENATE/REVENUE-BILL-AMENDMENTS","UNASSESSED","UNASSESSED","Scoped Senate participation following House origination."
"US-CM-000049","US-CONST-ATOM-000049","F4","A bill passed by both Houses must be presented to the President before it can become law.","Passage by both Houses alone does not complete the constitutional lawmaking path established by this clause.","UNITED-STATES/FEDERAL/LEGISLATION/PRESENTMENT","UNASSESSED","UNASSESSED","Sequential multiparty lawmaking requirement."
"US-CM-000050","US-CONST-ATOM-000050","F3","When the President approves a presented bill, the President signs it.","Presidential signature under this clause is conditioned on presidential approval.","UNITED-STATES/PRESIDENT/LEGISLATION-APPROVAL","UNASSESSED","UNASSESSED","Conditional executive approval procedure."
"US-CM-000051","US-CONST-ATOM-000051","F3","When the President does not approve a presented bill, the President must return it with objections to the House in which it originated.","Presidential disapproval under this clause does not authorize withholding the bill from the originating House outside the separate ten-day rule.","UNITED-STATES/PRESIDENT/LEGISLATION-DISAPPROVAL","UNASSESSED","UNASSESSED","Veto-return procedure."
"US-CM-000052","US-CONST-ATOM-000052","F3","The originating House must enter the President's objections at large on its Journal.","The reconsideration path established by this source does not omit recording the objections in the originating House's Journal.","UNITED-STATES/CONGRESS/ORIGINATING-HOUSE/VETO-RECORD","UNASSESSED","UNASSESSED","Procedural evidence requirement."
"US-CM-000053","US-CONST-ATOM-000053","F3","After receiving and recording presidential objections, the originating House proceeds to reconsider the bill.","The veto-response procedure established by this clause does not terminate at receipt of the objections.","UNITED-STATES/CONGRESS/ORIGINATING-HOUSE/VETO-RECONSIDERATION","UNASSESSED","UNASSESSED","Reconsideration procedure."
"US-CM-000054","US-CONST-ATOM-000054","F4","After reconsideration, two-thirds agreement in the originating House is required to pass the bill and transmit it with the objections to the other House for reconsideration.","Transmission into the second reconsideration stage is not established below the two-thirds originating-House threshold.","UNITED-STATES/CONGRESS/VETO-OVERRIDE/FIRST-HOUSE","UNASSESSED","UNASSESSED","First two-thirds concurrence stage."
"US-CM-000055","US-CONST-ATOM-000055","F4","Following reconsideration by the other House, approval by two thirds of that House causes the bill to become law.","A vetoed bill does not become law through the override path without the stated two-thirds approval in the second House.","UNITED-STATES/CONGRESS/VETO-OVERRIDE/SECOND-HOUSE","UNASSESSED","UNASSESSED","Second two-thirds concurrence stage."
"US-CM-000056","US-CONST-ATOM-000056","F3","Votes of both Houses in the veto-reconsideration process must be determined by yeas and nays.","The source procedure does not authorize an unrecorded vote form for the identified reconsideration votes.","UNITED-STATES/CONGRESS/VETO-OVERRIDE/VOTE-METHOD","UNASSESSED","UNASSESSED","Mandatory procedural vote form."
"US-CM-000057","US-CONST-ATOM-000057","F3","The names of persons voting for and against a reconsidered bill must be entered on the Journal of each House.","The identified override voting record is incomplete under this clause if voter names are omitted.","UNITED-STATES/CONGRESS/VETO-OVERRIDE/JOURNAL","UNASSESSED","UNASSESSED","Mandatory recorded-voter provenance."
"US-CM-000058","US-CONST-ATOM-000058","F3","A presented bill not returned by the President within ten days, excluding Sundays, becomes law as if signed unless congressional adjournment prevents its return, in which case it does not become law.","Automatic enactment does not occur before the stated period or when the stated adjournment exception prevents return.","UNITED-STATES/FEDERAL/LEGISLATION/TEN-DAY-RULE","UNASSESSED","UNASSESSED","Temporal effect rule with explicit adjournment exception."
"US-CM-000059","US-CONST-ATOM-000059","F4","Orders, resolutions, and votes requiring concurrence of both Houses, except questions of adjournment, must be presented to the President.","Bicameral concurrence alone does not complete the identified action where presidential presentment is required; adjournment is expressly excepted.","UNITED-STATES/FEDERAL/BICAMERAL-ACTIONS/PRESENTMENT","UNASSESSED","UNASSESSED","Multiparty presentment requirement with explicit exception."
"US-CM-000060","US-CONST-ATOM-000060","F4","Before a covered order, resolution, or vote takes effect, it requires presidential approval or, after presidential disapproval, repassage by two thirds of both Houses under the rules and limitations applicable to a bill.","A covered action does not take effect without either presidential approval or the stated two-thirds bicameral repassage.","UNITED-STATES/FEDERAL/BICAMERAL-ACTIONS/EFFECT","UNASSESSED","UNASSESSED","Alternative multiparty authorization paths."
"US-CM-000061","US-CONST-ATOM-000061","F3","Congress is granted power to lay and collect taxes, duties, imposts, and excises for payment of debts and provision for the common defence and general welfare of the United States.","The taxing authority established by this clause remains bounded to the granted fiscal subjects and stated federal purposes.","UNITED-STATES/CONGRESS/TAXATION","UNASSESSED","UNASSESSED","Enumerated fiscal power."
"US-CM-000062","US-CONST-ATOM-000062","F5","Duties, imposts, and excises imposed under congressional taxing authority must be uniform throughout the United States.","Nonuniform duties, imposts, or excises are prohibited by this source constraint.","UNITED-STATES/CONGRESS/TAXATION/UNIFORMITY","UNASSESSED","UNASSESSED","Explicit negative constraint on exercise of taxing power."
"US-CM-000063","US-CONST-ATOM-000063","F3","Congress is granted power to borrow money on the credit of the United States.","The clause does not establish borrowing authority outside the credit of the United States.","UNITED-STATES/CONGRESS/BORROWING","UNASSESSED","UNASSESSED","Enumerated fiscal power."
"US-CM-000064","US-CONST-ATOM-000064","F6","Congressional commerce-regulation authority applies to commerce with foreign nations, among the several States, and with the Indian Tribes.","The commerce authority established by this source is jurisdictionally identified by the stated domains.","UNITED-STATES/CONGRESS/COMMERCE/FOREIGN-INTERSTATE-TRIBAL","UNASSESSED","UNASSESSED","Primary family JURISDICTION because the source expressly identifies applicable domains."
"US-CM-000065","US-CONST-ATOM-000065","F3","Congress is granted power to establish a uniform rule of naturalization.","Naturalization authority under this clause is bounded to establishment of the stated uniform rule.","UNITED-STATES/CONGRESS/NATURALIZATION","UNASSESSED","UNASSESSED","Enumerated power with uniformity condition."
"US-CM-000066","US-CONST-ATOM-000066","F3","Congress is granted power to establish uniform bankruptcy laws throughout the United States.","Bankruptcy legislation under this clause is not established as nonuniform across the United States.","UNITED-STATES/CONGRESS/BANKRUPTCY","UNASSESSED","UNASSESSED","Enumerated power with nationwide uniformity condition."
"US-CM-000067","US-CONST-ATOM-000067","F3","Congress is granted power to coin money.","The source establishes the monetary power only within the identified coining function.","UNITED-STATES/CONGRESS/COINAGE","UNASSESSED","UNASSESSED","Enumerated monetary power."
"US-CM-000068","US-CONST-ATOM-000068","F3","Congress is granted power to regulate the value of United States coin and foreign coin.","The value-regulation authority established here is bounded to the identified monetary subjects.","UNITED-STATES/CONGRESS/COIN-VALUE","UNASSESSED","UNASSESSED","Enumerated monetary regulation power."
"US-CM-000069","US-CONST-ATOM-000069","F3","Congress is granted power to fix the standard of weights and measures.","The authority established here is bounded to setting the identified standards.","UNITED-STATES/CONGRESS/WEIGHTS-MEASURES","UNASSESSED","UNASSESSED","Enumerated standard-setting power."
"US-CM-000070","US-CONST-ATOM-000070","F3","Congress is granted power to provide punishment for counterfeiting securities and current coin of the United States.","The punishment authority established here is bounded to the identified counterfeiting subject.","UNITED-STATES/CONGRESS/COUNTERFEITING","UNASSESSED","UNASSESSED","Enumerated enforcement power."
"US-CM-000071","US-CONST-ATOM-000071","F3","Congress is granted power to establish post offices and post roads.","The authority established here is bounded to the identified postal institutions and roads.","UNITED-STATES/CONGRESS/POSTAL","UNASSESSED","UNASSESSED","Enumerated infrastructure power."
"US-CM-000072","US-CONST-ATOM-000072","F3","Congress may promote the progress of science and useful arts by securing exclusive rights to authors and inventors for limited times over their respective writings and discoveries.","Exclusive rights under this clause are not established beyond the identified beneficiaries, subject matter, purpose, or limited temporal duration.","UNITED-STATES/CONGRESS/INTELLECTUAL-PROPERTY","UNASSESSED","UNASSESSED","Enumerated power with explicit method, subject, beneficiary, and temporal limits."
"US-CM-000073","US-CONST-ATOM-000073","F3","Congress is granted power to constitute tribunals inferior to the Supreme Court.","The authority established by this clause is bounded to constitution of tribunals inferior to the Supreme Court.","UNITED-STATES/CONGRESS/INFERIOR-TRIBUNALS","UNASSESSED","UNASSESSED","Enumerated institutional power."
"US-CM-000074","US-CONST-ATOM-000074","F3","Congress is granted power to define and punish piracies and felonies committed on the high seas and offenses against the law of nations.","The authority established here is bounded to the identified offense classes and subject domains.","UNITED-STATES/CONGRESS/HIGH-SEAS-LAW-OF-NATIONS","UNASSESSED","UNASSESSED","Enumerated offense-definition and punishment power."
"US-CM-000075","US-CONST-ATOM-000075","F3","Congress is granted power to declare war.","The war-declaration authority established by this source is vested only within the identified congressional power.","UNITED-STATES/CONGRESS/WAR-DECLARATION","UNASSESSED","UNASSESSED","Enumerated war power."
"US-CM-000076","US-CONST-ATOM-000076","F3","Congress is granted power to issue Letters of Marque and Reprisal.","The authority established here is bounded to the identified congressional grant.","UNITED-STATES/CONGRESS/MARQUE-REPRISAL","UNASSESSED","UNASSESSED","Enumerated external-conflict power."
"US-CM-000077","US-CONST-ATOM-000077","F3","Congress is granted power to make rules concerning captures on land and water.","The authority established here is bounded to rules concerning the identified capture domain.","UNITED-STATES/CONGRESS/CAPTURES","UNASSESSED","UNASSESSED","Enumerated regulation power."
"US-CM-000078","US-CONST-ATOM-000078","F3","Congress is granted power to raise and support armies.","The authority established here does not itself remove the separate temporal appropriation constraint governing army funding.","UNITED-STATES/CONGRESS/ARMIES","UNASSESSED","UNASSESSED","Enumerated military power; funding-duration limit appears in the following atom."
"US-CM-000079","US-CONST-ATOM-000079","F5","An appropriation of money for support of armies may not extend for longer than two years.","Army-support appropriations exceeding the two-year constitutional limit are prohibited.","UNITED-STATES/CONGRESS/ARMY-APPROPRIATIONS","UNASSESSED","UNASSESSED","Explicit temporal negative constraint."
"US-CM-000080","US-CONST-ATOM-000080","F3","Congress is granted power to provide and maintain a Navy.","The authority established here is bounded to the identified naval function.","UNITED-STATES/CONGRESS/NAVY","UNASSESSED","UNASSESSED","Enumerated military power."
"US-CM-000081","US-CONST-ATOM-000081","F3","Congress is granted power to make rules for the government and regulation of the land and naval forces.","The regulatory authority established here is bounded to the land and naval forces.","UNITED-STATES/CONGRESS/ARMED-FORCES-REGULATION","UNASSESSED","UNASSESSED","Enumerated military governance power."
"US-CM-000082","US-CONST-ATOM-000082","F3","Congress is granted power to provide for calling forth the Militia to execute federal laws, suppress insurrections, and repel invasions.","Calling-forth authority under this clause is bounded to the three stated purposes.","UNITED-STATES/CONGRESS/MILITIA/CALLING-FORTH","UNASSESSED","UNASSESSED","Purpose-bounded enumerated power."
"US-CM-000083","US-CONST-ATOM-000083","F3","Congress is granted power to provide for organizing, arming, and disciplining the Militia.","The congressional authority established here is bounded to the identified organization, armament, and discipline functions.","UNITED-STATES/CONGRESS/MILITIA/ORGANIZATION","UNASSESSED","UNASSESSED","Enumerated militia power."
"US-CM-000084","US-CONST-ATOM-000084","F6","Congressional governing authority over the Militia applies to those portions employed in the service of the United States.","Federal governing authority under this clause does not attach outside the identified United States service condition.","UNITED-STATES/MILITIA/FEDERAL-SERVICE","UNASSESSED","UNASSESSED","Jurisdiction activated by federal-service status."
"US-CM-000085","US-CONST-ATOM-000085","F2","Appointment of Militia officers is reserved to the States.","Congress does not acquire the officer-appointment authority reserved to the States by this clause.","UNITED-STATES/STATES/MILITIA-OFFICER-APPOINTMENT","UNASSESSED","UNASSESSED","Express separation and reservation of authority."
"US-CM-000086","US-CONST-ATOM-000086","F2","Authority to train the Militia is reserved to the States while the governing discipline is prescribed by Congress.","State training authority and congressional discipline-prescription authority do not silently collapse into one authority class.","UNITED-STATES/FEDERAL-STATE/MILITIA-TRAINING","UNASSESSED","UNASSESSED","Explicit divided authority."
"US-CM-000087","US-CONST-ATOM-000087","F6","Congress may exercise exclusive legislation over the federal seat only within a district not exceeding ten miles square that becomes the seat through State cession and congressional acceptance.","Exclusive legislative jurisdiction under this clause does not attach without the stated territorial limit, cession, and acceptance conditions.","UNITED-STATES/FEDERAL-SEAT","UNASSESSED","UNASSESSED","Territorial jurisdiction with multiple activation conditions."
"US-CM-000088","US-CONST-ATOM-000088","F6","Congress may exercise like authority over specified federal-use places purchased with consent of the legislature of the State in which the place is located.","Federal jurisdiction under this clause does not attach absent the identified purchase, State-consent, location, and federal-use conditions.","UNITED-STATES/FEDERAL-ENCLAVES","UNASSESSED","UNASSESSED","Consent-conditioned territorial jurisdiction."
"US-CM-000089","US-CONST-ATOM-000089","F3","Congress may make laws necessary and proper for carrying into execution its foregoing powers and other powers vested by the Constitution in the United States Government, its departments, or officers.","The lawmaking authority established here remains tied to carrying constitutionally vested powers into execution.","UNITED-STATES/CONGRESS/NECESSARY-PROPER","UNASSESSED","UNASSESSED","Execution-linked enumerated authority; does not independently establish unbounded power."
"US-CM-000090","US-CONST-ATOM-000090","F5","Congress was prohibited from banning the identified migration or importation before the year 1808.","Congressional prohibition of the identified migration or importation before the stated date was constitutionally barred by this source.","UNITED-STATES/CONGRESS/MIGRATION-IMPORTATION/PRE-1808","UNASSESSED","UNASSESSED","Historical temporal prohibition; current_effect=UNASSESSED."
"US-CM-000091","US-CONST-ATOM-000091","F3","Congress was permitted to impose a tax or duty on the identified importation, capped at ten dollars for each person.","The tax or duty authorized by this clause could not exceed the stated per-person maximum.","UNITED-STATES/CONGRESS/MIGRATION-IMPORTATION/TAX","UNASSESSED","UNASSESSED","Historical scoped fiscal authority with explicit cap."
"US-CM-000092","US-CONST-ATOM-000092","F5","The privilege of the writ of habeas corpus may not be suspended except when rebellion or invasion and public safety satisfy the stated exception.","Suspension is prohibited absent the source's rebellion-or-invasion and public-safety conditions.","UNITED-STATES/HABEAS-CORPUS","UNASSESSED","UNASSESSED","Explicit prohibition with narrow activation exception."
"US-CM-000093","US-CONST-ATOM-000093","F5","Bills of attainder and ex post facto laws may not be passed.","Passage of either identified form of law is constitutionally prohibited.","UNITED-STATES/FEDERAL/LEGISLATIVE-PROHIBITIONS","UNASSESSED","UNASSESSED","Explicit legislative prohibition."
"US-CM-000094","US-CONST-ATOM-000094","F5","A capitation or other direct tax may not be laid except in proportion to the census or enumeration identified by the Constitution.","A direct tax not apportioned according to the stated census or enumeration rule is prohibited by this source.","UNITED-STATES/FEDERAL/DIRECT-TAX","UNASSESSED","UNASSESSED","Source contains editorial marker; supersession_status=UNASSESSED."
"US-CM-000095","US-CONST-ATOM-000095","F5","No tax or duty may be laid on articles exported from any State.","Federal taxation of State exports is prohibited by this source clause.","UNITED-STATES/FEDERAL/STATE-EXPORTS","UNASSESSED","UNASSESSED","Explicit negative fiscal constraint."
"US-CM-000096","US-CONST-ATOM-000096","F5","Commerce or revenue regulation may not give preference to the ports of one State over those of another.","Port preference among States through commerce or revenue regulation is prohibited.","UNITED-STATES/FEDERAL/PORT-NONPREFERENCE","UNASSESSED","UNASSESSED","Explicit interstate nonpreference constraint."
"US-CM-000097","US-CONST-ATOM-000097","F5","Vessels bound to or from one State may not be required to enter, clear, or pay duties in another State.","The identified interstate vessel burdens are constitutionally prohibited.","UNITED-STATES/FEDERAL/INTERSTATE-VESSELS","UNASSESSED","UNASSESSED","Explicit interstate commerce constraint."
"US-CM-000098","US-CONST-ATOM-000098","F5","Money may not be drawn from the Treasury except pursuant to appropriations made by law.","Treasury disbursement without a lawful appropriation is prohibited.","UNITED-STATES/TREASURY/APPROPRIATIONS","UNASSESSED","UNASSESSED","Explicit lawful-appropriation prerequisite."
"US-CM-000099","US-CONST-ATOM-000099","F3","A regular statement and account of receipts and expenditures of public money must be published from time to time.","The public-finance publication duty established by this clause is not satisfied by omitting the required statement and account.","UNITED-STATES/PUBLIC-FINANCE/ACCOUNTING","UNASSESSED","UNASSESSED","Procedural transparency duty."
"US-CM-000100","US-CONST-ATOM-000100","F5","The United States may not grant a title of nobility.","Granting a title of nobility by the United States is prohibited.","UNITED-STATES/FEDERAL/TITLES-NOBILITY","UNASSESSED","UNASSESSED","Explicit prohibition."
"US-CM-000101","US-CONST-ATOM-000101","F5","A person holding an office of profit or trust under the United States may not accept a present, emolument, office, or title from a foreign sovereign or State without congressional consent.","Acceptance of the identified foreign benefit without congressional consent is prohibited.","UNITED-STATES/FEDERAL-OFFICERS/FOREIGN-BENEFITS","UNASSESSED","UNASSESSED","Prohibition with congressional-consent exception."
"US-CM-000102","US-CONST-ATOM-000102","F5","A State may not enter into a treaty, alliance, or confederation.","State entry into the identified international agreements is constitutionally prohibited.","UNITED-STATES/STATES/TREATIES-ALLIANCES-CONFEDERATIONS","UNASSESSED","UNASSESSED","State-power prohibition."
"US-CM-000103","US-CONST-ATOM-000103","F5","A State may not grant Letters of Marque and Reprisal.","State issuance of Letters of Marque and Reprisal is prohibited.","UNITED-STATES/STATES/MARQUE-REPRISAL","UNASSESSED","UNASSESSED","Carries forward the governing 'No State shall' language from the source parent."
"US-CM-000104","US-CONST-ATOM-000104","F5","A State may not coin money.","State coinage is constitutionally prohibited.","UNITED-STATES/STATES/COINAGE","UNASSESSED","UNASSESSED","Carries forward the governing 'No State shall' language from the source parent."
"US-CM-000105","US-CONST-ATOM-000105","F5","A State may not emit bills of credit.","State issuance of bills of credit is constitutionally prohibited.","UNITED-STATES/STATES/BILLS-OF-CREDIT","UNASSESSED","UNASSESSED","Carries forward the governing 'No State shall' language from the source parent."
"US-CM-000106","US-CONST-ATOM-000106","F5","A State may not make anything other than gold and silver coin a tender in payment of debts.","State designation of a debt-payment tender outside gold and silver coin is prohibited by this source.","UNITED-STATES/STATES/LEGAL-TENDER","UNASSESSED","UNASSESSED","Carries forward the governing 'No State shall' language from the source parent."
"US-CM-000107","US-CONST-ATOM-000107","F5","A State may not pass a bill of attainder.","State passage of a bill of attainder is constitutionally prohibited.","UNITED-STATES/STATES/BILL-OF-ATTAINDER","UNASSESSED","UNASSESSED","Carries forward the governing 'No State shall' language from the source parent."
"US-CM-000108","US-CONST-ATOM-000108","F5","A State may not pass an ex post facto law.","State passage of an ex post facto law is constitutionally prohibited.","UNITED-STATES/STATES/EX-POST-FACTO","UNASSESSED","UNASSESSED","Carries forward the governing 'No State shall' language from the source parent."
"US-CM-000109","US-CONST-ATOM-000109","F5","A State may not pass a law impairing the obligation of contracts.","State legislation impairing contractual obligations is prohibited by this source clause.","UNITED-STATES/STATES/CONTRACT-OBLIGATIONS","UNASSESSED","UNASSESSED","Carries forward the governing 'No State shall' language from the source parent."
"US-CM-000110","US-CONST-ATOM-000110","F5","A State may not grant a title of nobility.","State grant of a title of nobility is constitutionally prohibited.","UNITED-STATES/STATES/TITLES-NOBILITY","UNASSESSED","UNASSESSED","Carries forward the governing 'No State shall' language from the source parent."
"US-CM-000111","US-CONST-ATOM-000111","F5","A State may not lay imposts or duties on imports or exports without congressional consent, except amounts absolutely necessary for executing its inspection laws.","State import or export imposts and duties outside the stated congressional-consent or inspection-law exception are prohibited.","UNITED-STATES/STATES/IMPORT-EXPORT-DUTIES","UNASSESSED","UNASSESSED","Explicit prohibition with congressional-consent and inspection-law exceptions; displayed packet encoding does not authorize source-text mutation."
"US-CM-000112","US-CONST-ATOM-000112","F3","The net proceeds of State duties and imposts on imports or exports are directed to the Treasury of the United States.","The source does not authorize diversion of the identified net proceeds from the stated Treasury destination.","UNITED-STATES/STATES/IMPORT-EXPORT-DUTIES/PROCEEDS","UNASSESSED","UNASSESSED","Mandatory constitutional effect attached to the permitted State impost framework."
"US-CM-000113","US-CONST-ATOM-000113","F2","State laws enacted within the import-export impost framework remain subject to revision and control by Congress.","State enactment under this framework does not become constitutionally insulated from the separate congressional revision-and-control authority.","UNITED-STATES/FEDERAL-STATE/IMPORT-EXPORT-LAW-REVIEW","UNASSESSED","UNASSESSED","Primary family AUTHORITY-SEPARATION; State enactment authority remains distinct from congressional revision authority."
"US-CM-000114","US-CONST-ATOM-000114","F5","A State may not lay a duty of tonnage without congressional consent.","State tonnage duties absent congressional consent are prohibited.","UNITED-STATES/STATES/TONNAGE-DUTIES","UNASSESSED","UNASSESSED","Consent-conditioned State prohibition."
"US-CM-000115","US-CONST-ATOM-000115","F5","A State may not keep troops or ships of war in time of peace without congressional consent.","State maintenance of troops or ships of war during peace without congressional consent is prohibited.","UNITED-STATES/STATES/PEACETIME-MILITARY-FORCES","UNASSESSED","UNASSESSED","Carries forward the governing congressional-consent condition from the parent clause."
"US-CM-000116","US-CONST-ATOM-000116","F5","A State may not enter into an agreement or compact with another State or a foreign power without congressional consent.","State entry into the identified agreements or compacts absent congressional consent is prohibited.","UNITED-STATES/STATES/COMPACTS","UNASSESSED","UNASSESSED","Carries forward the governing congressional-consent condition from the parent clause."
"US-CM-000117","US-CONST-ATOM-000117","F5","A State may not engage in war without congressional consent except when actually invaded or facing imminent danger that does not admit delay.","State engagement in war outside congressional consent or the stated emergency exception is prohibited.","UNITED-STATES/STATES/WAR","UNASSESSED","UNASSESSED","Prohibition with actual-invasion and imminent-danger exceptions."
"US-CM-000118","US-CONST-ATOM-000118","F1","The executive power is vested in the President of the United States.","Federal executive authority is not established by this clause in an unidentified or different principal.","UNITED-STATES/FEDERAL/EXECUTIVE","UNASSESSED","UNASSESSED","Direct constitutional authority vesting."
"US-CM-000119","US-CONST-ATOM-000119","F3","The President serves a four-year term and the Vice President is chosen for the same term under the election procedure stated in the source.","The offices and term established by this clause remain bounded by the stated duration and election structure.","UNITED-STATES/PRESIDENT-VICE-PRESIDENT/TERM","UNASSESSED","UNASSESSED","Original Article II text; supersession_status=UNASSESSED."
"US-CM-000120","US-CONST-ATOM-000120","F6","Each State appoints electors in the manner directed by its legislature, with the number equal to that State's total Senators and Representatives in Congress.","Elector appointment authority under this clause operates within each State and is bounded by the stated numerical allocation.","UNITED-STATES/STATES/PRESIDENTIAL-ELECTORS","UNASSESSED","UNASSESSED","State-jurisdiction electoral authority; supersession_status=UNASSESSED."
"US-CM-000121","US-CONST-ATOM-000121","F5","A Senator, Representative, or person holding an office of trust or profit under the United States may not be appointed an elector.","Appointment of a constitutionally excluded federal officeholder as an elector is prohibited.","UNITED-STATES/PRESIDENTIAL-ELECTORS/INELIGIBILITY","UNASSESSED","UNASSESSED","Explicit elector eligibility prohibition."
"US-CM-000122","US-CONST-ATOM-000122","F3","Electors meet in their respective States and vote by ballot for two persons, at least one of whom must not inhabit the same State as the electors.","The original electoral procedure is not satisfied where its stated meeting, ballot, or inhabitancy condition is absent.","UNITED-STATES/STATES/PRESIDENTIAL-ELECTOR-PROCEDURE","UNASSESSED","UNASSESSED","Original Article II electoral procedure; supersession_status=UNASSESSED."
"US-CM-000123","US-CONST-ATOM-000123","F3","Electors must create a list identifying all persons voted for and the number of votes received by each.","The electoral record required by this clause is incomplete if candidates or vote counts are omitted.","UNITED-STATES/PRESIDENTIAL-ELECTORS/VOTE-LIST","UNASSESSED","UNASSESSED","Original Article II electoral evidence procedure; supersession_status=UNASSESSED."
"US-CM-000124","US-CONST-ATOM-000124","F3","Electors must sign, certify, seal, and transmit their vote list to the seat of the United States Government addressed to the President of the Senate.","The transmission procedure established by this clause is not satisfied without the identified certification, sealing, destination, and addressee requirements.","UNITED-STATES/PRESIDENTIAL-ELECTORS/CERTIFICATION-TRANSMISSION","UNASSESSED","UNASSESSED","Original Article II electoral evidence chain; supersession_status=UNASSESSED."
"US-CM-000125","US-CONST-ATOM-000125","F4","The President of the Senate opens the electoral certificates in the presence of the Senate and House of Representatives.","The certificate-opening procedure established by this clause is not satisfied outside the required bicameral presence.","UNITED-STATES/PRESIDENTIAL-ELECTION/CERTIFICATE-OPENING","UNASSESSED","UNASSESSED","Multi-actor procedural requirement; supersession_status=UNASSESSED."
"US-CM-000126","US-CONST-ATOM-000126","F3","After the electoral certificates are opened, the votes are counted.","The electoral procedure established by this source does not omit the vote-counting stage.","UNITED-STATES/PRESIDENTIAL-ELECTION/VOTE-COUNT","UNASSESSED","UNASSESSED","Original Article II count procedure; supersession_status=UNASSESSED."
"US-CM-000127","US-CONST-ATOM-000127","F4","Under the original electoral rule, the person with the greatest number of votes becomes President only if that number is a majority of the whole number of electors appointed.","Presidential selection under this clause is not established without the stated majority threshold.","UNITED-STATES/PRESIDENTIAL-ELECTION/MAJORITY","UNASSESSED","UNASSESSED","Explicit collective threshold; original Article II text; supersession_status=UNASSESSED."
"US-CM-000128","US-CONST-ATOM-000128","F3","If multiple persons have both an electoral majority and an equal number of votes, the House of Representatives immediately chooses one of them for President by ballot.","The contingent House selection authority established here is triggered only by the stated majority-and-tie condition.","UNITED-STATES/HOUSE/CONTINGENT-PRESIDENTIAL-ELECTION","UNASSESSED","UNASSESSED","Original Article II contingent-election rule; supersession_status=UNASSESSED."
"US-CM-000129","US-CONST-ATOM-000129","F3","If no person receives an electoral majority, the House chooses the President from the five highest persons on the list under the original procedure.","The contingent House authority established here is triggered only by absence of an electoral majority and is bounded to the identified candidate set.","UNITED-STATES/HOUSE/CONTINGENT-PRESIDENTIAL-ELECTION","UNASSESSED","UNASSESSED","Original Article II contingent-election rule; supersession_status=UNASSESSED."
"US-CM-000130","US-CONST-ATOM-000130","F3","In a contingent presidential choice by the House, votes are taken by States and each State representation has one vote.","The voting method established by this clause does not assign House contingent-election votes by individual member.","UNITED-STATES/HOUSE/CONTINGENT-PRESIDENTIAL-ELECTION/VOTE-METHOD","UNASSESSED","UNASSESSED","Original Article II State-unit voting procedure; supersession_status=UNASSESSED."
"US-CM-000131","US-CONST-ATOM-000131","F4","A quorum for the House's contingent presidential choice requires representation from two thirds of the States.","The contingent presidential choice is not procedurally constituted below the stated two-thirds-of-States quorum.","UNITED-STATES/HOUSE/CONTINGENT-PRESIDENTIAL-ELECTION/QUORUM","UNASSESSED","UNASSESSED","Explicit participation threshold; supersession_status=UNASSESSED."
"US-CM-000132","US-CONST-ATOM-000132","F4","A majority of all States is required for the House to make a contingent choice of President.","A contingent presidential choice is not established below the stated majority-of-all-States threshold.","UNITED-STATES/HOUSE/CONTINGENT-PRESIDENTIAL-ELECTION/CHOICE","UNASSESSED","UNASSESSED","Explicit concurrence threshold; supersession_status=UNASSESSED."
"US-CM-000133","US-CONST-ATOM-000133","F3","Under the original electoral rule, after selection of the President, the person with the greatest number of electoral votes becomes Vice President.","The Vice-Presidential result under this source is bounded to the stated original ranking rule.","UNITED-STATES/VICE-PRESIDENTIAL-ELECTION","UNASSESSED","UNASSESSED","Original Article II text; supersession_status=UNASSESSED."
"US-CM-000134","US-CONST-ATOM-000134","F3","If two or more persons remain tied for Vice President under the original electoral procedure, the Senate chooses the Vice President from them by ballot.","The Senate contingent-selection authority established here is triggered only by the stated Vice-Presidential tie condition.","UNITED-STATES/SENATE/CONTINGENT-VICE-PRESIDENTIAL-ELECTION","UNASSESSED","UNASSESSED","Original Article II text; source contains editorial marker; supersession_status=UNASSESSED."
"US-CM-000135","US-CONST-ATOM-000135","F3","Congress may determine the time for choosing presidential electors.","The temporal authority established by this clause is bounded to determination of the elector-selection time.","UNITED-STATES/CONGRESS/PRESIDENTIAL-ELECTION/TIMING","UNASSESSED","UNASSESSED","Enumerated election-timing authority."
"US-CM-000136","US-CONST-ATOM-000136","F3","Congress may determine the day on which presidential electors cast their votes.","The temporal authority established by this clause is bounded to determination of the elector-voting day.","UNITED-STATES/CONGRESS/PRESIDENTIAL-ELECTION/VOTING-DAY","UNASSESSED","UNASSESSED","Enumerated election-timing authority."
"US-CM-000137","US-CONST-ATOM-000137","F5","The elector-voting day determined under the source rule must be the same throughout the United States.","Different elector-voting days among States are inconsistent with the uniformity constraint stated in this clause.","UNITED-STATES/PRESIDENTIAL-ELECTION/UNIFORM-DAY","UNASSESSED","UNASSESSED","Nationwide temporal uniformity constraint."
"US-CM-000138","US-CONST-ATOM-000138","F3","Eligibility for the Presidency is bounded by the citizenship qualification stated in the source.","A person outside the stated citizenship qualification is not eligible to the Presidency under this clause.","UNITED-STATES/PRESIDENT/ELIGIBILITY/CITIZENSHIP","UNASSESSED","UNASSESSED","Text-only qualification normalization; no doctrine added."
"US-CM-000139","US-CONST-ATOM-000139","F3","Eligibility for the Presidency is bounded by a minimum age of thirty-five years and fourteen years of residence within the United States.","A person failing either stated age or residence qualification is not eligible under this clause.","UNITED-STATES/PRESIDENT/ELIGIBILITY/AGE-RESIDENCE","UNASSESSED","UNASSESSED","Text-only presidential qualification."
"US-CM-000140","US-CONST-ATOM-000140","F1","Upon presidential removal, death, resignation, or inability, the powers and duties of the office devolve on the Vice President under the source rule.","Presidential authority does not devolve to the Vice President under this clause absent one of the stated triggering conditions.","UNITED-STATES/PRESIDENTIAL-SUCCESSION/VICE-PRESIDENT","UNASSESSED","UNASSESSED","Conditional authority vesting; original Article II text; supersession_status=UNASSESSED."
"US-CM-000141","US-CONST-ATOM-000141","F3","Congress may by law provide for simultaneous presidential and vice-presidential removal, death, resignation, or inability by declaring which officer acts as President until the stated terminating condition.","Congressional succession authority under this clause is bounded to the stated dual-vacancy or inability conditions and temporary acting period.","UNITED-STATES/CONGRESS/PRESIDENTIAL-SUCCESSION","UNASSESSED","UNASSESSED","Original Article II succession text; source contains editorial marker; supersession_status=UNASSESSED."
"US-CM-000142","US-CONST-ATOM-000142","F3","The President is entitled to receive compensation for presidential services at stated times.","Presidential compensation under this clause is tied to the identified office and services.","UNITED-STATES/PRESIDENT/COMPENSATION","UNASSESSED","UNASSESSED","Compensation entitlement."
"US-CM-000143","US-CONST-ATOM-000143","F5","Presidential compensation may neither be increased nor diminished during the elected term.","An increase or decrease in presidential compensation during the elected term is prohibited by this source.","UNITED-STATES/PRESIDENT/COMPENSATION/TERM-PROTECTION","UNASSESSED","UNASSESSED","Explicit temporal compensation constraint."
"US-CM-000144","US-CONST-ATOM-000144","F5","During the elected term, the President may not receive any other emolument from the United States or any State.","Receipt of another covered federal or State emolument during the presidential term is prohibited.","UNITED-STATES/PRESIDENT/OTHER-EMOLUMENTS","UNASSESSED","UNASSESSED","Explicit officeholder-emolument prohibition."
"US-CM-000145","US-CONST-ATOM-000145","F3","Before entering upon execution of the presidential office, the President must take the constitutionally prescribed oath or affirmation.","Execution of the presidential office under this source is not procedurally complete before the prescribed oath or affirmation is taken.","UNITED-STATES/PRESIDENT/OATH","UNASSESSED","UNASSESSED","Pre-execution constitutional condition; packet display encoding does not authorize source mutation."
"US-CM-000146","US-CONST-ATOM-000146","F3","The President serves as Commander in Chief of the Army and Navy and of State Militia when the Militia is called into actual service of the United States.","Commander-in-Chief authority over State Militia under this clause does not attach outside the stated federal-service condition.","UNITED-STATES/PRESIDENT/COMMANDER-IN-CHIEF","UNASSESSED","UNASSESSED","Enumerated executive military authority with Militia activation condition."
"US-CM-000147","US-CONST-ATOM-000147","F3","The President may require written opinions from principal executive-department officers on subjects relating to the duties of their respective offices.","The written-opinion authority established by this clause is bounded to principal executive officers and subjects related to their official duties.","UNITED-STATES/PRESIDENT/EXECUTIVE-DEPARTMENT-OPINIONS","UNASSESSED","UNASSESSED","Scoped executive information authority."
"US-CM-000148","US-CONST-ATOM-000148","F3","The President may grant reprieves and pardons for offenses against the United States except in cases of impeachment.","The pardon authority established by this clause does not extend to impeachment cases or offenses outside the stated United States domain.","UNITED-STATES/PRESIDENT/PARDON","UNASSESSED","UNASSESSED","Enumerated executive power with explicit exception."
"US-CM-000149","US-CONST-ATOM-000149","F4","Treaty making requires presidential action with the advice and consent of the Senate and concurrence of two thirds of Senators present.","A treaty is not authorized through this source without the required Senate participation and two-thirds concurrence threshold.","UNITED-STATES/PRESIDENT-SENATE/TREATIES","UNASSESSED","UNASSESSED","Explicit independent-actor concurrence and threshold."
"US-CM-000150","US-CONST-ATOM-000150","F3","The President is granted the nomination function within the federal appointment process.","Nomination under this clause does not itself constitute completed appointment authority where the source separately requires Senate advice and consent.","UNITED-STATES/PRESIDENT/NOMINATIONS","UNASSESSED","UNASSESSED","Distinct nomination stage preserved from appointment stage."
"US-CM-000151","US-CONST-ATOM-000151","F4","Appointment of the identified federal officers requires presidential appointment by and with the advice and consent of the Senate, except where the Constitution otherwise provides.","For covered offices, presidential nomination or unilateral presidential action alone does not complete the appointment authority established by this clause.","UNITED-STATES/PRESIDENT-SENATE/APPOINTMENTS","UNASSESSED","UNASSESSED","Multiparty appointment mechanism with source-defined coverage boundary."
"US-CM-000152","US-CONST-ATOM-000152","F1","Congress may by law vest appointment of inferior officers in the President alone, the Courts of Law, or Heads of Departments.","Inferior-officer appointment authority does not vest in one of the identified alternative principals under this clause absent congressional action by law.","UNITED-STATES/FEDERAL/INFERIOR-OFFICER-APPOINTMENTS","UNASSESSED","UNASSESSED","Constitutionally authorized secondary vesting mechanism."
"US-CM-000153","US-CONST-ATOM-000153","F3","The President may fill vacancies occurring during the recess of the Senate by granting commissions.","The recess-appointment authority established here is conditioned on the vacancy and Senate-recess circumstances stated in the source.","UNITED-STATES/PRESIDENT/RECESS-APPOINTMENTS","UNASSESSED","UNASSESSED","Conditioned executive appointment authority."
"US-CM-000154","US-CONST-ATOM-000154","F3","A commission granted through the recess-vacancy mechanism expires at the end of the Senate's next session.","The source does not authorize such a recess commission to continue beyond the stated expiration point.","UNITED-STATES/PRESIDENT/RECESS-APPOINTMENTS/DURATION","UNASSESSED","UNASSESSED","Explicit temporal limit on recess commission."
"US-CM-000155","US-CONST-ATOM-000155","F3","The President must from time to time provide Congress information on the State of the Union.","The constitutional information duty established by this source is not satisfied by eliminating the required communication to Congress.","UNITED-STATES/PRESIDENT/CONGRESS/STATE-OF-UNION","UNASSESSED","UNASSESSED","Executive reporting duty."
"US-CM-000156","US-CONST-ATOM-000156","F3","The President may recommend to Congress measures judged necessary and expedient.","The source establishes a recommendation function rather than unilateral legislative enactment authority.","UNITED-STATES/PRESIDENT/CONGRESS/RECOMMENDATIONS","UNASSESSED","UNASSESSED","Scoped executive recommendation authority."
"US-CM-000157","US-CONST-ATOM-000157","F3","On extraordinary occasions, the President may convene both Houses or either House of Congress.","The convening authority established by this clause is conditioned on the source's extraordinary-occasion trigger.","UNITED-STATES/PRESIDENT/CONGRESS/CONVENING","UNASSESSED","UNASSESSED","Conditioned executive procedural authority."
"US-CM-000158","US-CONST-ATOM-000158","F3","When the Houses disagree concerning the time of adjournment, the President may adjourn them to a time the President determines.","Presidential adjournment authority under this clause does not arise absent the stated inter-House disagreement concerning adjournment time.","UNITED-STATES/PRESIDENT/CONGRESS/ADJOURNMENT","UNASSESSED","UNASSESSED","Conflict-triggered executive authority."
"US-CM-000159","US-CONST-ATOM-000159","F3","The President is assigned the function of receiving ambassadors and other public ministers.","The authority established by this clause is bounded to the identified diplomatic-reception function.","UNITED-STATES/PRESIDENT/DIPLOMATIC-RECEPTION","UNASSESSED","UNASSESSED","Enumerated executive function."
"US-CM-000160","US-CONST-ATOM-000160","F3","The President must take care that the laws are faithfully executed.","The executive duty established by this source does not authorize abandonment of the faithful-execution requirement.","UNITED-STATES/PRESIDENT/LAW-EXECUTION","UNASSESSED","UNASSESSED","Affirmative constitutional execution duty."
"US-CM-000161","US-CONST-ATOM-000161","F3","The President must commission all officers of the United States.","The source-assigned commissioning function is not transferred to an unidentified principal by this clause.","UNITED-STATES/PRESIDENT/FEDERAL-OFFICER-COMMISSIONS","UNASSESSED","UNASSESSED","Enumerated executive commissioning duty."
"US-CM-000162","US-CONST-ATOM-000162","F4","The President, Vice President, and civil officers of the United States are removed from office upon impeachment for and conviction of the stated constitutional offenses.","Removal through this mechanism is not constitutionally completed by impeachment without conviction or conviction absent the required impeachment process.","UNITED-STATES/FEDERAL/IMPEACHMENT-REMOVAL","UNASSESSED","UNASSESSED","Two-stage constitutional removal mechanism; underlying House/Senate allocations normalized in prior waves."
"US-CM-000163","US-CONST-ATOM-000163","F1","The judicial power of the United States is vested in one Supreme Court.","Federal judicial authority is not established by this clause in an unidentified alternative supreme tribunal.","UNITED-STATES/FEDERAL/JUDICIARY/SUPREME-COURT","UNASSESSED","UNASSESSED","Direct constitutional authority vesting."
"US-CM-000164","US-CONST-ATOM-000164","F1","Federal judicial power may also be vested in inferior courts that Congress ordains and establishes.","An inferior federal court does not acquire the judicial authority described here absent constitutionally permitted congressional establishment.","UNITED-STATES/FEDERAL/JUDICIARY/INFERIOR-COURTS","UNASSESSED","UNASSESSED","Institutional judicial vesting dependent on congressional establishment."
"US-CM-000165","US-CONST-ATOM-000165","F3","Judges of the Supreme and inferior federal courts hold office during good behavior.","Judicial tenure established by this clause remains bounded by the good-behavior condition.","UNITED-STATES/FEDERAL/JUDICIARY/JUDICIAL-TENURE","UNASSESSED","UNASSESSED","Conditional office-tenure mechanism."
"US-CM-000166","US-CONST-ATOM-000166","F3","Federal judges are entitled to receive compensation for their services at stated times.","The compensation entitlement established here is tied to covered judicial service.","UNITED-STATES/FEDERAL/JUDICIARY/COMPENSATION","UNASSESSED","UNASSESSED","Judicial compensation mechanism."
"US-CM-000167","US-CONST-ATOM-000167","F5","Compensation of federal judges may not be diminished during their continuance in office.","A reduction of covered judicial compensation during continuance in office is prohibited.","UNITED-STATES/FEDERAL/JUDICIARY/COMPENSATION-PROTECTION","UNASSESSED","UNASSESSED","Explicit negative constraint protecting judicial compensation."
"US-CM-000168","US-CONST-ATOM-000168","F6","Federal judicial power extends to cases in law and equity arising under the Constitution, federal laws, and treaties made under United States authority.","The federal judicial jurisdiction established by this clause is bounded to the identified federal-source case domain.","UNITED-STATES/FEDERAL/JUDICIARY/FEDERAL-QUESTION","UNASSESSED","UNASSESSED","Express subject-matter jurisdiction."
"US-CM-000169","US-CONST-ATOM-000169","F6","Federal judicial power extends to cases affecting ambassadors, other public ministers, and consuls.","The jurisdiction established by this clause is bounded to cases affecting the identified diplomatic actors.","UNITED-STATES/FEDERAL/JUDICIARY/DIPLOMATIC-CASES","UNASSESSED","UNASSESSED","Express subject-matter jurisdiction."
"US-CM-000170","US-CONST-ATOM-000170","F6","Federal judicial power extends to cases of admiralty and maritime jurisdiction.","The jurisdiction established by this clause is bounded to the identified admiralty and maritime domain.","UNITED-STATES/FEDERAL/JUDICIARY/ADMIRALTY-MARITIME","UNASSESSED","UNASSESSED","Express subject-matter jurisdiction."
"US-CM-000171","US-CONST-ATOM-000171","F6","Federal judicial power extends to controversies in which the United States is a party.","Party-based jurisdiction under this clause requires the United States to be a party to the controversy.","UNITED-STATES/FEDERAL/JUDICIARY/UNITED-STATES-PARTY","UNASSESSED","UNASSESSED","Express party-based jurisdiction."
"US-CM-000172","US-CONST-ATOM-000172","F6","Federal judicial power extends to controversies between two or more States.","The interstate jurisdiction established here requires the constitutionally identified State-party configuration.","UNITED-STATES/FEDERAL/JUDICIARY/STATE-STATE","UNASSESSED","UNASSESSED","Express party-based jurisdiction."
"US-CM-000173","US-CONST-ATOM-000173","F6","The source text extends federal judicial power to controversies between a State and citizens of another State.","The jurisdictional class stated in this original source remains bounded to the identified party configuration.","UNITED-STATES/FEDERAL/JUDICIARY/STATE-OTHER-STATE-CITIZEN","UNASSESSED","UNASSESSED","Original Article III text with editorial marker; supersession_status=UNASSESSED; no later-amendment reconciliation."
"US-CM-000174","US-CONST-ATOM-000174","F6","Federal judicial power extends to controversies between citizens of different States.","The jurisdictional class established here requires the identified different-State citizenship configuration.","UNITED-STATES/FEDERAL/JUDICIARY/DIVERSITY","UNASSESSED","UNASSESSED","Original Article III party-based jurisdiction."
"US-CM-000175","US-CONST-ATOM-000175","F6","Federal judicial power extends to controversies between citizens of the same State claiming lands under grants of different States.","Jurisdiction under this clause requires the stated same-State citizenship and conflicting-State-land-grant configuration.","UNITED-STATES/FEDERAL/JUDICIARY/LAND-GRANT-DIVERSITY","UNASSESSED","UNASSESSED","Express specialized party-and-subject jurisdiction."
"US-CM-000176","US-CONST-ATOM-000176","F6","The source text extends federal judicial power to controversies between a State or its citizens and foreign States, citizens, or subjects.","The jurisdictional class stated in this original source remains bounded to the identified domestic-foreign party configuration.","UNITED-STATES/FEDERAL/JUDICIARY/FOREIGN-PARTIES","UNASSESSED","UNASSESSED","Original Article III text with editorial marker; supersession_status=UNASSESSED; no later-amendment reconciliation."
"US-CM-000177","US-CONST-ATOM-000177","F6","The Supreme Court has original jurisdiction in cases affecting ambassadors, other public ministers and consuls, and cases in which a State is a party.","Original Supreme Court jurisdiction under this clause does not attach outside the expressly identified case classes.","UNITED-STATES/SUPREME-COURT/ORIGINAL-JURISDICTION","UNASSESSED","UNASSESSED","Express allocation of original jurisdiction."
"US-CM-000178","US-CONST-ATOM-000178","F6","In the other constitutionally identified cases, the Supreme Court has appellate jurisdiction as to law and fact, subject to exceptions and regulations Congress makes.","Appellate jurisdiction under this clause remains bounded by the identified residual case domain and constitutionally authorized congressional exceptions and regulations.","UNITED-STATES/SUPREME-COURT/APPELLATE-JURISDICTION","UNASSESSED","UNASSESSED","Jurisdictional allocation with congressional exceptions-and-regulations condition."
"US-CM-000179","US-CONST-ATOM-000179","F3","Trials of crimes must be by jury except in cases of impeachment.","For covered criminal trials, the source procedure is not satisfied without a jury; impeachment is expressly excepted.","UNITED-STATES/FEDERAL/CRIMINAL-TRIAL/JURY","UNASSESSED","UNASSESSED","Affirmative trial-procedure requirement with express impeachment exception; source atom is the adjudicated merged pair."
"US-CM-000180","US-CONST-ATOM-000180","F6","A covered criminal trial must be held in the State where the crime was committed.","Trial venue under this clause is not constitutionally established in a different State when the crime was committed within a State.","UNITED-STATES/FEDERAL/CRIMINAL-TRIAL/VENUE","UNASSESSED","UNASSESSED","Express territorial venue rule."
"US-CM-000181","US-CONST-ATOM-000181","F6","When a covered crime is not committed within any State, Congress may by law direct the place or places of trial.","Trial venue outside a State under this clause is not established independently of the congressionally directed venue mechanism.","UNITED-STATES/FEDERAL/CRIMINAL-TRIAL/OUTSIDE-STATE-VENUE","UNASSESSED","UNASSESSED","Territorial venue rule for crimes not committed within a State."
"US-CM-000182","US-CONST-ATOM-000182","F3","Treason against the United States is constitutionally limited to levying war against them or adhering to their enemies by giving aid and comfort.","Conduct outside the constitutionally stated treason categories is not established as treason by this clause.","UNITED-STATES/TREASON/DEFINITION","UNASSESSED","UNASSESSED","Constitutionally bounded offense definition."
"US-CM-000183","US-CONST-ATOM-000183","F3","A treason conviction requires either testimony of two witnesses to the same overt act or confession in open court.","A treason conviction is not established under this source without one of the expressly stated evidentiary paths.","UNITED-STATES/TREASON/CONVICTION-EVIDENCE","UNASSESSED","UNASSESSED","Alternative evidentiary threshold."
"US-CM-000184","US-CONST-ATOM-000184","F3","Congress is granted power to declare the punishment of treason.","The punishment authority established by this clause is bounded to treason.","UNITED-STATES/CONGRESS/TREASON-PUNISHMENT","UNASSESSED","UNASSESSED","Enumerated punishment authority."
"US-CM-000185","US-CONST-ATOM-000185","F5","An attainder of treason may not produce corruption of blood.","Corruption of blood resulting from attainder of treason is prohibited.","UNITED-STATES/TREASON/CORRUPTION-OF-BLOOD","UNASSESSED","UNASSESSED","Explicit punishment-effect prohibition."
"US-CM-000186","US-CONST-ATOM-000186","F5","Forfeiture resulting from attainder of treason may not extend beyond the life of the person attainted.","Forfeiture extending beyond the attainted person's life is prohibited by this source.","UNITED-STATES/TREASON/FORFEITURE","UNASSESSED","UNASSESSED","Explicit temporal limit on punishment effect."
"US-CM-000187","US-CONST-ATOM-000187","F6","Each State must give full faith and credit to the public acts, records, and judicial proceedings of every other State.","Covered acts, records, and proceedings do not lose interstate constitutional applicability merely because they originate in another State.","UNITED-STATES/STATES/FULL-FAITH-CREDIT","UNASSESSED","UNASSESSED","Interstate constitutional applicability rule."
"US-CM-000188","US-CONST-ATOM-000188","F3","Congress may by general laws prescribe the manner in which State acts, records, and judicial proceedings are proved.","The source does not establish an unbounded congressional function beyond prescribing the proof manner for the identified interstate materials.","UNITED-STATES/CONGRESS/FULL-FAITH-CREDIT/PROOF","UNASSESSED","UNASSESSED","Enumerated evidentiary-rule authority."
"US-CM-000189","US-CONST-ATOM-000189","F3","Congress may prescribe the effect of the State acts, records, and judicial proceedings covered by the Full Faith and Credit mechanism.","Congressional authority established here remains bounded to prescribing the effect of the identified interstate materials.","UNITED-STATES/CONGRESS/FULL-FAITH-CREDIT/EFFECT","UNASSESSED","UNASSESSED","Enumerated effect-rule authority inherited from parent sentence."
"US-CM-000190","US-CONST-ATOM-000190","F6","Citizens of each State are entitled to the privileges and immunities of citizens in the several States.","Interstate State jurisdiction does not eliminate the cross-State constitutional entitlement stated by this clause.","UNITED-STATES/STATES/PRIVILEGES-IMMUNITIES","UNASSESSED","UNASSESSED","Interstate applicability mechanism."
"US-CM-000191","US-CONST-ATOM-000191","F6","A person charged with crime who flees from one State to another must, upon demand of the executive authority of the originating State, be delivered to the State having jurisdiction of the crime.","Interstate transfer under this clause is conditioned on the identified charge, flight, executive demand, and originating criminal jurisdiction.","UNITED-STATES/STATES/EXTRADITION","UNASSESSED","UNASSESSED","Interstate jurisdiction and delivery mechanism."
"US-CM-000192","US-CONST-ATOM-000192","F5","Under the original source text, a person held to service or labour who escaped into another State could not be discharged from that service by the law or regulation of the receiving State.","The receiving-State discharge described by this original clause was prohibited by the source text.","UNITED-STATES/STATES/SERVICE-LABOUR/ORIGINAL-TEXT","UNASSESSED","UNASSESSED","Original Article IV text; supersession_status=UNASSESSED; later amendments not reconciled in this wave."
"US-CM-000193","US-CONST-ATOM-000193","F6","Under the original source text, a person held to service or labour escaping into another State was to be delivered on claim of the party to whom the service or labour was due.","The delivery mechanism stated in this original clause depended on the identified interstate escape and claim conditions.","UNITED-STATES/STATES/SERVICE-LABOUR/DELIVERY/ORIGINAL-TEXT","UNASSESSED","UNASSESSED","Original Article IV text with editorial marker; supersession_status=UNASSESSED."
"US-CM-000194","US-CONST-ATOM-000194","F3","Congress may admit new States into the Union.","The source establishes new-State admission authority in Congress rather than an unidentified principal.","UNITED-STATES/CONGRESS/NEW-STATE-ADMISSION","UNASSESSED","UNASSESSED","Enumerated admission power."
"US-CM-000195","US-CONST-ATOM-000195","F5","A new State may not be formed or erected within the jurisdiction of another State under the prohibited condition stated in this clause.","Formation of a new State within another State's jurisdiction is constitutionally prohibited except as separately conditioned by the following consent mechanism.","UNITED-STATES/STATES/NEW-STATE-FORMATION","UNASSESSED","UNASSESSED","Negative territorial constraint read with the following consent clause."
"US-CM-000196","US-CONST-ATOM-000196","F4","Formation of a State by joining two or more States or parts of States requires consent of the legislatures of the States concerned and Congress.","The identified State-formation action is not authorized without both affected-State legislative consent and congressional consent.","UNITED-STATES/FEDERAL-STATE/NEW-STATE-CONSENT","UNASSESSED","UNASSESSED","Explicit federal-State concurrence requirement."
"US-CM-000197","US-CONST-ATOM-000197","F3","Congress is granted power to dispose of territory or other property belonging to the United States.","The disposal authority established here is bounded to United States territory or property.","UNITED-STATES/CONGRESS/FEDERAL-PROPERTY/DISPOSITION","UNASSESSED","UNASSESSED","Enumerated property authority; governing object continues into adjacent atom."
"US-CM-000198","US-CONST-ATOM-000198","F3","Congress may make needful rules and regulations respecting territory or other property belonging to the United States.","The regulatory authority established here is bounded to United States territory and property.","UNITED-STATES/CONGRESS/FEDERAL-PROPERTY/REGULATION","UNASSESSED","UNASSESSED","Enumerated territorial and property regulation authority."
"US-CM-000199","US-CONST-ATOM-000199","F5","The Constitution may not be construed so as to prejudice claims of the United States or any particular State.","A constitutional construction that prejudices the identified federal or State claims is prohibited by this source.","UNITED-STATES/FEDERAL-STATE/PROPERTY-CLAIMS","UNASSESSED","UNASSESSED","Explicit interpretive negative constraint."
"US-CM-000200","US-CONST-ATOM-000200","F3","The United States must guarantee every State in the Union a republican form of government.","The federal guarantee duty established by this clause is not satisfied by omission of the identified guarantee.","UNITED-STATES/FEDERAL-STATE/REPUBLICAN-GOVERNMENT-GUARANTEE","UNASSESSED","UNASSESSED","Affirmative intergovernmental constitutional duty."
"US-CM-000201","US-CONST-ATOM-000201","F3","The United States must protect each State against invasion.","The federal protection duty established by this clause is not conditioned on a State application.","UNITED-STATES/FEDERAL-STATE/INVASION-PROTECTION","UNASSESSED","UNASSESSED","Affirmative federal protection duty."
"US-CM-000202","US-CONST-ATOM-000202","F3","The United States must protect a State against domestic violence upon application of its legislature or, when the legislature cannot be convened, its executive.","The domestic-violence protection mechanism under this clause is not triggered absent the constitutionally identified State application pathway.","UNITED-STATES/FEDERAL-STATE/DOMESTIC-VIOLENCE-PROTECTION","UNASSESSED","UNASSESSED","Condition-triggered intergovernmental protection duty."
"US-CM-000203","US-CONST-ATOM-000203","F7","Congress may propose constitutional amendments when two thirds of both Houses deem amendment necessary.","Congressional proposal through this pathway is not authorized below the stated two-thirds threshold in both Houses.","UNITED-STATES/CONSTITUTION/AMENDMENT/CONGRESSIONAL-PROPOSAL","UNASSESSED","UNASSESSED","Controlled constitutional mutation pathway."
"US-CM-000204","US-CONST-ATOM-000204","F7","Congress must call a convention for proposing amendments upon application of the legislatures of two thirds of the States.","The convention-calling duty is not triggered below the stated two-thirds-of-States application threshold.","UNITED-STATES/CONSTITUTION/AMENDMENT/CONVENTION-PROPOSAL","UNASSESSED","UNASSESSED","Alternative controlled constitutional mutation pathway."
"US-CM-000205","US-CONST-ATOM-000205","F7","A proposed amendment becomes valid as part of the Constitution when ratified by legislatures of three fourths of the States or conventions in three fourths thereof.","A proposed amendment does not become constitutionally valid under this source below the stated three-fourths ratification threshold.","UNITED-STATES/CONSTITUTION/AMENDMENT/RATIFICATION","UNASSESSED","UNASSESSED","Constitutional state transition conditioned on supermajority ratification."
"US-CM-000206","US-CONST-ATOM-000206","F7","Congress may select which constitutionally authorized ratification mode applies to a proposed amendment.","The ratification mode is not selected by an unidentified actor under this source mechanism.","UNITED-STATES/CONSTITUTION/AMENDMENT/RATIFICATION-MODE","UNASSESSED","UNASSESSED","Controlled mutation procedure governing ratification pathway."
"US-CM-000207","US-CONST-ATOM-000207","F7","Before 1808, the amendment power could not affect the first and fourth clauses of Article I Section 9.","A pre-1808 amendment affecting either protected clause was prohibited by this constitutional mutation constraint.","UNITED-STATES/CONSTITUTION/AMENDMENT/PRE-1808-LIMIT","UNASSESSED","UNASSESSED","Historical temporal constraint on amendment authority."
"US-CM-000208","US-CONST-ATOM-000208","F7","No State may be deprived of equal suffrage in the Senate without that State's consent.","Constitutional mutation depriving a State of equal Senate suffrage without its consent is prohibited.","UNITED-STATES/CONSTITUTION/AMENDMENT/EQUAL-SUFFRAGE","UNASSESSED","UNASSESSED","Entrenched amendment constraint requiring affected-State consent."
"US-CM-000209","US-CONST-ATOM-000209","F3","Debts and engagements entered into before adoption of the Constitution remain valid against the United States under the Constitution as under the Confederation.","Adoption of the Constitution does not by itself invalidate the identified preexisting federal debts and engagements.","UNITED-STATES/CONSTITUTION/CONTINUITY/PREEXISTING-OBLIGATIONS","UNASSESSED","UNASSESSED","Constitutional continuity-of-obligation rule."
"US-CM-000210","US-CONST-ATOM-000210","F3","The Constitution and laws of the United States made in pursuance of it participate in the constitutional supremacy rule.","A federal enactment is not brought within this source's supremacy formulation merely by being federal; the text requires laws made in pursuance of the Constitution.","UNITED-STATES/SUPREMACY/CONSTITUTION-FEDERAL-LAWS","UNASSESSED","UNASSESSED","Source-preserved Pursuance requirement; effect completed by adjacent supremacy text."
"US-CM-000211","US-CONST-ATOM-000211","F3","Treaties made under the authority of the United States participate in the supreme law of the land.","Treaty supremacy under this source depends on the stated United States authority condition.","UNITED-STATES/SUPREMACY/TREATIES","UNASSESSED","UNASSESSED","Supremacy effect applied to constitutionally identified treaty authority."
"US-CM-000212","US-CONST-ATOM-000212","F3","Judges in every State are bound by the supreme-law rule notwithstanding contrary provisions in State constitutions or laws.","A contrary State constitution or law does not displace the binding federal supremacy rule established by this source.","UNITED-STATES/SUPREMACY/STATE-JUDGES","UNASSESSED","UNASSESSED","Binding-effect and priority mechanism; no judicial-review doctrine imported."
"US-CM-000213","US-CONST-ATOM-000213","F3","Federal and State legislators and federal and State executive and judicial officers must be bound by oath or affirmation to support the Constitution.","Covered public officers are not exempted by this source from the required constitutional oath or affirmation.","UNITED-STATES/FEDERAL-STATE/OATH-SUPPORT","UNASSESSED","UNASSESSED","Cross-jurisdiction constitutional support duty."
"US-CM-000214","US-CONST-ATOM-000214","F5","No religious test may ever be required as a qualification for office or public trust under the United States.","Imposition of a religious qualification for covered federal office or public trust is prohibited.","UNITED-STATES/FEDERAL/OFFICE/RELIGIOUS-TEST","UNASSESSED","UNASSESSED","Explicit qualification prohibition."
"US-CM-000215","US-CONST-ATOM-000215","F4","Ratification by conventions of nine States is sufficient to establish the Constitution between the States ratifying it.","Establishment under Article VII is not achieved below the stated nine-State ratification threshold and does not extend by this clause beyond ratifying States.","UNITED-STATES/CONSTITUTION/ESTABLISHMENT-RATIFICATION","UNASSESSED","UNASSESSED","Thresholded multi-State establishment mechanism with bounded ratifying-State effect."
"US-CM-000216","US-AM-ATOM-000001","F5","The Constitution establishes this prohibition, right-protection, or negative constraint: Congress shall make no law respecting an establishment of religion","An action or effect contrary to the source-defined prohibition, protected right, or negative constraint is not constitutionally established under this mechanism.","UNITED-STATES/CONGRESS/RIGHTS/RELIGION/ESTABLISHMENT","UNASSESSED","UNASSESSED","Amendment source-derived mechanism; parent context required; generation_unit=US-AM-MECH-UNIT-000001; source_construction=US-AM-ATOM-CAND-000001; amendment=1; section=; child=1/6."
"US-CM-000217","US-AM-ATOM-000002","F5","The Constitution establishes this prohibition, right-protection, or negative constraint: or prohibiting the free exercise thereof","An action or effect contrary to the source-defined prohibition, protected right, or negative constraint is not constitutionally established under this mechanism.","UNITED-STATES/CONGRESS/RIGHTS/RELIGION/FREE-EXERCISE","UNASSESSED","UNASSESSED","Amendment source-derived mechanism; parent context required; generation_unit=US-AM-MECH-UNIT-000001; source_construction=US-AM-ATOM-CAND-000001; amendment=1; section=; child=2/6."
"US-CM-000218","US-AM-ATOM-000003","F5","The Constitution establishes this prohibition, right-protection, or negative constraint: or abridging the freedom of speech","An action or effect contrary to the source-defined prohibition, protected right, or negative constraint is not constitutionally established under this mechanism.","UNITED-STATES/CONGRESS/RIGHTS/SPEECH","UNASSESSED","UNASSESSED","Amendment source-derived mechanism; parent context required; generation_unit=US-AM-MECH-UNIT-000001; source_construction=US-AM-ATOM-CAND-000001; amendment=1; section=; child=3/6."
"US-CM-000219","US-AM-ATOM-000004","F5","The Constitution establishes this prohibition, right-protection, or negative constraint: or of the press","An action or effect contrary to the source-defined prohibition, protected right, or negative constraint is not constitutionally established under this mechanism.","UNITED-STATES/CONGRESS/RIGHTS/PRESS","UNASSESSED","UNASSESSED","Amendment source-derived mechanism; parent context required; generation_unit=US-AM-MECH-UNIT-000001; source_construction=US-AM-ATOM-CAND-000001; amendment=1; section=; child=4/6."
"US-CM-000220","US-AM-ATOM-000005","F5","The Constitution establishes this prohibition, right-protection, or negative constraint: or the right of the people peaceably to assemble","An action or effect contrary to the source-defined prohibition, protected right, or negative constraint is not constitutionally established under this mechanism.","UNITED-STATES/CONGRESS/RIGHTS/ASSEMBLY","UNASSESSED","UNASSESSED","Amendment source-derived mechanism; parent context required; generation_unit=US-AM-MECH-UNIT-000001; source_construction=US-AM-ATOM-CAND-000001; amendment=1; section=; child=5/6."
"US-CM-000221","US-AM-ATOM-000006","F5","The Constitution establishes this prohibition, right-protection, or negative constraint: and to petition the Government for a redress of grievances.","An action or effect contrary to the source-defined prohibition, protected right, or negative constraint is not constitutionally established under this mechanism.","UNITED-STATES/CONGRESS/RIGHTS/PETITION","UNASSESSED","UNASSESSED","Amendment source-derived mechanism; parent context required; generation_unit=US-AM-MECH-UNIT-000001; source_construction=US-AM-ATOM-CAND-000001; amendment=1; section=; child=6/6."
"US-CM-000222","US-AM-ATOM-000007","F5","The Constitution establishes this prohibition, right-protection, or negative constraint: A well regulated Militia, being necessary to the security of a free State, the right of the people to keep and bear Arms, shall not be infringed.","An action or effect contrary to the source-defined prohibition, protected right, or negative constraint is not constitutionally established under this mechanism.","UNITED-STATES/RIGHTS/KEEP-BEAR-ARMS","UNASSESSED","UNASSESSED","Amendment source-derived mechanism; context independent; generation_unit=US-AM-MECH-UNIT-000002; source_construction=US-AM-ATOM-CAND-000002; amendment=2; section=; child=1/1."
"US-CM-000223","US-AM-ATOM-000008","F5","The Constitution establishes this prohibition, right-protection, or negative constraint: No Soldier shall, in time of peace be quartered in any house, without the consent of the Owner","An action or effect contrary to the source-defined prohibition, protected right, or negative constraint is not constitutionally established under this mechanism.","UNITED-STATES/SOLDIER-QUARTERING/PEACE","UNASSESSED","UNASSESSED","Amendment source-derived mechanism; parent context required; generation_unit=US-AM-MECH-UNIT-000003; source_construction=US-AM-ATOM-CAND-000003; amendment=3; section=; child=1/2."
"US-CM-000224","US-AM-ATOM-000009","F5","The Constitution establishes this prohibition, right-protection, or negative constraint: nor in time of war, but in a manner to be prescribed by law.","An action or effect contrary to the source-defined prohibition, protected right, or negative constraint is not constitutionally established under this mechanism.","UNITED-STATES/SOLDIER-QUARTERING/WAR","UNASSESSED","UNASSESSED","Amendment source-derived mechanism; parent context required; generation_unit=US-AM-MECH-UNIT-000003; source_construction=US-AM-ATOM-CAND-000003; amendment=3; section=; child=2/2."
"US-CM-000225","US-AM-ATOM-000010","F5","The Constitution establishes this prohibition, right-protection, or negative constraint: The right of the people to be secure in their persons, houses, papers, and effects, against unreasonable searches and seizures, shall not be violated","An action or effect contrary to the source-defined prohibition, protected right, or negative constraint is not constitutionally established under this mechanism.","UNITED-STATES/SEARCH-SEIZURE/UNREASONABLE","UNASSESSED","UNASSESSED","Amendment source-derived mechanism; parent context required; generation_unit=US-AM-MECH-UNIT-000004; source_construction=US-AM-ATOM-CAND-000004; amendment=4; section=; child=1/2."
"US-CM-000226","US-AM-ATOM-000011","F5","The Constitution establishes this prohibition, right-protection, or negative constraint: and no Warrants shall issue, but upon probable cause, supported by Oath or affirmation, and particularly describing the place to be searched, and the persons or things to be seized.","An action or effect contrary to the source-defined prohibition, protected right, or negative constraint is not constitutionally established under this mechanism.","UNITED-STATES/WARRANTS/ISSUANCE-CONDITIONS","UNASSESSED","UNASSESSED","Amendment source-derived mechanism; parent context required; generation_unit=US-AM-MECH-UNIT-000004; source_construction=US-AM-ATOM-CAND-000004; amendment=4; section=; child=2/2."
"US-CM-000227","US-AM-ATOM-000012","F5","The Constitution establishes this prohibition, right-protection, or negative constraint: No person shall be held to answer for a capital, or otherwise infamous crime, unless on a presentment or indictment of a Grand Jury, except in cases arising in the land or naval forces, or in the Militia, when in actual service in time of War or public danger","An action or effect contrary to the source-defined prohibition, protected right, or negative constraint is not constitutionally established under this mechanism.","UNITED-STATES/CRIMINAL/GRAND-JURY","UNASSESSED","UNASSESSED","Amendment source-derived mechanism; parent context required; generation_unit=US-AM-MECH-UNIT-000005; source_construction=US-AM-ATOM-CAND-000005; amendment=5; section=; child=1/5."
"US-CM-000228","US-AM-ATOM-000013","F5","The Constitution establishes this prohibition, right-protection, or negative constraint: nor shall any person be subject for the same offence to be twice put in jeopardy of life or limb","An action or effect contrary to the source-defined prohibition, protected right, or negative constraint is not constitutionally established under this mechanism.","UNITED-STATES/CRIMINAL/DOUBLE-JEOPARDY","UNASSESSED","UNASSESSED","Amendment source-derived mechanism; parent context required; generation_unit=US-AM-MECH-UNIT-000005; source_construction=US-AM-ATOM-CAND-000005; amendment=5; section=; child=2/5."
"US-CM-000229","US-AM-ATOM-000014","F5","The Constitution establishes this prohibition, right-protection, or negative constraint: nor shall be compelled in any criminal case to be a witness against himself,","An action or effect contrary to the source-defined prohibition, protected right, or negative constraint is not constitutionally established under this mechanism.","UNITED-STATES/CRIMINAL/SELF-INCRIMINATION","UNASSESSED","UNASSESSED","Amendment source-derived mechanism; parent context required; generation_unit=US-AM-MECH-UNIT-000005; source_construction=US-AM-ATOM-CAND-000005; amendment=5; section=; child=3/5."
"US-CM-000230","US-AM-ATOM-000015","F5","The Constitution establishes this prohibition, right-protection, or negative constraint: nor be deprived of life, liberty, or property, without due process of law","An action or effect contrary to the source-defined prohibition, protected right, or negative constraint is not constitutionally established under this mechanism.","UNITED-STATES/DUE-PROCESS/LIFE-LIBERTY-PROPERTY","UNASSESSED","UNASSESSED","Amendment source-derived mechanism; parent context required; generation_unit=US-AM-MECH-UNIT-000005; source_construction=US-AM-ATOM-CAND-000005; amendment=5; section=; child=4/5."
"US-CM-000231","US-AM-ATOM-000016","F5","The Constitution establishes this prohibition, right-protection, or negative constraint: nor shall private property be taken for public use, without just compensation.","An action or effect contrary to the source-defined prohibition, protected right, or negative constraint is not constitutionally established under this mechanism.","UNITED-STATES/TAKINGS/PUBLIC-USE/JUST-COMPENSATION","UNASSESSED","UNASSESSED","Amendment source-derived mechanism; parent context required; generation_unit=US-AM-MECH-UNIT-000005; source_construction=US-AM-ATOM-CAND-000005; amendment=5; section=; child=5/5."
"US-CM-000232","US-AM-ATOM-000017","F3","The Constitution establishes this scoped power, duty, qualification, or procedural rule: In all criminal prosecutions, the accused shall enjoy the right to a speedy and public trial","The scoped power, duty, qualification, or procedure is not established outside the conditions and limits stated by this source.","UNITED-STATES/CRIMINAL/TRIAL/SPEEDY-PUBLIC","UNASSESSED","UNASSESSED","Amendment source-derived mechanism; parent context required; generation_unit=US-AM-MECH-UNIT-000006; source_construction=US-AM-ATOM-CAND-000006; amendment=6; section=; child=1/6."
"US-CM-000233","US-AM-ATOM-000018","F3","The Constitution establishes this scoped power, duty, qualification, or procedural rule: by an impartial jury of the State and district wherein the crime shall have been committed, which district shall have been previously ascertained by law","The scoped power, duty, qualification, or procedure is not established outside the conditions and limits stated by this source.","UNITED-STATES/CRIMINAL/JURY/VENUE","UNASSESSED","UNASSESSED","Amendment source-derived mechanism; parent context required; generation_unit=US-AM-MECH-UNIT-000006; source_construction=US-AM-ATOM-CAND-000006; amendment=6; section=; child=2/6."
"US-CM-000234","US-AM-ATOM-000019","F3","The Constitution establishes this scoped power, duty, qualification, or procedural rule: and to be informed of the nature and cause of the accusation","The scoped power, duty, qualification, or procedure is not established outside the conditions and limits stated by this source.","UNITED-STATES/CRIMINAL/ACCUSATION/NOTICE","UNASSESSED","UNASSESSED","Amendment source-derived mechanism; parent context required; generation_unit=US-AM-MECH-UNIT-000006; source_construction=US-AM-ATOM-CAND-000006; amendment=6; section=; child=3/6."
"US-CM-000235","US-AM-ATOM-000020","F3","The Constitution establishes this scoped power, duty, qualification, or procedural rule: to be confronted with the witnesses against him","The scoped power, duty, qualification, or procedure is not established outside the conditions and limits stated by this source.","UNITED-STATES/CRIMINAL/WITNESS-CONFRONTATION","UNASSESSED","UNASSESSED","Amendment source-derived mechanism; parent context required; generation_unit=US-AM-MECH-UNIT-000006; source_construction=US-AM-ATOM-CAND-000006; amendment=6; section=; child=4/6."
"US-CM-000236","US-AM-ATOM-000021","F3","The Constitution establishes this scoped power, duty, qualification, or procedural rule: to have compulsory process for obtaining witnesses in his favor","The scoped power, duty, qualification, or procedure is not established outside the conditions and limits stated by this source.","UNITED-STATES/CRIMINAL/COMPULSORY-PROCESS","UNASSESSED","UNASSESSED","Amendment source-derived mechanism; parent context required; generation_unit=US-AM-MECH-UNIT-000006; source_construction=US-AM-ATOM-CAND-000006; amendment=6; section=; child=5/6."
"US-CM-000237","US-AM-ATOM-000022","F3","The Constitution establishes this scoped power, duty, qualification, or procedural rule: and to have the Assistance of Counsel for his defence.","The scoped power, duty, qualification, or procedure is not established outside the conditions and limits stated by this source.","UNITED-STATES/CRIMINAL/ASSISTANCE-OF-COUNSEL","UNASSESSED","UNASSESSED","Amendment source-derived mechanism; parent context required; generation_unit=US-AM-MECH-UNIT-000006; source_construction=US-AM-ATOM-CAND-000006; amendment=6; section=; child=6/6."
"US-CM-000238","US-AM-ATOM-000023","F3","The Constitution establishes this scoped power, duty, qualification, or procedural rule: In Suits at common law, where the value in controversy shall exceed twenty dollars, the right of trial by jury shall be preserved","The scoped power, duty, qualification, or procedure is not established outside the conditions and limits stated by this source.","UNITED-STATES/CIVIL/JURY-TRIAL","UNASSESSED","UNASSESSED","Amendment source-derived mechanism; parent context required; generation_unit=US-AM-MECH-UNIT-000007; source_construction=US-AM-ATOM-CAND-000007; amendment=7; section=; child=1/2."
"US-CM-000239","US-AM-ATOM-000024","F5","The Constitution establishes this prohibition, right-protection, or negative constraint: and no fact tried by a jury, shall be otherwise re-examined in any Court of the United States, than according to the rules of the common law.","An action or effect contrary to the source-defined prohibition, protected right, or negative constraint is not constitutionally established under this mechanism.","UNITED-STATES/CIVIL/JURY-FACT-REEXAMINATION","UNASSESSED","UNASSESSED","Amendment source-derived mechanism; parent context required; generation_unit=US-AM-MECH-UNIT-000007; source_construction=US-AM-ATOM-CAND-000007; amendment=7; section=; child=2/2."
"US-CM-000240","US-AM-ATOM-000025","F5","The Constitution establishes this prohibition, right-protection, or negative constraint: Excessive bail shall not be required","An action or effect contrary to the source-defined prohibition, protected right, or negative constraint is not constitutionally established under this mechanism.","UNITED-STATES/BAIL/EXCESSIVE","UNASSESSED","UNASSESSED","Amendment source-derived mechanism; parent context required; generation_unit=US-AM-MECH-UNIT-000008; source_construction=US-AM-ATOM-CAND-000008; amendment=8; section=; child=1/3."
"US-CM-000241","US-AM-ATOM-000026","F5","The Constitution establishes this prohibition, right-protection, or negative constraint: nor excessive fines imposed","An action or effect contrary to the source-defined prohibition, protected right, or negative constraint is not constitutionally established under this mechanism.","UNITED-STATES/FINES/EXCESSIVE","UNASSESSED","UNASSESSED","Amendment source-derived mechanism; parent context required; generation_unit=US-AM-MECH-UNIT-000008; source_construction=US-AM-ATOM-CAND-000008; amendment=8; section=; child=2/3."
"US-CM-000242","US-AM-ATOM-000027","F5","The Constitution establishes this prohibition, right-protection, or negative constraint: nor cruel and unusual punishments inflicted.","An action or effect contrary to the source-defined prohibition, protected right, or negative constraint is not constitutionally established under this mechanism.","UNITED-STATES/PUNISHMENT/CRUEL-UNUSUAL","UNASSESSED","UNASSESSED","Amendment source-derived mechanism; parent context required; generation_unit=US-AM-MECH-UNIT-000008; source_construction=US-AM-ATOM-CAND-000008; amendment=8; section=; child=3/3."
"US-CM-000243","US-AM-ATOM-000028","F5","The Constitution establishes this prohibition, right-protection, or negative constraint: The enumeration in the Constitution, of certain rights, shall not be construed to deny or disparage others retained by the people.","An action or effect contrary to the source-defined prohibition, protected right, or negative constraint is not constitutionally established under this mechanism.","UNITED-STATES/RIGHTS/UNENUMERATED","UNASSESSED","UNASSESSED","Amendment source-derived mechanism; context independent; generation_unit=US-AM-MECH-UNIT-000009; source_construction=US-AM-ATOM-CAND-000009; amendment=9; section=; child=1/1."
"US-CM-000244","US-AM-ATOM-000029","F6","The Constitution establishes this jurisdictional, federalism, status, or allocation boundary: The powers not delegated to the United States by the Constitution, nor prohibited by it to the States, are reserved to the States respectively, or to the people.","The constitutional effect is not established outside the source-defined jurisdiction, status, allocation, or federalism boundary.","UNITED-STATES/FEDERALISM/RESERVED-POWERS","UNASSESSED","UNASSESSED","Amendment source-derived mechanism; context independent; generation_unit=US-AM-MECH-UNIT-000010; source_construction=US-AM-ATOM-CAND-000010; amendment=10; section=; child=1/1."
"US-CM-000245","US-AM-ATOM-000030","F6","The Constitution establishes this jurisdictional, federalism, status, or allocation boundary: The Judicial power of the United States shall not be construed to extend to any suit in law or equity, commenced or prosecuted against one of the United States by Citizens of another State, or by Citizens or Subjects of any Foreign State.","The constitutional effect is not established outside the source-defined jurisdiction, status, allocation, or federalism boundary.","UNITED-STATES/JUDICIAL-POWER/STATE-SOVEREIGNTY","UNASSESSED","UNASSESSED","Amendment source-derived mechanism; context independent; generation_unit=US-AM-MECH-UNIT-000011; source_construction=US-AM-ATOM-CAND-000011; amendment=11; section=; child=1/1."
"US-CM-000246","US-AM-ATOM-000031","F3","The Constitution establishes this scoped power, duty, qualification, or procedural rule: The Electors shall meet in their respective states and vote by ballot for President and Vice-President, one of whom, at least, shall not be an inhabitant of the same state with themselves","The scoped power, duty, qualification, or procedure is not established outside the conditions and limits stated by this source.","UNITED-STATES/PRESIDENTIAL-ELECTION/ELECTORS/MEETING-VOTING","UNASSESSED","UNASSESSED","Amendment source-derived mechanism; parent context required; generation_unit=US-AM-MECH-UNIT-000012; source_construction=US-AM-ATOM-CAND-000012; amendment=12; section=; child=1/15."
"US-CM-000247","US-AM-ATOM-000032","F3","The Constitution establishes this scoped power, duty, qualification, or procedural rule: they shall name in their ballots the person voted for as President, and in distinct ballots the person voted for as Vice-President","The scoped power, duty, qualification, or procedure is not established outside the conditions and limits stated by this source.","UNITED-STATES/PRESIDENTIAL-ELECTION/ELECTORS/DISTINCT-BALLOTS","UNASSESSED","UNASSESSED","Amendment source-derived mechanism; parent context required; generation_unit=US-AM-MECH-UNIT-000012; source_construction=US-AM-ATOM-CAND-000012; amendment=12; section=; child=2/15."
"US-CM-000248","US-AM-ATOM-000033","F3","The Constitution establishes this scoped power, duty, qualification, or procedural rule: and they shall make distinct lists of all persons voted for as President, and of all persons voted for as Vice-President, and of the number of votes for each","The scoped power, duty, qualification, or procedure is not established outside the conditions and limits stated by this source.","UNITED-STATES/PRESIDENTIAL-ELECTION/ELECTORS/VOTE-LISTS","UNASSESSED","UNASSESSED","Amendment source-derived mechanism; parent context required; generation_unit=US-AM-MECH-UNIT-000012; source_construction=US-AM-ATOM-CAND-000012; amendment=12; section=; child=3/15."
"US-CM-000249","US-AM-ATOM-000034","F3","The Constitution establishes this scoped power, duty, qualification, or procedural rule: which lists they shall sign and certify, and transmit sealed to the seat of the government of the United States, directed to the President of the Senate","The scoped power, duty, qualification, or procedure is not established outside the conditions and limits stated by this source.","UNITED-STATES/PRESIDENTIAL-ELECTION/ELECTORS/CERTIFICATION-TRANSMISSION","UNASSESSED","UNASSESSED","Amendment source-derived mechanism; parent context required; generation_unit=US-AM-MECH-UNIT-000012; source_construction=US-AM-ATOM-CAND-000012; amendment=12; section=; child=4/15."
"US-CM-000250","US-AM-ATOM-000035","F3","The Constitution establishes this scoped power, duty, qualification, or procedural rule: -- the President of the Senate shall, in the presence of the Senate and House of Representatives, open all the certificates","The scoped power, duty, qualification, or procedure is not established outside the conditions and limits stated by this source.","UNITED-STATES/PRESIDENTIAL-ELECTION/CERTIFICATES/OPENING","UNASSESSED","UNASSESSED","Amendment source-derived mechanism; parent context required; generation_unit=US-AM-MECH-UNIT-000012; source_construction=US-AM-ATOM-CAND-000012; amendment=12; section=; child=5/15."
"US-CM-000251","US-AM-ATOM-000036","F3","The Constitution establishes this scoped power, duty, qualification, or procedural rule: and the votes shall then be counted","The scoped power, duty, qualification, or procedure is not established outside the conditions and limits stated by this source.","UNITED-STATES/PRESIDENTIAL-ELECTION/VOTE-COUNT","UNASSESSED","UNASSESSED","Amendment source-derived mechanism; parent context required; generation_unit=US-AM-MECH-UNIT-000012; source_construction=US-AM-ATOM-CAND-000012; amendment=12; section=; child=6/15."
"US-CM-000252","US-AM-ATOM-000037","F4","The Constitution establishes this concurrence, quorum, majority, or threshold rule: -- The person having the greatest number of votes for President, shall be the President, if such number be a majority of the whole number of Electors appointed","The constitutional effect is not established unless the source-defined concurrence, quorum, majority, or threshold condition is satisfied.","UNITED-STATES/PRESIDENTIAL-ELECTION/PRESIDENT/MAJORITY-SELECTION","UNASSESSED","UNASSESSED","Amendment source-derived mechanism; parent context required; generation_unit=US-AM-MECH-UNIT-000012; source_construction=US-AM-ATOM-CAND-000012; amendment=12; section=; child=7/15."
"US-CM-000253","US-AM-ATOM-000038","F3","The Constitution establishes this scoped power, duty, qualification, or procedural rule: and if no person have such majority, then from the persons having the highest numbers not exceeding three on the list of those voted for as President, the House of Representatives shall choose immediately, by ballot, the President","The scoped power, duty, qualification, or procedure is not established outside the conditions and limits stated by this source.","UNITED-STATES/PRESIDENTIAL-ELECTION/HOUSE/CONTINGENT-SELECTION","UNASSESSED","UNASSESSED","Amendment source-derived mechanism; parent context required; generation_unit=US-AM-MECH-UNIT-000012; source_construction=US-AM-ATOM-CAND-000012; amendment=12; section=; child=8/15."
"US-CM-000254","US-AM-ATOM-000039","F4","The Constitution establishes this concurrence, quorum, majority, or threshold rule: But in choosing the President, the votes shall be taken by states, the representation from each state having one vote","The constitutional effect is not established unless the source-defined concurrence, quorum, majority, or threshold condition is satisfied.","UNITED-STATES/PRESIDENTIAL-ELECTION/HOUSE/STATE-VOTING","UNASSESSED","UNASSESSED","Amendment source-derived mechanism; parent context required; generation_unit=US-AM-MECH-UNIT-000012; source_construction=US-AM-ATOM-CAND-000012; amendment=12; section=; child=9/15."
"US-CM-000255","US-AM-ATOM-000040","F4","The Constitution establishes this concurrence, quorum, majority, or threshold rule: a quorum for this purpose shall consist of a member or members from two-thirds of the states","The constitutional effect is not established unless the source-defined concurrence, quorum, majority, or threshold condition is satisfied.","UNITED-STATES/PRESIDENTIAL-ELECTION/HOUSE/QUORUM","UNASSESSED","UNASSESSED","Amendment source-derived mechanism; parent context required; generation_unit=US-AM-MECH-UNIT-000012; source_construction=US-AM-ATOM-CAND-000012; amendment=12; section=; child=10/15."
"US-CM-000256","US-AM-ATOM-000041","F4","The Constitution establishes this concurrence, quorum, majority, or threshold rule: and a majority of all the states shall be necessary to a choice","The constitutional effect is not established unless the source-defined concurrence, quorum, majority, or threshold condition is satisfied.","UNITED-STATES/PRESIDENTIAL-ELECTION/HOUSE/CHOICE-THRESHOLD","UNASSESSED","UNASSESSED","Amendment source-derived mechanism; parent context required; generation_unit=US-AM-MECH-UNIT-000012; source_construction=US-AM-ATOM-CAND-000012; amendment=12; section=; child=11/15."
"US-CM-000257","US-AM-ATOM-000042","F3","The Constitution establishes this scoped power, duty, qualification, or procedural rule: [And if the House of Representatives shall not choose a President whenever the right of choice shall devolve upon them, before the fourth day of March next following, then the Vice-President shall act as President, as in the case of the death or other constitutional disability of the President. --]*","The scoped power, duty, qualification, or procedure is not established outside the conditions and limits stated by this source.","UNITED-STATES/PRESIDENTIAL-ELECTION/HOUSE/FAILURE-TO-CHOOSE/TRANSITION","UNASSESSED","UNASSESSED","Amendment source-derived mechanism; parent context required; generation_unit=US-AM-MECH-UNIT-000012; source_construction=US-AM-ATOM-CAND-000012; amendment=12; section=; child=12/15."
"US-CM-000258","US-AM-ATOM-000043","F4","The Constitution establishes this concurrence, quorum, majority, or threshold rule: The person having the greatest number of votes as Vice-President, shall be the Vice-President, if such number be a majority of the whole number of Electors appointed","The constitutional effect is not established unless the source-defined concurrence, quorum, majority, or threshold condition is satisfied.","UNITED-STATES/PRESIDENTIAL-ELECTION/VICE-PRESIDENT/MAJORITY-SELECTION","UNASSESSED","UNASSESSED","Amendment source-derived mechanism; parent context required; generation_unit=US-AM-MECH-UNIT-000012; source_construction=US-AM-ATOM-CAND-000012; amendment=12; section=; child=13/15."
"US-CM-000259","US-AM-ATOM-000044","F4","The Constitution establishes this concurrence, quorum, majority, or threshold rule: and if no person have a majority, then from the two highest numbers on the list, the Senate shall choose the Vice-President; a quorum for the purpose shall consist of two-thirds of the whole number of Senators, and a majority of the whole number shall be necessary to a choice","The constitutional effect is not established unless the source-defined concurrence, quorum, majority, or threshold condition is satisfied.","UNITED-STATES/PRESIDENTIAL-ELECTION/SENATE/CONTINGENT-SELECTION","UNASSESSED","UNASSESSED","Amendment source-derived mechanism; parent context required; generation_unit=US-AM-MECH-UNIT-000012; source_construction=US-AM-ATOM-CAND-000012; amendment=12; section=; child=14/15."
"US-CM-000260","US-AM-ATOM-000045","F3","The Constitution establishes this scoped power, duty, qualification, or procedural rule: But no person constitutionally ineligible to the office of President shall be eligible to that of Vice-President of the United States.","The scoped power, duty, qualification, or procedure is not established outside the conditions and limits stated by this source.","UNITED-STATES/VICE-PRESIDENT/ELIGIBILITY","UNASSESSED","UNASSESSED","Amendment source-derived mechanism; parent context required; generation_unit=US-AM-MECH-UNIT-000012; source_construction=US-AM-ATOM-CAND-000012; amendment=12; section=; child=15/15."
"US-CM-000261","US-AM-ATOM-000046","F5","The Constitution establishes this prohibition, right-protection, or negative constraint: Neither slavery","An action or effect contrary to the source-defined prohibition, protected right, or negative constraint is not constitutionally established under this mechanism.","UNITED-STATES/SLAVERY/PROHIBITION","UNASSESSED","UNASSESSED","Amendment source-derived mechanism; parent context required; generation_unit=US-AM-MECH-UNIT-000013; source_construction=US-AM-ATOM-CAND-000013; amendment=13; section=1; child=1/2."
"US-CM-000262","US-AM-ATOM-000047","F5","The Constitution establishes this prohibition, right-protection, or negative constraint: nor involuntary servitude, except as a punishment for crime whereof the party shall have been duly convicted, shall exist within the United States, or any place subject to their jurisdiction.","An action or effect contrary to the source-defined prohibition, protected right, or negative constraint is not constitutionally established under this mechanism.","UNITED-STATES/INVOLUNTARY-SERVITUDE/PROHIBITION-EXCEPTION","UNASSESSED","UNASSESSED","Amendment source-derived mechanism; parent context required; generation_unit=US-AM-MECH-UNIT-000013; source_construction=US-AM-ATOM-CAND-000013; amendment=13; section=1; child=2/2."
"US-CM-000263","US-AM-ATOM-000048","F3","The Constitution establishes this scoped power, duty, qualification, or procedural rule: Congress shall have power to enforce this article by appropriate legislation.","The scoped power, duty, qualification, or procedure is not established outside the conditions and limits stated by this source.","UNITED-STATES/CONGRESS/AMENDMENT-13/ENFORCEMENT","UNASSESSED","UNASSESSED","Amendment source-derived mechanism; context independent; generation_unit=US-AM-MECH-UNIT-000014; source_construction=US-AM-ATOM-CAND-000014; amendment=13; section=2; child=1/1."
"US-CM-000264","US-AM-ATOM-000049","F6","The Constitution establishes this jurisdictional, federalism, status, or allocation boundary: All persons born or naturalized in the United States, and subject to the jurisdiction thereof, are citizens of the United States and of the State wherein they reside.","The constitutional effect is not established outside the source-defined jurisdiction, status, allocation, or federalism boundary.","UNITED-STATES/CITIZENSHIP/BIRTH-NATURALIZATION","UNASSESSED","UNASSESSED","Amendment source-derived mechanism; parent context required; generation_unit=US-AM-MECH-UNIT-000015; source_construction=US-AM-ATOM-CAND-000015; amendment=14; section=1; child=1/4."
"US-CM-000265","US-AM-ATOM-000050","F5","The Constitution establishes this prohibition, right-protection, or negative constraint: No State shall make or enforce any law which shall abridge the privileges or immunities of citizens of the United States","An action or effect contrary to the source-defined prohibition, protected right, or negative constraint is not constitutionally established under this mechanism.","UNITED-STATES/STATES/PRIVILEGES-IMMUNITIES","UNASSESSED","UNASSESSED","Amendment source-derived mechanism; parent context required; generation_unit=US-AM-MECH-UNIT-000015; source_construction=US-AM-ATOM-CAND-000015; amendment=14; section=1; child=2/4."
"US-CM-000266","US-AM-ATOM-000051","F5","The Constitution establishes this prohibition, right-protection, or negative constraint: nor shall any State deprive any person of life, liberty, or property, without due process of law","An action or effect contrary to the source-defined prohibition, protected right, or negative constraint is not constitutionally established under this mechanism.","UNITED-STATES/STATES/DUE-PROCESS","UNASSESSED","UNASSESSED","Amendment source-derived mechanism; parent context required; generation_unit=US-AM-MECH-UNIT-000015; source_construction=US-AM-ATOM-CAND-000015; amendment=14; section=1; child=3/4."
"US-CM-000267","US-AM-ATOM-000052","F5","The Constitution establishes this prohibition, right-protection, or negative constraint: nor deny to any person within its jurisdiction the equal protection of the laws.","An action or effect contrary to the source-defined prohibition, protected right, or negative constraint is not constitutionally established under this mechanism.","UNITED-STATES/STATES/EQUAL-PROTECTION","UNASSESSED","UNASSESSED","Amendment source-derived mechanism; parent context required; generation_unit=US-AM-MECH-UNIT-000015; source_construction=US-AM-ATOM-CAND-000015; amendment=14; section=1; child=4/4."
"US-CM-000268","US-AM-ATOM-000053","F6","The Constitution establishes this jurisdictional, federalism, status, or allocation boundary: Representatives shall be apportioned among the several States according to their respective numbers, counting the whole number of persons in each State, excluding Indians not taxed.","The constitutional effect is not established outside the source-defined jurisdiction, status, allocation, or federalism boundary.","UNITED-STATES/STATES/REPRESENTATION/APPORTIONMENT","UNASSESSED","UNASSESSED","Amendment source-derived mechanism; parent context required; generation_unit=US-AM-MECH-UNIT-000016; source_construction=US-AM-ATOM-CAND-000016; amendment=14; section=2; child=1/2."
"US-CM-000269","US-AM-ATOM-000054","F6","The Constitution establishes this jurisdictional, federalism, status, or allocation boundary: But when the right to vote at any election for the choice of electors for President and Vice-President of the United States, Representatives in Congress, the Executive and Judicial officers of a State, or the members of the Legislature thereof, is denied to any of the male inhabitants of such State, being twenty-one years of age,* and citizens of the United States, or in any way abridged, except for participation in rebellion, or other crime, the basis of representation therein shall be reduced in the proportion which the number of such male citizens shall bear to the whole number of male citizens twenty-one years of age in such State.","The constitutional effect is not established outside the source-defined jurisdiction, status, allocation, or federalism boundary.","UNITED-STATES/STATES/REPRESENTATION/VOTING-ABRIDGMENT-REDUCTION","UNASSESSED","UNASSESSED","Amendment source-derived mechanism; parent context required; generation_unit=US-AM-MECH-UNIT-000016; source_construction=US-AM-ATOM-CAND-000016; amendment=14; section=2; child=2/2."
"US-CM-000270","US-AM-ATOM-000055","F5","The Constitution establishes this prohibition, right-protection, or negative constraint: No person shall be a Senator or Representative in Congress, or elector of President and Vice-President, or hold any office, civil or military, under the United States, or under any State, who, having previously taken an oath, as a member of Congress, or as an officer of the United States, or as a member of any State legislature, or as an executive or judicial officer of any State, to support the Constitution of the United States, shall have engaged in insurrection or rebellion against the same, or given aid or comfort to the enemies thereof.","An action or effect contrary to the source-defined prohibition, protected right, or negative constraint is not constitutionally established under this mechanism.","UNITED-STATES/OFFICE/INSURRECTION-DISABILITY","UNASSESSED","UNASSESSED","Amendment source-derived mechanism; parent context required; generation_unit=US-AM-MECH-UNIT-000017; source_construction=US-AM-ATOM-CAND-000017; amendment=14; section=3; child=1/2."
"US-CM-000271","US-AM-ATOM-000056","F4","The Constitution establishes this concurrence, quorum, majority, or threshold rule: But Congress may by a vote of two-thirds of each House, remove such disability.","The constitutional effect is not established unless the source-defined concurrence, quorum, majority, or threshold condition is satisfied.","UNITED-STATES/CONGRESS/INSURRECTION-DISABILITY/REMOVAL","UNASSESSED","UNASSESSED","Amendment source-derived mechanism; parent context required; generation_unit=US-AM-MECH-UNIT-000017; source_construction=US-AM-ATOM-CAND-000017; amendment=14; section=3; child=2/2."
"US-CM-000272","US-AM-ATOM-000057","F5","The Constitution establishes this prohibition, right-protection, or negative constraint: The validity of the public debt of the United States, authorized by law, including debts incurred for payment of pensions and bounties for services in suppressing insurrection or rebellion, shall not be questioned.","An action or effect contrary to the source-defined prohibition, protected right, or negative constraint is not constitutionally established under this mechanism.","UNITED-STATES/PUBLIC-DEBT/VALIDITY","UNASSESSED","UNASSESSED","Amendment source-derived mechanism; parent context required; generation_unit=US-AM-MECH-UNIT-000018; source_construction=US-AM-ATOM-CAND-000018; amendment=14; section=4; child=1/3."
"US-CM-000273","US-AM-ATOM-000058","F5","The Constitution establishes this prohibition, right-protection, or negative constraint: But neither the United States nor any State shall assume or pay any debt or obligation incurred in aid of insurrection or rebellion against the United States","An action or effect contrary to the source-defined prohibition, protected right, or negative constraint is not constitutionally established under this mechanism.","UNITED-STATES/INSURRECTION-DEBT/PAYMENT-PROHIBITION","UNASSESSED","UNASSESSED","Amendment source-derived mechanism; parent context required; generation_unit=US-AM-MECH-UNIT-000018; source_construction=US-AM-ATOM-CAND-000018; amendment=14; section=4; child=2/3."
"US-CM-000274","US-AM-ATOM-000059","F5","The Constitution establishes this prohibition, right-protection, or negative constraint: or any claim for the loss or emancipation of any slave; but all such debts, obligations and claims shall be held illegal and void.","An action or effect contrary to the source-defined prohibition, protected right, or negative constraint is not constitutionally established under this mechanism.","UNITED-STATES/SLAVE-LOSS-CLAIMS/INVALIDITY","UNASSESSED","UNASSESSED","Amendment source-derived mechanism; parent context required; generation_unit=US-AM-MECH-UNIT-000018; source_construction=US-AM-ATOM-CAND-000018; amendment=14; section=4; child=3/3."
"US-CM-000275","US-AM-ATOM-000060","F3","The Constitution establishes this scoped power, duty, qualification, or procedural rule: The Congress shall have power to enforce, by appropriate legislation, the provisions of this article.","The scoped power, duty, qualification, or procedure is not established outside the conditions and limits stated by this source.","UNITED-STATES/CONGRESS/AMENDMENT-14/ENFORCEMENT","UNASSESSED","UNASSESSED","Amendment source-derived mechanism; context independent; generation_unit=US-AM-MECH-UNIT-000019; source_construction=US-AM-ATOM-CAND-000019; amendment=14; section=5; child=1/1."
"US-CM-000276","US-AM-ATOM-000061","F5","The Constitution establishes this prohibition, right-protection, or negative constraint: The right of citizens of the United States to vote shall not be denied or abridged by the United States or by any State on account of race, color, or previous condition of servitude--","An action or effect contrary to the source-defined prohibition, protected right, or negative constraint is not constitutionally established under this mechanism.","UNITED-STATES/VOTING/RACE-COLOR-SERVITUDE","UNASSESSED","UNASSESSED","Amendment source-derived mechanism; context independent; generation_unit=US-AM-MECH-UNIT-000020; source_construction=US-AM-ATOM-CAND-000020; amendment=15; section=1; child=1/1."
"US-CM-000277","US-AM-ATOM-000062","F3","The Constitution establishes this scoped power, duty, qualification, or procedural rule: The Congress shall have power to enforce this article by appropriate legislation.","The scoped power, duty, qualification, or procedure is not established outside the conditions and limits stated by this source.","UNITED-STATES/CONGRESS/AMENDMENT-15/ENFORCEMENT","UNASSESSED","UNASSESSED","Amendment source-derived mechanism; context independent; generation_unit=US-AM-MECH-UNIT-000021; source_construction=US-AM-ATOM-CAND-000021; amendment=15; section=2; child=1/1."
"US-CM-000278","US-AM-ATOM-000063","F3","The Constitution establishes this scoped power, duty, qualification, or procedural rule: The Congress shall have power to lay and collect taxes on incomes, from whatever source derived, without apportionment among the several States, and without regard to any census or enumeration.","The scoped power, duty, qualification, or procedure is not established outside the conditions and limits stated by this source.","UNITED-STATES/CONGRESS/INCOME-TAX","UNASSESSED","UNASSESSED","Amendment source-derived mechanism; context independent; generation_unit=US-AM-MECH-UNIT-000022; source_construction=US-AM-ATOM-CAND-000022; amendment=16; section=; child=1/1."
"US-CM-000279","US-AM-ATOM-000064","F2","The Constitution establishes this institutional structure or separation rule: The Senate of the United States shall be composed of two Senators from each State","Institutional structure or allocation is not established where the source-defined composition, separation, or role boundary is not satisfied.","UNITED-STATES/SENATE/STATE-REPRESENTATION","UNASSESSED","UNASSESSED","Amendment source-derived mechanism; parent context required; generation_unit=US-AM-MECH-UNIT-000023; source_construction=US-AM-ATOM-CAND-000023; amendment=17; section=; child=1/5."
"US-CM-000280","US-AM-ATOM-000065","F1","The Constitution establishes this authority, succession, or office-transition rule: elected by the people thereof","Authority, succession, or office effect is not established outside the actor, trigger, scope, or transition stated by this source.","UNITED-STATES/SENATE/POPULAR-ELECTION","UNASSESSED","UNASSESSED","Amendment source-derived mechanism; parent context required; generation_unit=US-AM-MECH-UNIT-000023; source_construction=US-AM-ATOM-CAND-000023; amendment=17; section=; child=2/5."
"US-CM-000281","US-AM-ATOM-000066","F3","The Constitution establishes this scoped power, duty, qualification, or procedural rule: for six years","The scoped power, duty, qualification, or procedure is not established outside the conditions and limits stated by this source.","UNITED-STATES/SENATE/TERM","UNASSESSED","UNASSESSED","Amendment source-derived mechanism; parent context required; generation_unit=US-AM-MECH-UNIT-000023; source_construction=US-AM-ATOM-CAND-000023; amendment=17; section=; child=3/5."
"US-CM-000282","US-AM-ATOM-000067","F2","The Constitution establishes this institutional structure or separation rule: and each Senator shall have one vote","Institutional structure or allocation is not established where the source-defined composition, separation, or role boundary is not satisfied.","UNITED-STATES/SENATE/MEMBER-VOTE","UNASSESSED","UNASSESSED","Amendment source-derived mechanism; parent context required; generation_unit=US-AM-MECH-UNIT-000023; source_construction=US-AM-ATOM-CAND-000023; amendment=17; section=; child=4/5."
"US-CM-000283","US-AM-ATOM-000068","F3","The Constitution establishes this scoped power, duty, qualification, or procedural rule: The electors in each State shall have the qualifications requisite for electors of the most numerous branch of the State legislatures.","The scoped power, duty, qualification, or procedure is not established outside the conditions and limits stated by this source.","UNITED-STATES/SENATE/ELECTOR-QUALIFICATIONS","UNASSESSED","UNASSESSED","Amendment source-derived mechanism; parent context required; generation_unit=US-AM-MECH-UNIT-000023; source_construction=US-AM-ATOM-CAND-000023; amendment=17; section=; child=5/5."
"US-CM-000284","US-AM-ATOM-000069","F1","The Constitution establishes this authority, succession, or office-transition rule: When vacancies happen in the representation of any State in the Senate, the executive authority of such State shall issue writs of election to fill such vacancies","Authority, succession, or office effect is not established outside the actor, trigger, scope, or transition stated by this source.","UNITED-STATES/SENATE/VACANCIES/ELECTION-WRITS","UNASSESSED","UNASSESSED","Amendment source-derived mechanism; parent context required; generation_unit=US-AM-MECH-UNIT-000024; source_construction=US-AM-ATOM-CAND-000024; amendment=17; section=; child=1/2."
"US-CM-000285","US-AM-ATOM-000070","F3","The Constitution establishes this scoped power, duty, qualification, or procedural rule: Provided, That the legislature of any State may empower the executive thereof to make temporary appointments until the people fill the vacancies by election as the legislature may direct.","The scoped power, duty, qualification, or procedure is not established outside the conditions and limits stated by this source.","UNITED-STATES/SENATE/VACANCIES/TEMPORARY-APPOINTMENTS","UNASSESSED","UNASSESSED","Amendment source-derived mechanism; parent context required; generation_unit=US-AM-MECH-UNIT-000024; source_construction=US-AM-ATOM-CAND-000024; amendment=17; section=; child=2/2."
"US-CM-000286","US-AM-ATOM-000071","F7","The Constitution establishes this controlled constitutional transition, effectiveness, repeal, or temporal rule: This amendment shall not be so construed as to affect the election or term of any Senator chosen before it becomes valid as part of the Constitution.","The constitutional transition, effectiveness, repeal, or temporal effect is not established outside the source-defined trigger, timing, or transition condition.","UNITED-STATES/SENATE/AMENDMENT-17/TRANSITION","UNASSESSED","UNASSESSED","Amendment source-derived mechanism; context independent; generation_unit=US-AM-MECH-UNIT-000025; source_construction=US-AM-ATOM-CAND-000025; amendment=17; section=; child=1/1."
"US-CM-000287","US-AM-ATOM-000072","F5","The Constitution establishes this prohibition, right-protection, or negative constraint: After one year from the ratification of this article the manufacture","An action or effect contrary to the source-defined prohibition, protected right, or negative constraint is not constitutionally established under this mechanism.","UNITED-STATES/INTOXICATING-LIQUOR/MANUFACTURE","UNASSESSED","UNASSESSED","Amendment source-derived mechanism; parent context required; generation_unit=US-AM-MECH-UNIT-000026; source_construction=US-AM-ATOM-CAND-000026; amendment=18; section=1; child=1/5."
"US-CM-000288","US-AM-ATOM-000073","F5","The Constitution establishes this prohibition, right-protection, or negative constraint: sale","An action or effect contrary to the source-defined prohibition, protected right, or negative constraint is not constitutionally established under this mechanism.","UNITED-STATES/INTOXICATING-LIQUOR/SALE","UNASSESSED","UNASSESSED","Amendment source-derived mechanism; parent context required; generation_unit=US-AM-MECH-UNIT-000026; source_construction=US-AM-ATOM-CAND-000026; amendment=18; section=1; child=2/5."
"US-CM-000289","US-AM-ATOM-000074","F5","The Constitution establishes this prohibition, right-protection, or negative constraint: or transportation of intoxicating liquors within","An action or effect contrary to the source-defined prohibition, protected right, or negative constraint is not constitutionally established under this mechanism.","UNITED-STATES/INTOXICATING-LIQUOR/TRANSPORTATION","UNASSESSED","UNASSESSED","Amendment source-derived mechanism; parent context required; generation_unit=US-AM-MECH-UNIT-000026; source_construction=US-AM-ATOM-CAND-000026; amendment=18; section=1; child=3/5."
"US-CM-000290","US-AM-ATOM-000075","F5","The Constitution establishes this prohibition, right-protection, or negative constraint: the importation thereof into","An action or effect contrary to the source-defined prohibition, protected right, or negative constraint is not constitutionally established under this mechanism.","UNITED-STATES/INTOXICATING-LIQUOR/IMPORTATION","UNASSESSED","UNASSESSED","Amendment source-derived mechanism; parent context required; generation_unit=US-AM-MECH-UNIT-000026; source_construction=US-AM-ATOM-CAND-000026; amendment=18; section=1; child=4/5."
"US-CM-000291","US-AM-ATOM-000076","F5","The Constitution establishes this prohibition, right-protection, or negative constraint: or the exportation thereof from the United States and all territory subject to the jurisdiction thereof for beverage purposes is hereby prohibited.","An action or effect contrary to the source-defined prohibition, protected right, or negative constraint is not constitutionally established under this mechanism.","UNITED-STATES/INTOXICATING-LIQUOR/EXPORTATION","UNASSESSED","UNASSESSED","Amendment source-derived mechanism; parent context required; generation_unit=US-AM-MECH-UNIT-000026; source_construction=US-AM-ATOM-CAND-000026; amendment=18; section=1; child=5/5."
"US-CM-000292","US-AM-ATOM-000077","F3","The Constitution establishes this scoped power, duty, qualification, or procedural rule: The Congress and the several States shall have concurrent power to enforce this article by appropriate legislation.","The scoped power, duty, qualification, or procedure is not established outside the conditions and limits stated by this source.","UNITED-STATES/FEDERAL-STATE/AMENDMENT-18/ENFORCEMENT","UNASSESSED","UNASSESSED","Amendment source-derived mechanism; context independent; generation_unit=US-AM-MECH-UNIT-000027; source_construction=US-AM-ATOM-CAND-000027; amendment=18; section=2; child=1/1."
"US-CM-000293","US-AM-ATOM-000078","F7","The Constitution establishes this controlled constitutional transition, effectiveness, repeal, or temporal rule: This article shall be inoperative unless it shall have been ratified as an amendment to the Constitution by the legislatures of the several States, as provided in the Constitution, within seven years from the date of the submission hereof to the States by the Congress.","The constitutional transition, effectiveness, repeal, or temporal effect is not established outside the source-defined trigger, timing, or transition condition.","UNITED-STATES/CONSTITUTION/AMENDMENT-18/RATIFICATION-TIME-LIMIT","UNASSESSED","UNASSESSED","Amendment source-derived mechanism; context independent; generation_unit=US-AM-MECH-UNIT-000028; source_construction=US-AM-ATOM-CAND-000028; amendment=18; section=3; child=1/1."
"US-CM-000294","US-AM-ATOM-000079","F5","The Constitution establishes this prohibition, right-protection, or negative constraint: The right of citizens of the United States to vote shall not be denied or abridged by the United States or by any State on account of sex.","An action or effect contrary to the source-defined prohibition, protected right, or negative constraint is not constitutionally established under this mechanism.","UNITED-STATES/VOTING/SEX","UNASSESSED","UNASSESSED","Amendment source-derived mechanism; context independent; generation_unit=US-AM-MECH-UNIT-000029; source_construction=US-AM-ATOM-CAND-000029; amendment=19; section=; child=1/1."
"US-CM-000295","US-AM-ATOM-000080","F3","The Constitution establishes this scoped power, duty, qualification, or procedural rule: Congress shall have power to enforce this article by appropriate legislation.","The scoped power, duty, qualification, or procedure is not established outside the conditions and limits stated by this source.","UNITED-STATES/CONGRESS/AMENDMENT-19/ENFORCEMENT","UNASSESSED","UNASSESSED","Amendment source-derived mechanism; context independent; generation_unit=US-AM-MECH-UNIT-000030; source_construction=US-AM-ATOM-CAND-000030; amendment=19; section=; child=1/1."
"US-CM-000296","US-AM-ATOM-000081","F7","The Constitution establishes this controlled constitutional transition, effectiveness, repeal, or temporal rule: The terms of the President and Vice President shall end at noon on the 20th day of January","The constitutional transition, effectiveness, repeal, or temporal effect is not established outside the source-defined trigger, timing, or transition condition.","UNITED-STATES/PRESIDENCY/TERM-END","UNASSESSED","UNASSESSED","Amendment source-derived mechanism; parent context required; generation_unit=US-AM-MECH-UNIT-000031; source_construction=US-AM-ATOM-CAND-000031; amendment=20; section=1; child=1/3."
"US-CM-000297","US-AM-ATOM-000082","F7","The Constitution establishes this controlled constitutional transition, effectiveness, repeal, or temporal rule: and the terms of Senators and Representatives at noon on the 3d day of January, of the years in which such terms would have ended if this article had not been ratified","The constitutional transition, effectiveness, repeal, or temporal effect is not established outside the source-defined trigger, timing, or transition condition.","UNITED-STATES/CONGRESS/TERM-END","UNASSESSED","UNASSESSED","Amendment source-derived mechanism; parent context required; generation_unit=US-AM-MECH-UNIT-000031; source_construction=US-AM-ATOM-CAND-000031; amendment=20; section=1; child=2/3."
"US-CM-000298","US-AM-ATOM-000083","F7","The Constitution establishes this controlled constitutional transition, effectiveness, repeal, or temporal rule: and the terms of their successors shall then begin.","The constitutional transition, effectiveness, repeal, or temporal effect is not established outside the source-defined trigger, timing, or transition condition.","UNITED-STATES/FEDERAL-OFFICE/SUCCESSOR-TERM-BEGIN","UNASSESSED","UNASSESSED","Amendment source-derived mechanism; parent context required; generation_unit=US-AM-MECH-UNIT-000031; source_construction=US-AM-ATOM-CAND-000031; amendment=20; section=1; child=3/3."
"US-CM-000299","US-AM-ATOM-000084","F3","The Constitution establishes this scoped power, duty, qualification, or procedural rule: The Congress shall assemble at least once in every year","The scoped power, duty, qualification, or procedure is not established outside the conditions and limits stated by this source.","UNITED-STATES/CONGRESS/ANNUAL-ASSEMBLY","UNASSESSED","UNASSESSED","Amendment source-derived mechanism; parent context required; generation_unit=US-AM-MECH-UNIT-000032; source_construction=US-AM-ATOM-CAND-000032; amendment=20; section=2; child=1/2."
"US-CM-000300","US-AM-ATOM-000085","F3","The Constitution establishes this scoped power, duty, qualification, or procedural rule: and such meeting shall begin at noon on the 3d day of January, unless they shall by law appoint a different day.","The scoped power, duty, qualification, or procedure is not established outside the conditions and limits stated by this source.","UNITED-STATES/CONGRESS/ASSEMBLY-DATE","UNASSESSED","UNASSESSED","Amendment source-derived mechanism; parent context required; generation_unit=US-AM-MECH-UNIT-000032; source_construction=US-AM-ATOM-CAND-000032; amendment=20; section=2; child=2/2."
"US-CM-000301","US-AM-ATOM-000086","F1","The Constitution establishes this authority, succession, or office-transition rule: If, at the time fixed for the beginning of the term of the President, the President elect shall have died, the Vice President elect shall become President","Authority, succession, or office effect is not established outside the actor, trigger, scope, or transition stated by this source.","UNITED-STATES/PRESIDENCY/SUCCESSION/PRESIDENT-ELECT-DEATH","UNASSESSED","UNASSESSED","Amendment source-derived mechanism; parent context required; generation_unit=US-AM-MECH-UNIT-000033; source_construction=US-AM-ATOM-CAND-000033; amendment=20; section=3; child=1/4."
"US-CM-000302","US-AM-ATOM-000087","F1","The Constitution establishes this authority, succession, or office-transition rule: If a President shall not have been chosen before the time fixed for the beginning of his term, or if the President elect shall have failed to qualify, then the Vice President elect shall act as President until a President shall have qualified","Authority, succession, or office effect is not established outside the actor, trigger, scope, or transition stated by this source.","UNITED-STATES/PRESIDENCY/SUCCESSION/PRESIDENT-ELECT-NOT-QUALIFIED","UNASSESSED","UNASSESSED","Amendment source-derived mechanism; parent context required; generation_unit=US-AM-MECH-UNIT-000033; source_construction=US-AM-ATOM-CAND-000033; amendment=20; section=3; child=2/4."
"US-CM-000303","US-AM-ATOM-000088","F3","The Constitution establishes this scoped power, duty, qualification, or procedural rule: and the Congress may by law provide for the case wherein neither a President elect nor a Vice President elect shall have qualified, declaring who shall then act as President, or the manner in which one who is to act shall be selected","The scoped power, duty, qualification, or procedure is not established outside the conditions and limits stated by this source.","UNITED-STATES/CONGRESS/PRESIDENTIAL-SUCCESSION/NEITHER-QUALIFIED","UNASSESSED","UNASSESSED","Amendment source-derived mechanism; parent context required; generation_unit=US-AM-MECH-UNIT-000033; source_construction=US-AM-ATOM-CAND-000033; amendment=20; section=3; child=3/4."
"US-CM-000304","US-AM-ATOM-000089","F1","The Constitution establishes this authority, succession, or office-transition rule: and such person shall act accordingly until a President or Vice President shall have qualified.","Authority, succession, or office effect is not established outside the actor, trigger, scope, or transition stated by this source.","UNITED-STATES/PRESIDENCY/SUCCESSION/ACTING-PRESIDENT-DURATION","UNASSESSED","UNASSESSED","Amendment source-derived mechanism; parent context required; generation_unit=US-AM-MECH-UNIT-000033; source_construction=US-AM-ATOM-CAND-000033; amendment=20; section=3; child=4/4."
"US-CM-000305","US-AM-ATOM-000090","F3","The Constitution establishes this scoped power, duty, qualification, or procedural rule: The Congress may by law provide for the case of the death of any of the persons from whom the House of Representatives may choose a President whenever the right of choice shall have devolved upon them","The scoped power, duty, qualification, or procedure is not established outside the conditions and limits stated by this source.","UNITED-STATES/CONGRESS/CONTINGENT-PRESIDENT/DEATH-PROVISION","UNASSESSED","UNASSESSED","Amendment source-derived mechanism; parent context required; generation_unit=US-AM-MECH-UNIT-000034; source_construction=US-AM-ATOM-CAND-000034; amendment=20; section=4; child=1/2."
"US-CM-000306","US-AM-ATOM-000091","F3","The Constitution establishes this scoped power, duty, qualification, or procedural rule: and for the case of the death of any of the persons from whom the Senate may choose a Vice President whenever the right of choice shall have devolved upon them.","The scoped power, duty, qualification, or procedure is not established outside the conditions and limits stated by this source.","UNITED-STATES/CONGRESS/CONTINGENT-VICE-PRESIDENT/DEATH-PROVISION","UNASSESSED","UNASSESSED","Amendment source-derived mechanism; parent context required; generation_unit=US-AM-MECH-UNIT-000034; source_construction=US-AM-ATOM-CAND-000034; amendment=20; section=4; child=2/2."
"US-CM-000307","US-AM-ATOM-000092","F7","The Constitution establishes this controlled constitutional transition, effectiveness, repeal, or temporal rule: Sections 1 and 2 shall take effect on the 15th day of October following the ratification of this article.","The constitutional transition, effectiveness, repeal, or temporal effect is not established outside the source-defined trigger, timing, or transition condition.","UNITED-STATES/AMENDMENT-20/EFFECTIVE-DATE","UNASSESSED","UNASSESSED","Amendment source-derived mechanism; context independent; generation_unit=US-AM-MECH-UNIT-000035; source_construction=US-AM-ATOM-CAND-000035; amendment=20; section=5; child=1/1."
"US-CM-000308","US-AM-ATOM-000093","F7","The Constitution establishes this controlled constitutional transition, effectiveness, repeal, or temporal rule: This article shall be inoperative unless it shall have been ratified as an amendment to the Constitution by the legislatures of three-fourths of the several States within seven years from the date of its submission.","The constitutional transition, effectiveness, repeal, or temporal effect is not established outside the source-defined trigger, timing, or transition condition.","UNITED-STATES/CONSTITUTION/AMENDMENT-20/RATIFICATION-TIME-LIMIT","UNASSESSED","UNASSESSED","Amendment source-derived mechanism; context independent; generation_unit=US-AM-MECH-UNIT-000036; source_construction=US-AM-ATOM-CAND-000036; amendment=20; section=6; child=1/1."
"US-CM-000309","US-AM-ATOM-000094","F7","The Constitution establishes this controlled constitutional transition, effectiveness, repeal, or temporal rule: The eighteenth article of amendment to the Constitution of the United States is hereby repealed.","The constitutional transition, effectiveness, repeal, or temporal effect is not established outside the source-defined trigger, timing, or transition condition.","UNITED-STATES/CONSTITUTION/AMENDMENT-18/REPEAL","UNASSESSED","UNASSESSED","Amendment source-derived mechanism; context independent; generation_unit=US-AM-MECH-UNIT-000037; source_construction=US-AM-ATOM-CAND-000037; amendment=21; section=1; child=1/1."
"US-CM-000310","US-AM-ATOM-000095","F5","The Constitution establishes this prohibition, right-protection, or negative constraint: The transportation or importation into any State, Territory, or possession of the United States for delivery or use therein of intoxicating liquors, in violation of the laws thereof, is hereby prohibited.","An action or effect contrary to the source-defined prohibition, protected right, or negative constraint is not constitutionally established under this mechanism.","UNITED-STATES/STATES/INTOXICATING-LIQUOR/STATE-LAW","UNASSESSED","UNASSESSED","Amendment source-derived mechanism; context independent; generation_unit=US-AM-MECH-UNIT-000038; source_construction=US-AM-ATOM-CAND-000038; amendment=21; section=2; child=1/1."
"US-CM-000311","US-AM-ATOM-000096","F7","The Constitution establishes this controlled constitutional transition, effectiveness, repeal, or temporal rule: This article shall be inoperative unless it shall have been ratified as an amendment to the Constitution by conventions in the several States, as provided in the Constitution, within seven years from the date of the submission hereof to the States by the Congress.","The constitutional transition, effectiveness, repeal, or temporal effect is not established outside the source-defined trigger, timing, or transition condition.","UNITED-STATES/CONSTITUTION/AMENDMENT-21/RATIFICATION-TIME-LIMIT","UNASSESSED","UNASSESSED","Amendment source-derived mechanism; context independent; generation_unit=US-AM-MECH-UNIT-000039; source_construction=US-AM-ATOM-CAND-000039; amendment=21; section=3; child=1/1."
"US-CM-000312","US-AM-ATOM-000097","F5","The Constitution establishes this prohibition, right-protection, or negative constraint: No person shall be elected to the office of the President more than twice","An action or effect contrary to the source-defined prohibition, protected right, or negative constraint is not constitutionally established under this mechanism.","UNITED-STATES/PRESIDENCY/ELECTION/TERM-LIMIT","UNASSESSED","UNASSESSED","Amendment source-derived mechanism; parent context required; generation_unit=US-AM-MECH-UNIT-000040; source_construction=US-AM-ATOM-CAND-000040; amendment=22; section=1; child=1/4."
"US-CM-000313","US-AM-ATOM-000098","F5","The Constitution establishes this prohibition, right-protection, or negative constraint: and no person who has held the office of President, or acted as President, for more than two years of a term to which some other person was elected President shall be elected to the office of the President more than once","An action or effect contrary to the source-defined prohibition, protected right, or negative constraint is not constitutionally established under this mechanism.","UNITED-STATES/PRESIDENCY/ELECTION/PARTIAL-TERM-LIMIT","UNASSESSED","UNASSESSED","Amendment source-derived mechanism; parent context required; generation_unit=US-AM-MECH-UNIT-000040; source_construction=US-AM-ATOM-CAND-000040; amendment=22; section=1; child=2/4."
"US-CM-000314","US-AM-ATOM-000099","F7","The Constitution establishes this controlled constitutional transition, effectiveness, repeal, or temporal rule: But this Article shall not apply to any person holding the office of President when this Article was proposed by the Congress","The constitutional transition, effectiveness, repeal, or temporal effect is not established outside the source-defined trigger, timing, or transition condition.","UNITED-STATES/PRESIDENCY/TERM-LIMIT/PROPOSAL-TRANSITION","UNASSESSED","UNASSESSED","Amendment source-derived mechanism; parent context required; generation_unit=US-AM-MECH-UNIT-000040; source_construction=US-AM-ATOM-CAND-000040; amendment=22; section=1; child=3/4."
"US-CM-000315","US-AM-ATOM-000100","F7","The Constitution establishes this controlled constitutional transition, effectiveness, repeal, or temporal rule: and shall not prevent any person who may be holding the office of President, or acting as President, during the term within which this Article becomes operative from holding the office of President or acting as President during the remainder of such term.","The constitutional transition, effectiveness, repeal, or temporal effect is not established outside the source-defined trigger, timing, or transition condition.","UNITED-STATES/PRESIDENCY/TERM-LIMIT/OPERATIVE-TERM-TRANSITION","UNASSESSED","UNASSESSED","Amendment source-derived mechanism; parent context required; generation_unit=US-AM-MECH-UNIT-000040; source_construction=US-AM-ATOM-CAND-000040; amendment=22; section=1; child=4/4."
"US-CM-000316","US-AM-ATOM-000101","F7","The Constitution establishes this controlled constitutional transition, effectiveness, repeal, or temporal rule: This article shall be inoperative unless it shall have been ratified as an amendment to the Constitution by the legislatures of three-fourths of the several States within seven years from the date of its submission to the States by the Congress.","The constitutional transition, effectiveness, repeal, or temporal effect is not established outside the source-defined trigger, timing, or transition condition.","UNITED-STATES/CONSTITUTION/AMENDMENT-22/RATIFICATION-TIME-LIMIT","UNASSESSED","UNASSESSED","Amendment source-derived mechanism; context independent; generation_unit=US-AM-MECH-UNIT-000041; source_construction=US-AM-ATOM-CAND-000041; amendment=22; section=2; child=1/1."
"US-CM-000317","US-AM-ATOM-000102","F1","The Constitution establishes this authority, succession, or office-transition rule: The District constituting the seat of Government of the United States shall appoint in such manner as the Congress may direct: A number of electors of President and Vice President equal to the whole number of Senators and Representatives in Congress to which the District would be entitled if it were a State, but in no event more than the least populous State","Authority, succession, or office effect is not established outside the actor, trigger, scope, or transition stated by this source.","UNITED-STATES/DISTRICT-OF-COLUMBIA/PRESIDENTIAL-ELECTORS/APPOINTMENT","UNASSESSED","UNASSESSED","Amendment source-derived mechanism; parent context required; generation_unit=US-AM-MECH-UNIT-000042; source_construction=US-AM-ATOM-CAND-000042|US-AM-ATOM-CAND-000043; amendment=23; section=1; child=1/3."
"US-CM-000318","US-AM-ATOM-000103","F6","The Constitution establishes this jurisdictional, federalism, status, or allocation boundary: they shall be in addition to those appointed by the States, but they shall be considered, for the purposes of the election of President and Vice President, to be electors appointed by a State","The constitutional effect is not established outside the source-defined jurisdiction, status, allocation, or federalism boundary.","UNITED-STATES/DISTRICT-OF-COLUMBIA/PRESIDENTIAL-ELECTORS/STATUS","UNASSESSED","UNASSESSED","Amendment source-derived mechanism; parent context required; generation_unit=US-AM-MECH-UNIT-000042; source_construction=US-AM-ATOM-CAND-000042|US-AM-ATOM-CAND-000043; amendment=23; section=1; child=2/3."
"US-CM-000319","US-AM-ATOM-000104","F3","The Constitution establishes this scoped power, duty, qualification, or procedural rule: and they shall meet in the District and perform such duties as provided by the twelfth article of amendment.","The scoped power, duty, qualification, or procedure is not established outside the conditions and limits stated by this source.","UNITED-STATES/DISTRICT-OF-COLUMBIA/PRESIDENTIAL-ELECTORS/DUTIES","UNASSESSED","UNASSESSED","Amendment source-derived mechanism; parent context required; generation_unit=US-AM-MECH-UNIT-000042; source_construction=US-AM-ATOM-CAND-000042|US-AM-ATOM-CAND-000043; amendment=23; section=1; child=3/3."
"US-CM-000320","US-AM-ATOM-000105","F3","The Constitution establishes this scoped power, duty, qualification, or procedural rule: The Congress shall have power to enforce this article by appropriate legislation.","The scoped power, duty, qualification, or procedure is not established outside the conditions and limits stated by this source.","UNITED-STATES/CONGRESS/AMENDMENT-23/ENFORCEMENT","UNASSESSED","UNASSESSED","Amendment source-derived mechanism; context independent; generation_unit=US-AM-MECH-UNIT-000043; source_construction=US-AM-ATOM-CAND-000044; amendment=23; section=2; child=1/1."
"US-CM-000321","US-AM-ATOM-000106","F5","The Constitution establishes this prohibition, right-protection, or negative constraint: The right of citizens of the United States to vote in any primary or other election for President or Vice President, for electors for President or Vice President, or for Senator or Representative in Congress, shall not be denied or abridged by the United States or any State by reason of failure to pay any poll tax or other tax.","An action or effect contrary to the source-defined prohibition, protected right, or negative constraint is not constitutionally established under this mechanism.","UNITED-STATES/VOTING/POLL-TAX","UNASSESSED","UNASSESSED","Amendment source-derived mechanism; context independent; generation_unit=US-AM-MECH-UNIT-000044; source_construction=US-AM-ATOM-CAND-000045; amendment=24; section=1; child=1/1."
"US-CM-000322","US-AM-ATOM-000107","F3","The Constitution establishes this scoped power, duty, qualification, or procedural rule: The Congress shall have power to enforce this article by appropriate legislation.","The scoped power, duty, qualification, or procedure is not established outside the conditions and limits stated by this source.","UNITED-STATES/CONGRESS/AMENDMENT-24/ENFORCEMENT","UNASSESSED","UNASSESSED","Amendment source-derived mechanism; context independent; generation_unit=US-AM-MECH-UNIT-000045; source_construction=US-AM-ATOM-CAND-000046; amendment=24; section=2; child=1/1."
"US-CM-000323","US-AM-ATOM-000108","F1","The Constitution establishes this authority, succession, or office-transition rule: In case of the removal of the President from office or of his death or resignation, the Vice President shall become President.","Authority, succession, or office effect is not established outside the actor, trigger, scope, or transition stated by this source.","UNITED-STATES/PRESIDENCY/SUCCESSION/REMOVAL-DEATH-RESIGNATION","UNASSESSED","UNASSESSED","Amendment source-derived mechanism; context independent; generation_unit=US-AM-MECH-UNIT-000046; source_construction=US-AM-ATOM-CAND-000047; amendment=25; section=1; child=1/1."
"US-CM-000324","US-AM-ATOM-000109","F1","The Constitution establishes this authority, succession, or office-transition rule: Whenever there is a vacancy in the office of the Vice President, the President shall nominate a Vice President","Authority, succession, or office effect is not established outside the actor, trigger, scope, or transition stated by this source.","UNITED-STATES/VICE-PRESIDENCY/VACANCY/NOMINATION","UNASSESSED","UNASSESSED","Amendment source-derived mechanism; parent context required; generation_unit=US-AM-MECH-UNIT-000047; source_construction=US-AM-ATOM-CAND-000048; amendment=25; section=2; child=1/2."
"US-CM-000325","US-AM-ATOM-000110","F4","The Constitution establishes this concurrence, quorum, majority, or threshold rule: who shall take office upon confirmation by a majority vote of both Houses of Congress.","The constitutional effect is not established unless the source-defined concurrence, quorum, majority, or threshold condition is satisfied.","UNITED-STATES/VICE-PRESIDENCY/VACANCY/CONFIRMATION","UNASSESSED","UNASSESSED","Amendment source-derived mechanism; parent context required; generation_unit=US-AM-MECH-UNIT-000047; source_construction=US-AM-ATOM-CAND-000048; amendment=25; section=2; child=2/2."
"US-CM-000326","US-AM-ATOM-000111","F1","The Constitution establishes this authority, succession, or office-transition rule: Whenever the President transmits to the President pro tempore of the Senate and the Speaker of the House of Representatives his written declaration that he is unable to discharge the powers and duties of his office, and until he transmits to them a written declaration to the contrary, such powers and duties shall be discharged by the Vice President as Acting President.","Authority, succession, or office effect is not established outside the actor, trigger, scope, or transition stated by this source.","UNITED-STATES/PRESIDENCY/INABILITY/SELF-DECLARATION","UNASSESSED","UNASSESSED","Amendment source-derived mechanism; context independent; generation_unit=US-AM-MECH-UNIT-000048; source_construction=US-AM-ATOM-CAND-000049; amendment=25; section=3; child=1/1."
"US-CM-000327","US-AM-ATOM-000112","F4","The Constitution establishes this concurrence, quorum, majority, or threshold rule: Whenever the Vice President and a majority of either the principal officers of the executive departments or of such other body as Congress may by law provide, transmit to the President pro tempore of the Senate and the Speaker of the House of Representatives their written declaration that the President is unable to discharge the powers and duties of his office, the Vice President shall immediately assume the powers and duties of the office as Acting President.","The constitutional effect is not established unless the source-defined concurrence, quorum, majority, or threshold condition is satisfied.","UNITED-STATES/PRESIDENCY/INABILITY/VICE-PRESIDENT-CABINET-DECLARATION","UNASSESSED","UNASSESSED","Amendment source-derived mechanism; context independent; generation_unit=US-AM-MECH-UNIT-000049; source_construction=US-AM-ATOM-CAND-000050; amendment=25; section=4; child=1/1."
"US-CM-000328","US-AM-ATOM-000113","F1","The Constitution establishes this authority, succession, or office-transition rule: Thereafter, when the President transmits to the President pro tempore of the Senate and the Speaker of the House of Representatives his written declaration that no inability exists, he shall resume the powers and duties of his office unless the Vice President and a majority of either the principal officers of the executive department or of such other body as Congress may by law provide, transmit within four days to the President pro tempore of the Senate and the Speaker of the House of Representatives their written declaration that the President is unable to discharge the powers and duties of his office","Authority, succession, or office effect is not established outside the actor, trigger, scope, or transition stated by this source.","UNITED-STATES/PRESIDENCY/INABILITY/RESUMPTION-COUNTERDECLARATION","UNASSESSED","UNASSESSED","Amendment source-derived mechanism; parent context required; generation_unit=US-AM-MECH-UNIT-000050; source_construction=US-AM-ATOM-CAND-000051; amendment=25; section=4; child=1/6."
"US-CM-000329","US-AM-ATOM-000114","F3","The Constitution establishes this scoped power, duty, qualification, or procedural rule: Thereupon Congress shall decide the issue","The scoped power, duty, qualification, or procedure is not established outside the conditions and limits stated by this source.","UNITED-STATES/CONGRESS/PRESIDENTIAL-INABILITY/DECISION","UNASSESSED","UNASSESSED","Amendment source-derived mechanism; parent context required; generation_unit=US-AM-MECH-UNIT-000050; source_construction=US-AM-ATOM-CAND-000051; amendment=25; section=4; child=2/6."
"US-CM-000330","US-AM-ATOM-000115","F3","The Constitution establishes this scoped power, duty, qualification, or procedural rule: assembling within forty-eight hours for that purpose if not in session","The scoped power, duty, qualification, or procedure is not established outside the conditions and limits stated by this source.","UNITED-STATES/CONGRESS/PRESIDENTIAL-INABILITY/ASSEMBLY-TIMING","UNASSESSED","UNASSESSED","Amendment source-derived mechanism; parent context required; generation_unit=US-AM-MECH-UNIT-000050; source_construction=US-AM-ATOM-CAND-000051; amendment=25; section=4; child=3/6."
"US-CM-000331","US-AM-ATOM-000116","F4","The Constitution establishes this concurrence, quorum, majority, or threshold rule: If the Congress, within twenty-one days after receipt of the latter written declaration, or, if Congress is not in session, within twenty-one days after Congress is required to assemble, determines by two-thirds vote of both Houses that the President is unable to discharge the powers and duties of his office","The constitutional effect is not established unless the source-defined concurrence, quorum, majority, or threshold condition is satisfied.","UNITED-STATES/CONGRESS/PRESIDENTIAL-INABILITY/TWO-THIRDS-DETERMINATION","UNASSESSED","UNASSESSED","Amendment source-derived mechanism; parent context required; generation_unit=US-AM-MECH-UNIT-000050; source_construction=US-AM-ATOM-CAND-000051; amendment=25; section=4; child=4/6."
"US-CM-000332","US-AM-ATOM-000117","F1","The Constitution establishes this authority, succession, or office-transition rule: the Vice President shall continue to discharge the same as Acting President","Authority, succession, or office effect is not established outside the actor, trigger, scope, or transition stated by this source.","UNITED-STATES/PRESIDENCY/INABILITY/ACTING-PRESIDENT-CONTINUATION","UNASSESSED","UNASSESSED","Amendment source-derived mechanism; parent context required; generation_unit=US-AM-MECH-UNIT-000050; source_construction=US-AM-ATOM-CAND-000051; amendment=25; section=4; child=5/6."
"US-CM-000333","US-AM-ATOM-000118","F1","The Constitution establishes this authority, succession, or office-transition rule: otherwise, the President shall resume the powers and duties of his office.","Authority, succession, or office effect is not established outside the actor, trigger, scope, or transition stated by this source.","UNITED-STATES/PRESIDENCY/INABILITY/PRESIDENTIAL-RESUMPTION","UNASSESSED","UNASSESSED","Amendment source-derived mechanism; parent context required; generation_unit=US-AM-MECH-UNIT-000050; source_construction=US-AM-ATOM-CAND-000051; amendment=25; section=4; child=6/6."
"US-CM-000334","US-AM-ATOM-000119","F5","The Constitution establishes this prohibition, right-protection, or negative constraint: The right of citizens of the United States, who are eighteen years of age or older, to vote shall not be denied or abridged by the United States or by any State on account of age.","An action or effect contrary to the source-defined prohibition, protected right, or negative constraint is not constitutionally established under this mechanism.","UNITED-STATES/VOTING/AGE-18","UNASSESSED","UNASSESSED","Amendment source-derived mechanism; context independent; generation_unit=US-AM-MECH-UNIT-000051; source_construction=US-AM-ATOM-CAND-000052; amendment=26; section=1; child=1/1."
"US-CM-000335","US-AM-ATOM-000120","F3","The Constitution establishes this scoped power, duty, qualification, or procedural rule: The Congress shall have power to enforce this article by appropriate legislation.","The scoped power, duty, qualification, or procedure is not established outside the conditions and limits stated by this source.","UNITED-STATES/CONGRESS/AMENDMENT-26/ENFORCEMENT","UNASSESSED","UNASSESSED","Amendment source-derived mechanism; context independent; generation_unit=US-AM-MECH-UNIT-000052; source_construction=US-AM-ATOM-CAND-000053; amendment=26; section=2; child=1/1."
"US-CM-000336","US-AM-ATOM-000121","F7","The Constitution establishes this controlled constitutional transition, effectiveness, repeal, or temporal rule: No law, varying the compensation for the services of the Senators and Representatives, shall take effect, until an election of Representatives shall have intervened.","The constitutional transition, effectiveness, repeal, or temporal effect is not established outside the source-defined trigger, timing, or transition condition.","UNITED-STATES/CONGRESS/COMPENSATION/EFFECTIVE-DELAY","UNASSESSED","UNASSESSED","Amendment source-derived mechanism; context independent; generation_unit=US-AM-MECH-UNIT-000053; source_construction=US-AM-ATOM-CAND-000054; amendment=27; section=; child=1/1."
